addr,name,kind_predicted,branch_callers,pool_callers,total_callers,first_caller
0x0602E888,FUN_0602E888,altentry,0,0,0,
0x0602E89E,FUN_0602E89E,altentry,0,0,0,
0x0602E8B8,FUN_0602E8B8,altentry,0,0,0,
0x0602EA6C,FUN_0602EA6C,altentry,0,0,0,
0x0602EAE2,FUN_0602EAE2,altentry,0,0,0,
0x0602EC96,FUN_0602EC96,altentry,1,0,1,src\race\FUN_0602B22C.s:8222 [branch]
0x0602EDDA,DAT_0602EDDA,sibling-lost,0,1,1,src\race\FUN_0602B22C.s:13891 [pool]
0x0602F036,DAT_0602F036,sibling-lost,0,1,1,src\race\FUN_0602B22C.s:13724 [pool]
0x0602F054,DAT_0602F054,sibling-lost,0,1,1,src\race\FUN_0602B22C.s:13728 [pool]
0x0602F1D4,DAT_0602F1D4,sibling-lost,0,3,3,src\race\FUN_0602B22C.s:2653 [pool]
0x0602F274,FUN_0602F274,altentry,1,0,1,src\race\FUN_0602B22C.s:9066 [branch]
0x0602F30A,FUN_0602F30A,altentry,0,0,0,
0x0602F312,DAT_0602F312,sibling-lost,0,2,2,src\race\FUN_06033DC8.s:899 [pool]
0x0602F322,FUN_0602F322,altentry,1,0,1,src\race\FUN_0602B22C.s:9181 [branch]
0x0602F32A,DAT_0602F32A,sibling-lost,0,1,1,src\race\FUN_0602B22C.s:16025 [pool]
0x0602F332,FUN_0602F332,altentry,0,0,0,
0x0602F500,FUN_0602F500,altentry,0,0,0,
0x0602F564,DAT_0602F564,sibling-lost,0,1,1,src\race\FUN_0602B22C.s:15420 [pool]
0x0602F814,DAT_0602F814,sibling-lost,0,1,1,src\race\FUN_0602B22C.s:1333 [pool]
0x0602FA08,FUN_0602FA08,altentry,0,0,0,
0x0602FA74,FUN_0602FA74,altentry,0,0,0,
0x0602FD44,FUN_0602FD44,altentry,0,0,0,
0x0602FD94,FUN_0602FD94,altentry,0,0,0,
0x06030200,DAT_06030200,unknown,0,1,1,src\race\FUN_0604D380.s:6032 [pool]
0x06030A8E,FUN_06030A8E,altentry,0,0,0,
0x06030BB8,FUN_06030BB8,altentry,0,0,0,
0x06030DAA,DAT_06030DAA,sibling-lost,0,1,1,src\race\FUN_0602B22C.s:13138 [pool]
0x06030E48,FUN_06030E48,altentry,0,0,0,
0x06030F54,FUN_06030F54,altentry,0,0,0,
0x06031B8C,FUN_06031B8C,altentry,0,0,0,
0x06031BCE,DAT_06031BCE,sibling-lost,0,1,1,src\race\FUN_06028000.s:773 [pool]
0x06031C84,DAT_06031C84,sibling-lost,0,1,1,src\race\FUN_06028000.s:278 [pool]
0x06032DDC,FUN_06032DDC,altentry,0,0,0,
0x06033466,FUN_06033466,altentry,0,0,0,
0x060335B4,DAT_060335B4,sibling-lost,0,1,1,src\race\FUN_06028000.s:1532 [pool]
0x06033656,DAT_06033656,sibling-lost,0,1,1,src\race\FUN_06028000.s:922 [pool]
0x060336FA,DAT_060336FA,sibling-lost,0,1,1,src\race\FUN_06028000.s:2943 [pool]
0x06033B62,DAT_06033B62,sibling-lost,0,1,1,src\race\FUN_06028000.s:2308 [pool]
0x06033BD8,FUN_06033BD8,altentry,0,0,0,
0x06034600,DAT_06034600,sibling-lost,0,1,1,src\race\FUN_06028000.s:296 [pool]
0x0603468E,DAT_0603468E,sibling-lost,0,1,1,src\race\FUN_06028000.s:2727 [pool]
0x06034A56,DAT_06034A56,sibling-lost,0,1,1,src\race\FUN_06028000.s:268 [pool]
0x06034BDC,FUN_06034BDC,altentry,0,0,0,
0x06034BE0,FUN_06034BE0,altentry,0,0,0,
0x06035314,DAT_06035314,data,0,1,1,src\race\FUN_060351CC.s:195 [pool]
0x06036608,FUN_06036608,altentry,1,0,1,src\race\FUN_060351CC.s:4870 [branch]
0x06036770,FUN_06036770,altentry,0,0,0,
0x06036E14,FUN_06036E14,altentry,1,0,1,src\race\FUN_060351CC.s:4872 [branch]
0x0603726C,DAT_0603726C,data,0,1,1,src\race\FUN_060351CC.s:4851 [pool]
0x06037364,DAT_06037364,sibling-lost,0,1,1,src\race\FUN_060351CC.s:4327 [pool]
0x0603740E,DAT_0603740E,sibling-lost,0,2,2,src\race\FUN_060351CC.s:4208 [pool]
0x06037442,DAT_06037442,sibling-lost,0,2,2,src\race\FUN_060351CC.s:4236 [pool]
0x060375F6,DAT_060375F6,data,0,2,2,src\race\FUN_060351CC.s:4335 [pool]
0x06037D94,DAT_06037D94,data,0,1,1,src\race\FUN_060351CC.s:6113 [pool]
0x06037DB8,DAT_06037DB8,data,0,1,1,src\race\FUN_060351CC.s:6115 [pool]
0x06037DDC,DAT_06037DDC,data,0,1,1,src\race\FUN_060351CC.s:6366 [pool]
0x06037E00,DAT_06037E00,data,0,1,1,src\race\FUN_060351CC.s:6368 [pool]
0x06037E24,DAT_06037E24,data,0,5,5,src\race\FUN_060351CC.s:5437 [pool]
0x06038202,FUN_06038202,altentry,1,0,1,src\race\FUN_060351CC.s:4869 [branch]
0x0603833C,FUN_0603833C,altentry,1,0,1,src\race\FUN_060351CC.s:7641 [branch]
0x06039204,FUN_06039204,altentry,0,0,0,
0x0603AF00,DAT_0603AF00,sibling-lost,0,1,1,src\race\FUN_060351CC.s:10010 [pool]
0x0603AF0C,FUN_0603AF0C,altentry,0,0,0,
0x0603AF38,FUN_0603AF38,altentry,0,0,0,
0x0603B6F8,DAT_0603B6F8,data,0,4,4,src\race\FUN_060351CC.s:12826 [pool]
0x0603BC78,FUN_0603BC78,altentry,0,0,0,
0x0603C344,FUN_0603C344,altentry,0,0,0,
0x0603C478,FUN_0603C478,altentry,0,0,0,
0x0603C7A4,FUN_0603C7A4,altentry,0,0,0,
0x0603C970,FUN_0603C970,altentry,0,0,0,
0x0603D704,FUN_0603D704,altentry,0,0,0,
0x0603E394,DAT_0603E394,sibling-lost,0,2,2,src\race\FUN_0603C304.s:4298 [pool]
0x0603E788,FUN_0603E788,altentry,0,0,0,
0x0603E928,FUN_0603E928,altentry,0,0,0,
0x0603EA80,FUN_0603EA80,altentry,0,0,0,
0x0603EDA6,FUN_0603EDA6,altentry,0,0,0,
0x0603F132,DAT_0603F132,sibling-lost,0,2,2,src\race\FUN_0603C304.s:730 [pool]
0x0603F33C,DAT_0603F33C,sibling-lost,0,1,1,src\race\FUN_0603C304.s:7117 [pool]
0x0603F4BE,DAT_0603F4BE,sibling-lost,0,4,4,src\race\FUN_060351CC.s:12994 [pool]
0x0603FA32,FUN_0603FA32,altentry,0,0,0,
0x0603FBFE,FUN_0603FBFE,altentry,0,0,0,
0x0603FCF4,FUN_0603FCF4,altentry,0,0,0,
0x0603FD0C,FUN_0603FD0C,altentry,0,0,0,
0x0603FF92,FUN_0603FF92,altentry,0,0,0,
0x06040020,FUN_06040020,altentry,0,0,0,
0x06040074,FUN_06040074,altentry,0,0,0,
0x060400B6,FUN_060400B6,altentry,0,0,0,
0x060405CC,DAT_060405CC,sibling-lost,0,1,1,src\race\FUN_06029A78.s:264 [pool]
0x06040634,DAT_06040634,unknown,0,2,2,src\race\FUN_06029A78.s:270 [pool]
0x06040B50,DAT_06040B50,data,0,1,1,src\race\FUN_0604025C.s:601 [pool]
0x06040B60,DAT_06040B60,sibling-lost,0,1,1,src\race\FUN_0604025C.s:1254 [pool]
0x06040B6C,DAT_06040B6C,sibling-lost,0,1,1,src\race\FUN_0604025C.s:1255 [pool]
0x06040B7C,DAT_06040B7C,sibling-lost,0,1,1,src\race\FUN_0604025C.s:1256 [pool]
0x06040DA8,DAT_06040DA8,sibling-lost,0,1,1,src\race\FUN_0604025C.s:1870 [pool]
0x06040DEC,FUN_06040DEC,altentry,0,0,0,
0x06040E4C,FUN_06040E4C,altentry,0,0,0,
0x06040EA0,FUN_06040EA0,altentry,0,0,0,
0x060429D6,FUN_060429D6,altentry,0,0,0,
0x06042B7E,FUN_06042B7E,altentry,0,0,0,
0x06042C70,FUN_06042C70,altentry,0,0,0,
0x06043588,DAT_06043588,unknown,0,1,1,src\race\FUN_0604025C.s:2737 [pool]
0x06043A64,DAT_06043A64,data,0,1,1,src\race\FUN_0604D380.s:7576 [pool]
0x06043A74,DAT_06043A74,data,0,1,1,src\race\FUN_0604D380.s:7581 [pool]
0x06043A84,DAT_06043A84,data,0,1,1,src\race\FUN_0604D380.s:7586 [pool]
0x06043A94,DAT_06043A94,data,0,1,1,src\race\FUN_0604D380.s:7591 [pool]
0x06043AA4,DAT_06043AA4,data,0,1,1,src\race\FUN_0604D380.s:7596 [pool]
0x06043AB4,DAT_06043AB4,data,0,1,1,src\race\FUN_0604D380.s:7601 [pool]
0x06043AC4,DAT_06043AC4,data,0,1,1,src\race\FUN_0604D380.s:7606 [pool]
0x06043AD4,DAT_06043AD4,data,0,1,1,src\race\FUN_0604D380.s:7611 [pool]
0x06043AE4,DAT_06043AE4,data,0,1,1,src\race\FUN_0604D380.s:7616 [pool]
0x06043AF4,DAT_06043AF4,data,0,1,1,src\race\FUN_0604D380.s:7621 [pool]
0x06043B88,DAT_06043B88,data,0,1,1,src\race\FUN_06042C64.s:192 [pool]
0x06043B8E,DAT_06043B8E,data,0,2,2,src\race\FUN_06042C64.s:70 [pool]
0x06044060,FUN_06044060,altentry,0,1,1,src\race\FUN_06042DC4.s:895 [pool]
0x06044660,DAT_06044660,sibling-lost,0,1,1,src\race\FUN_06032E44.s:595 [pool]
0x0604469E,DAT_0604469E,sibling-lost,0,1,1,src\race\FUN_06028000.s:2256 [pool]
0x06044ADA,FUN_06044ADA,altentry,0,0,0,
0x06044DF0,DAT_06044DF0,sibling-lost,0,3,3,src\race\FUN_06029D8C.s:763 [pool]
0x06044F14,DAT_06044F14,sibling-lost,0,1,1,src\race\FUN_0604025C.s:1884 [pool]
0x06045006,FUN_06045006,altentry,1,17,18,src\race\FUN_06044060.s:2479 [branch]
0x0604507E,FUN_0604507E,altentry,1,28,29,src\race\FUN_06044060.s:2482 [branch]
0x060450F2,FUN_060450F2,altentry,1,19,20,src\race\FUN_06044060.s:2476 [branch]
0x06045154,DAT_06045154,sibling-lost,0,1,1,src\race\FUN_0604025C.s:1707 [pool]
0x060451BE,FUN_060451BE,altentry,1,0,1,src\race\FUN_06044060.s:2456 [branch]
0x060451FA,FUN_060451FA,altentry,0,0,0,
0x0604521A,FUN_0604521A,altentry,0,0,0,
0x0604523A,FUN_0604523A,altentry,0,0,0,
0x060453EC,DAT_060453EC,data,0,2,2,src\race\FUN_06044060.s:2757 [pool]
0x060454AC,DAT_060454AC,data,0,2,2,src\race\FUN_06044060.s:2753 [pool]
0x060457A8,DAT_060457A8,unknown,0,4,4,src\race\FUN_0604025C.s:1262 [pool]
0x060457DC,DAT_060457DC,unknown,2,24,26,src\race\FUN_06029D8C.s:495 [pool]
0x06045858,FUN_06045858,altentry,0,0,0,
0x0604585C,FUN_0604585C,altentry,0,0,0,
0x060458DA,FUN_060458DA,altentry,0,0,0,
0x060458DE,FUN_060458DE,altentry,0,0,0,
0x06045958,DAT_06045958,unknown,0,16,16,src\race\FUN_06029D8C.s:479 [pool]
0x0604669E,FUN_0604669E,altentry,0,0,0,
0x060466A0,FUN_060466A0,altentry,0,0,0,
0x060467B0,DAT_060467B0,unknown,0,1,1,src\race\FUN_06043934.s:51 [pool]
0x060467B2,FUN_060467B2,altentry,0,0,0,
0x060467B4,FUN_060467B4,altentry,0,0,0,
0x0604680E,DAT_0604680E,altentry,0,1,1,src\race\FUN_06044060.s:4376 [pool]
0x060468AE,FUN_060468AE,altentry,0,0,0,
0x060468B0,FUN_060468B0,altentry,0,0,0,
0x06046A20,FUN_06046A20,altentry,1,0,1,src\race\FUN_06044060.s:4083 [branch]
0x060479FC,DAT_060479FC,data,0,1,1,src\race\FUN_06044060.s:8606 [pool]
0x06047A6C,DAT_06047A6C,data,0,1,1,src\race\FUN_06044060.s:8608 [pool]
0x06047A78,DAT_06047A78,data,0,1,1,src\race\FUN_06044060.s:8612 [pool]
0x06047C64,DAT_06047C64,sibling-lost,0,1,1,src\race\FUN_06044060.s:2564 [pool]
0x06047C68,DAT_06047C68,sibling-lost,0,1,1,src\race\FUN_06044060.s:2562 [pool]
0x06047D50,DAT_06047D50,sibling-lost,0,1,1,src\race\FUN_06043748.s:109 [pool]
0x06047EA8,FUN_06047EA8,altentry,0,0,0,
0x06048010,DAT_06048010,sibling-lost,0,1,1,src\race\FUN_0604C76C.s:37 [pool]
0x06048248,DAT_06048248,sibling-lost,0,1,1,src\race\FUN_06028000.s:2284 [pool]
0x06048254,DAT_06048254,sibling-lost,0,1,1,src\race\FUN_06028000.s:2288 [pool]
0x0604833C,DAT_0604833C,data,0,7,7,src\race\FUN_06044060.s:2272 [pool]
0x0604833E,DAT_0604833E,data,0,1,1,src\race\FUN_06044060.s:9086 [pool]
0x0604C33C,DAT_0604C33C,data,0,1,1,src\race\FUN_06047DF0.s:143 [pool]
0x0604C740,DAT_0604C740,data,0,1,1,src\race\FUN_0604C76C.s:93 [pool]
0x0604C76C,FUN_0604C76C,altentry,0,0,0,
0x0604C96A,DAT_0604C96A,sibling-lost,0,1,1,src\race\FUN_0604C76C.s:322 [pool]
0x0604C96E,DAT_0604C96E,sibling-lost,0,1,1,src\race\FUN_0604C76C.s:321 [pool]
0x0604C972,DAT_0604C972,sibling-lost,0,1,1,src\race\FUN_0604C76C.s:320 [pool]
0x0604C976,DAT_0604C976,sibling-lost,0,1,1,src\race\FUN_0604C76C.s:319 [pool]
0x0604C97A,DAT_0604C97A,sibling-lost,0,1,1,src\race\FUN_0604C76C.s:318 [pool]
0x0604C97E,DAT_0604C97E,sibling-lost,0,1,1,src\race\FUN_0604C76C.s:317 [pool]
0x0604C982,DAT_0604C982,sibling-lost,0,1,1,src\race\FUN_0604C76C.s:316 [pool]
0x0604C986,DAT_0604C986,sibling-lost,0,1,1,src\race\FUN_0604C76C.s:315 [pool]
0x0604C98A,DAT_0604C98A,sibling-lost,0,1,1,src\race\FUN_0604C76C.s:314 [pool]
0x0604C98E,DAT_0604C98E,sibling-lost,0,1,1,src\race\FUN_0604C76C.s:313 [pool]
0x0604C992,DAT_0604C992,sibling-lost,0,1,1,src\race\FUN_0604C76C.s:312 [pool]
0x0604C996,DAT_0604C996,sibling-lost,0,1,1,src\race\FUN_0604C76C.s:311 [pool]
0x0604C99A,DAT_0604C99A,sibling-lost,0,1,1,src\race\FUN_0604C76C.s:310 [pool]
0x0604C99E,DAT_0604C99E,sibling-lost,0,1,1,src\race\FUN_0604C76C.s:309 [pool]
0x0604C9A2,DAT_0604C9A2,sibling-lost,0,1,1,src\race\FUN_0604C76C.s:308 [pool]
0x0604C9A6,DAT_0604C9A6,sibling-lost,0,1,1,src\race\FUN_0604C76C.s:307 [pool]
0x0604C9AA,DAT_0604C9AA,sibling-lost,0,1,1,src\race\FUN_0604C76C.s:306 [pool]
0x0604C9B0,DAT_0604C9B0,data,0,1,1,src\race\FUN_0604C76C.s:269 [pool]
0x0604CA34,DAT_0604CA34,sibling-lost,0,4,4,src\race\FUN_06028000.s:1502 [pool]
0x0604CA5E,DAT_0604CA5E,sibling-lost,0,1,1,src\race\FUN_0604C76C.s:372 [pool]
0x0604CBA4,DAT_0604CBA4,sibling-lost,0,1,1,src\race\FUN_0602B22C.s:8279 [pool]
0x0604D0F4,FUN_0604D0F4,altentry,2,0,2,src\race\FUN_0604C76C.s:1148 [branch]
0x0604D158,DAT_0604D158,data,0,1,1,src\race\FUN_0602B22C.s:605 [pool]
0x0604D16C,DAT_0604D16C,data,0,1,1,src\race\FUN_0602B22C.s:8492 [pool]
0x0604D174,DAT_0604D174,data,0,1,1,src\race\FUN_0602B22C.s:8860 [pool]
0x0604D180,DAT_0604D180,data,0,1,1,src\race\FUN_0602B22C.s:8880 [pool]
0x0604D190,DAT_0604D190,data,0,1,1,src\race\FUN_0602B22C.s:9245 [pool]
0x0604D1CC,DAT_0604D1CC,data,0,2,2,src\race\FUN_060351CC.s:397 [pool]
0x0604D204,DAT_0604D204,data,0,1,1,src\race\FUN_060351CC.s:389 [pool]
0x0604D220,DAT_0604D220,data,0,1,1,src\race\FUN_060351CC.s:379 [pool]
0x0604D22E,DAT_0604D22E,data,0,1,1,src\race\FUN_060351CC.s:381 [pool]
0x0604D23C,DAT_0604D23C,data,0,1,1,src\race\FUN_060351CC.s:383 [pool]
0x0604D24A,DAT_0604D24A,data,0,1,1,src\race\FUN_060351CC.s:385 [pool]
0x0604D258,DAT_0604D258,data,0,1,1,src\race\FUN_060351CC.s:387 [pool]
0x0604D268,DAT_0604D268,data,0,1,1,src\race\FUN_060351CC.s:395 [pool]
0x0604D2A0,DAT_0604D2A0,data,0,1,1,src\race\FUN_060351CC.s:401 [pool]
0x0604D310,DAT_0604D310,data,0,1,1,src\race\FUN_060351CC.s:403 [pool]
0x0604D780,DAT_0604D780,data,0,2,2,src\race\FUN_0604D380.s:53 [pool]
0x0604DA40,FUN_0604DA40,altentry,1,0,1,src\race\FUN_0604D380.s:2487 [branch]
0x0604DA60,FUN_0604DA60,altentry,1,0,1,src\race\FUN_0604D380.s:2992 [branch]
0x0604DAB8,DAT_0604DAB8,data,0,2,2,src\race\FUN_0604D380.s:840 [pool]
0x0604DEFE,FUN_0604DEFE,altentry,0,0,0,
0x0604DF02,FUN_0604DF02,altentry,0,0,0,
0x0604DF12,FUN_0604DF12,altentry,1,0,1,src\race\FUN_0604D380.s:2046 [branch]
0x0604DF58,FUN_0604DF58,altentry,1,0,1,src\race\FUN_0604D380.s:2483 [branch]
0x0604E040,FUN_0604E040,altentry,0,0,0,
0x0604E078,FUN_0604E078,altentry,1,0,1,src\race\FUN_0604D380.s:3926 [branch]
0x0604E09A,FUN_0604E09A,altentry,0,0,0,
0x0604E0BC,FUN_0604E0BC,altentry,0,0,0,
0x0604E0F6,FUN_0604E0F6,altentry,0,0,0,
0x0604E138,DAT_0604E138,data,0,2,2,src\race\FUN_0604D380.s:1852 [pool]
0x0604E144,DAT_0604E144,data,0,1,1,src\race\FUN_060351CC.s:3404 [pool]
0x0604E1C4,DAT_0604E1C4,data,0,1,1,src\race\FUN_060351CC.s:3978 [pool]
0x0604E1DC,DAT_0604E1DC,data,0,2,2,src\race\FUN_06029D8C.s:1895 [pool]
0x0604E1F0,DAT_0604E1F0,data,0,1,1,src\race\FUN_0604D380.s:5337 [pool]
0x0604E200,DAT_0604E200,data,0,1,1,src\race\FUN_0604D380.s:5345 [pool]
0x0604E210,DAT_0604E210,data,0,1,1,src\race\FUN_0604D380.s:5353 [pool]
0x0604E220,DAT_0604E220,data,0,1,1,src\race\FUN_0604D380.s:5361 [pool]
0x0604E230,DAT_0604E230,data,0,1,1,src\race\FUN_0604D380.s:5369 [pool]
0x0604E240,DAT_0604E240,data,0,1,1,src\race\FUN_0604D380.s:5341 [pool]
0x0604E2A0,DAT_0604E2A0,data,0,1,1,src\race\FUN_0604D380.s:5344 [pool]
0x0604E340,DAT_0604E340,data,0,1,1,src\race\FUN_0604D380.s:5349 [pool]
0x0604E3D8,DAT_0604E3D8,data,0,1,1,src\race\FUN_0604D380.s:5352 [pool]
0x0604E4E8,DAT_0604E4E8,data,0,1,1,src\race\FUN_0604D380.s:5357 [pool]
0x0604E630,DAT_0604E630,data,0,1,1,src\race\FUN_0604D380.s:5360 [pool]
0x0604E8A0,DAT_0604E8A0,data,0,1,1,src\race\FUN_0604D380.s:5365 [pool]
0x0604E930,DAT_0604E930,data,0,1,1,src\race\FUN_0604D380.s:5368 [pool]
0x0604EA30,DAT_0604EA30,data,0,1,1,src\race\FUN_0604D380.s:5373 [pool]
0x0604EAE8,DAT_0604EAE8,data,0,1,1,src\race\FUN_0604D380.s:5376 [pool]
0x0604EC38,DAT_0604EC38,data,0,1,1,src\race\FUN_0603B6FC.s:175 [pool]
0x0604EC4C,DAT_0604EC4C,data,0,1,1,src\race\FUN_0604025C.s:171 [pool]
0x0604EC50,DAT_0604EC50,data,0,1,1,src\race\FUN_0604025C.s:169 [pool]
0x0604EC54,DAT_0604EC54,data,0,1,1,src\race\FUN_0604025C.s:2132 [pool]
0x0604EC56,DAT_0604EC56,data,0,1,1,src\race\FUN_0604025C.s:2124 [pool]
0x0604EC5F,DAT_0604EC5F,data,0,1,1,src\race\FUN_0604025C.s:2136 [pool]
0x0604EC61,DAT_0604EC61,data,0,1,1,src\race\FUN_0604025C.s:2126 [pool]
0x0604EC6C,DAT_0604EC6C,data,0,1,1,src\race\FUN_0604256C.s:116 [pool]
0x0604EC70,DAT_0604EC70,data,0,1,1,src\race\FUN_0604256C.s:124 [pool]
0x0604EC94,DAT_0604EC94,data,0,1,1,src\race\FUN_06042DC4.s:202 [pool]
0x0604ECA0,DAT_0604ECA0,data,0,1,1,src\race\FUN_0604D380.s:3525 [pool]
0x0604ECAD,DAT_0604ECAD,data,0,1,1,src\race\FUN_0604D380.s:3526 [pool]
0x0604ECBA,DAT_0604ECBA,data,0,1,1,src\race\FUN_0604D380.s:3527 [pool]
0x0604ECC8,DAT_0604ECC8,data,0,1,1,src\race\FUN_06042DC4.s:204 [pool]
0x0604ECE0,DAT_0604ECE0,data,0,1,1,src\race\FUN_06028000.s:2441 [pool]
0x0604ECEA,DAT_0604ECEA,data,0,1,1,src\race\FUN_06028000.s:2937 [pool]
0x0604ECF0,DAT_0604ECF0,data,0,1,1,src\race\FUN_06028000.s:2745 [pool]
0x0604ECFC,DAT_0604ECFC,data,0,1,1,src\race\FUN_06028000.s:2747 [pool]
0x0604ED08,DAT_0604ED08,data,0,1,1,src\race\FUN_06028000.s:2749 [pool]
0x0604ED14,DAT_0604ED14,data,0,1,1,src\race\FUN_06028000.s:2757 [pool]
0x0604ED20,DAT_0604ED20,data,0,2,2,src\race\FUN_06029810.s:163 [pool]
0x0604ED34,DAT_0604ED34,data,0,1,1,src\race\FUN_06029810.s:175 [pool]
0x0604ED5C,DAT_0604ED5C,data,0,1,1,src\race\FUN_06029810.s:179 [pool]
0x0604ED62,DAT_0604ED62,data,0,1,1,src\race\FUN_06029810.s:171 [pool]
0x0604ED6C,DAT_0604ED6C,data,0,1,1,src\race\FUN_06029810.s:173 [pool]
0x0604ED78,DAT_0604ED78,data,0,1,1,src\race\FUN_06029D8C.s:1899 [pool]
0x0604EDC8,DAT_0604EDC8,data,0,2,2,src\race\FUN_06029D8C.s:753 [pool]
0x0604EDE0,DAT_0604EDE0,data,0,1,1,src\race\FUN_0604C76C.s:1363 [pool]
0x0604EE28,DAT_0604EE28,data,0,1,1,src\race\FUN_0604C76C.s:1364 [pool]
0x0604EE58,DAT_0604EE58,data,0,1,1,src\race\FUN_0604C76C.s:1365 [pool]
0x0604EE78,DAT_0604EE78,data,0,1,1,src\race\FUN_0604C76C.s:1366 [pool]
0x0604EEC0,DAT_0604EEC0,data,0,1,1,src\race\FUN_0604C76C.s:1367 [pool]
0x0604EF08,DAT_0604EF08,data,0,6,6,src\race\FUN_0602B22C.s:611 [pool]
0x0604EF2B,DAT_0604EF2B,data,0,1,1,src\race\FUN_0602B22C.s:301 [pool]
0x0604EF4E,DAT_0604EF4E,data,0,1,1,src\race\FUN_0602B22C.s:139 [pool]
0x0604EFA8,DAT_0604EFA8,data,0,1,1,src\race\FUN_0602B22C.s:643 [pool]
0x0604EFAD,DAT_0604EFAD,data,0,1,1,src\race\FUN_0602B22C.s:647 [pool]
0x0604EFB2,DAT_0604EFB2,data,0,2,2,src\race\FUN_0602B22C.s:800 [pool]
0x0604EFF0,DAT_0604EFF0,data,0,1,1,src\race\FUN_0602B22C.s:3845 [pool]
0x0604EFFA,DAT_0604EFFA,data,0,1,1,src\race\FUN_0602B22C.s:5138 [pool]
0x0604F000,DAT_0604F000,data,0,1,1,src\race\FUN_0602B22C.s:9239 [pool]
0x0604F028,DAT_0604F028,data,0,1,1,src\race\FUN_0602B22C.s:10590 [pool]
0x0604F050,DAT_0604F050,data,0,1,1,src\race\FUN_0602B22C.s:10594 [pool]
0x0604F078,DAT_0604F078,data,0,1,1,src\race\FUN_0602B22C.s:10596 [pool]
0x0604F0A0,DAT_0604F0A0,data,0,3,3,src\race\FUN_0602B22C.s:11129 [pool]
0x0604F0C0,DAT_0604F0C0,data,0,1,1,src\race\FUN_0602B22C.s:12094 [pool]
0x0604F0D0,DAT_0604F0D0,data,0,3,3,src\race\FUN_0602B22C.s:11127 [pool]
0x0604F0D8,DAT_0604F0D8,data,0,1,1,src\race\FUN_0602B22C.s:11742 [pool]
0x0604F128,DAT_0604F128,data,0,1,1,src\race\FUN_0602B22C.s:11744 [pool]
0x0604F12C,DAT_0604F12C,data,0,1,1,src\race\FUN_0602B22C.s:11754 [pool]
0x0604F164,DAT_0604F164,data,0,1,1,src\race\FUN_0602B22C.s:11752 [pool]
0x0604F168,DAT_0604F168,data,0,1,1,src\race\FUN_0602B22C.s:11750 [pool]
0x0604F180,DAT_0604F180,data,0,1,1,src\race\FUN_0602B22C.s:11748 [pool]
0x0604F184,DAT_0604F184,data,0,1,1,src\race\FUN_0602B22C.s:11758 [pool]
0x0604F1C4,DAT_0604F1C4,data,0,1,1,src\race\FUN_0602B22C.s:11756 [pool]
0x0604F1C8,DAT_0604F1C8,data,0,1,1,src\race\FUN_0602B22C.s:11762 [pool]
0x0604F1E0,DAT_0604F1E0,data,0,1,1,src\race\FUN_0602B22C.s:11760 [pool]
0x0604F1E4,DAT_0604F1E4,data,0,1,1,src\race\FUN_0602B22C.s:11766 [pool]
0x0604F214,DAT_0604F214,data,0,1,1,src\race\FUN_0602B22C.s:11764 [pool]
0x0604F218,DAT_0604F218,data,0,1,1,src\race\FUN_0602B22C.s:12106 [pool]
0x0604F238,DAT_0604F238,data,0,1,1,src\race\FUN_0602B22C.s:12104 [pool]
0x0604F23C,DAT_0604F23C,data,0,1,1,src\race\FUN_0602B22C.s:12229 [pool]
0x0604F2AC,DAT_0604F2AC,data,0,1,1,src\race\FUN_0602B22C.s:12227 [pool]
0x0604F2AE,DAT_0604F2AE,data,0,1,1,src\race\FUN_0602B22C.s:12237 [pool]
0x0604F2B0,DAT_0604F2B0,data,0,1,1,src\race\FUN_0602B22C.s:12110 [pool]
0x0604F2D0,DAT_0604F2D0,data,0,1,1,src\race\FUN_0602B22C.s:12108 [pool]
0x0604F2D4,DAT_0604F2D4,data,0,1,1,src\race\FUN_0602B22C.s:12233 [pool]
0x0604F344,DAT_0604F344,data,0,1,1,src\race\FUN_0602B22C.s:12231 [pool]
0x0604F348,DAT_0604F348,data,0,1,1,src\race\FUN_0602B22C.s:12243 [pool]
0x0604F370,DAT_0604F370,data,0,1,1,src\race\FUN_0602B22C.s:12241 [pool]
0x0604F374,DAT_0604F374,data,0,1,1,src\race\FUN_0602B22C.s:12247 [pool]
0x0604F39C,DAT_0604F39C,data,0,1,1,src\race\FUN_0602B22C.s:12245 [pool]
0x0604F3A0,DAT_0604F3A0,data,0,1,1,src\race\FUN_0602B22C.s:12274 [pool]
0x0604F3B8,DAT_0604F3B8,data,0,1,1,src\race\FUN_0602B22C.s:12272 [pool]
0x0604F3BC,DAT_0604F3BC,data,0,1,1,src\race\FUN_0602B22C.s:12758 [pool]
0x0604F3C5,DAT_0604F3C5,data,0,1,1,src\race\FUN_0602B22C.s:12770 [pool]
0x0604F3CE,DAT_0604F3CE,data,0,1,1,src\race\FUN_0602B22C.s:13110 [pool]
0x0604F3D8,DAT_0604F3D8,data,0,1,1,src\race\FUN_0602B22C.s:13150 [pool]
0x0604F3E4,DAT_0604F3E4,data,0,1,1,src\race\FUN_0602B22C.s:13158 [pool]
0x0604F3F4,DAT_0604F3F4,data,0,1,1,src\race\FUN_0602B22C.s:13586 [pool]
0x0604F3F7,DAT_0604F3F7,data,0,1,1,src\race\FUN_0602B22C.s:13580 [pool]
0x0604F3F8,DAT_0604F3F8,data,0,1,1,src\race\FUN_0602B22C.s:13740 [pool]
0x0604F3FC,DAT_0604F3FC,data,0,1,1,src\race\FUN_0602B22C.s:13994 [pool]
0x0604F44C,DAT_0604F44C,data,0,1,1,src\race\FUN_0602B22C.s:14158 [pool]
0x0604F49C,DAT_0604F49C,data,0,1,1,src\race\FUN_0602B22C.s:14663 [pool]
0x0604F4B0,DAT_0604F4B0,data,0,1,1,src\race\FUN_0602B22C.s:15224 [pool]
0x0604F4B6,DAT_0604F4B6,data,0,1,1,src\race\FUN_0602B22C.s:16029 [pool]
0x0604F4C8,DAT_0604F4C8,data,0,1,1,src\race\FUN_0602B22C.s:15828 [pool]
0x0604F4D4,DAT_0604F4D4,data,0,1,1,src\race\FUN_060324E8.s:210 [pool]
0x0604F4E4,DAT_0604F4E4,data,0,1,1,src\race\FUN_060324E8.s:520 [pool]
0x0604F4F4,DAT_0604F4F4,data,0,1,1,src\race\FUN_060324E8.s:212 [pool]
0x0604F504,DAT_0604F504,data,0,1,1,src\race\FUN_060324E8.s:575 [pool]
0x0604F50C,DAT_0604F50C,data,0,1,1,src\race\FUN_06032E44.s:153 [pool]
0x0604F518,DAT_0604F518,data,0,1,1,src\race\FUN_06032E44.s:1631 [pool]
0x0604F524,DAT_0604F524,data,0,1,1,src\race\FUN_06032E44.s:1633 [pool]
0x0604F52E,DAT_0604F52E,data,0,1,1,src\race\FUN_06032E44.s:1705 [pool]
0x0604F53A,DAT_0604F53A,data,0,1,1,src\race\FUN_06032E44.s:1707 [pool]
0x0604F544,DAT_0604F544,data,0,1,1,src\race\FUN_06032E44.s:1709 [pool]
0x0604F54E,DAT_0604F54E,data,0,1,1,src\race\FUN_06032E44.s:1985 [pool]
0x0604F55A,DAT_0604F55A,data,0,1,1,src\race\FUN_06032E44.s:1991 [pool]
0x0604F568,DAT_0604F568,data,0,1,1,src\race\FUN_06032E44.s:1997 [pool]
0x0604F575,DAT_0604F575,data,0,1,1,src\race\FUN_06032E44.s:1999 [pool]
0x0604F57C,DAT_0604F57C,data,0,1,1,src\race\FUN_06032E44.s:2003 [pool]
0x0604F588,DAT_0604F588,data,0,1,1,src\race\FUN_06032E44.s:2007 [pool]
0x0604F594,DAT_0604F594,data,0,1,1,src\race\FUN_06032E44.s:2009 [pool]
0x0604F5A0,DAT_0604F5A0,data,0,1,1,src\race\FUN_06032E44.s:2011 [pool]
0x0604F5AC,DAT_0604F5AC,data,0,1,1,src\race\FUN_06032E44.s:2013 [pool]
0x0604F5B8,DAT_0604F5B8,data,0,1,1,src\race\FUN_06032E44.s:2015 [pool]
0x0604F5C4,DAT_0604F5C4,data,0,1,1,src\race\FUN_06032E44.s:2017 [pool]
0x0604F5D0,DAT_0604F5D0,data,0,1,1,src\race\FUN_06032E44.s:2019 [pool]
0x0604F5DC,DAT_0604F5DC,data,0,1,1,src\race\FUN_06032E44.s:2021 [pool]
0x0604F5E4,DAT_0604F5E4,data,0,1,1,src\race\FUN_06032E44.s:2023 [pool]
0x0604F5F4,DAT_0604F5F4,data,0,1,1,src\race\FUN_06032E44.s:2025 [pool]
0x0604F604,DAT_0604F604,data,0,1,1,src\race\FUN_06032E44.s:2027 [pool]
0x0604F614,DAT_0604F614,data,0,1,1,src\race\FUN_06032E44.s:2029 [pool]
0x0604F624,DAT_0604F624,data,0,1,1,src\race\FUN_06032E44.s:2031 [pool]
0x0604F630,DAT_0604F630,data,0,1,1,src\race\FUN_06032E44.s:2033 [pool]
0x0604F63C,DAT_0604F63C,data,0,1,1,src\race\FUN_06032E44.s:2189 [pool]
0x0604F64C,DAT_0604F64C,data,0,1,1,src\race\FUN_06032E44.s:2191 [pool]
0x0604F65C,DAT_0604F65C,data,0,1,1,src\race\FUN_06032E44.s:2193 [pool]
0x0604F668,DAT_0604F668,data,0,1,1,src\race\FUN_06032E44.s:2195 [pool]
0x0604F678,DAT_0604F678,data,0,1,1,src\race\FUN_06033DC8.s:1716 [pool]
0x0604F684,DAT_0604F684,sibling-lost,0,1,1,src\race\FUN_0602B22C.s:8470 [pool]
0x0604F6A2,DAT_0604F6A2,data,0,1,1,src\race\FUN_0602B22C.s:8476 [pool]
0x0604F7E4,DAT_0604F7E4,data,0,3,3,src\race\FUN_06033DC8.s:2621 [pool]
0x0604F85C,DAT_0604F85C,data,0,1,1,src\race\FUN_06033DC8.s:2797 [pool]
0x0604F870,DAT_0604F870,data,0,1,1,src\race\FUN_06033DC8.s:2437 [pool]
0x0604F99C,DAT_0604F99C,data,0,1,1,src\race\FUN_060351CC.s:8739 [pool]
0x0604F9AC,DAT_0604F9AC,data,0,1,1,src\race\FUN_060351CC.s:8737 [pool]
0x0604F9B4,DAT_0604F9B4,data,0,1,1,src\race\FUN_060351CC.s:8574 [pool]
0x0604F9BC,DAT_0604F9BC,data,0,4,4,src\race\FUN_060351CC.s:7665 [pool]
0x0604F9D0,DAT_0604F9D0,data,0,1,1,src\race\FUN_060351CC.s:9457 [pool]
0x0604F9F8,DAT_0604F9F8,data,0,1,1,src\race\FUN_060351CC.s:10942 [pool]
0x0604FA48,DAT_0604FA48,data,0,1,1,src\race\FUN_060351CC.s:11749 [pool]
0x0604FA98,DAT_0604FA98,data,0,1,1,src\race\FUN_060351CC.s:12040 [pool]
0x0604FAD4,DAT_0604FAD4,data,0,2,2,src\race\FUN_060351CC.s:11755 [pool]
0x0604FADE,DAT_0604FADE,data,0,1,1,src\race\FUN_060351CC.s:12038 [pool]
0x0604FAE8,DAT_0604FAE8,data,0,1,1,src\race\FUN_0604D380.s:5338 [pool]
0x0604FAF0,DAT_0604FAF0,data,0,1,1,src\race\FUN_0604D380.s:5346 [pool]
0x0604FAF8,DAT_0604FAF8,data,0,1,1,src\race\FUN_0604D380.s:5354 [pool]
0x0604FB00,DAT_0604FB00,data,0,1,1,src\race\FUN_0604D380.s:5362 [pool]
0x0604FB08,DAT_0604FB08,data,0,1,1,src\race\FUN_0604D380.s:5370 [pool]
0x0604FB10,DAT_0604FB10,data,0,1,1,src\race\FUN_0604D380.s:3468 [pool]
0x0604FB28,DAT_0604FB28,data,0,1,1,src\race\FUN_0604D380.s:3469 [pool]
0x0604FB40,DAT_0604FB40,data,0,1,1,src\race\FUN_0604D380.s:3470 [pool]
0x0604FB58,DAT_0604FB58,data,0,1,1,src\race\FUN_0604D380.s:3471 [pool]
0x0604FB70,DAT_0604FB70,data,0,1,1,src\race\FUN_0604D380.s:3472 [pool]
0x0604FB88,DAT_0604FB88,data,0,1,1,src\race\FUN_0603B940.s:1096 [pool]
0x0604FE5C,DAT_0604FE5C,data,0,2,2,src\race\FUN_0603C304.s:1257 [pool]
0x0604FE64,DAT_0604FE64,data,0,1,1,src\race\FUN_0604D380.s:6139 [pool]
0x0604FF4E,DAT_0604FF4E,data,0,1,1,src\race\FUN_0604D380.s:6158 [pool]
0x0604FFC0,DAT_0604FFC0,data,0,1,1,src\race\FUN_0604D380.s:6177 [pool]
0x0605006E,DAT_0605006E,data,0,1,1,src\race\FUN_0604D380.s:6196 [pool]
0x060500E0,DAT_060500E0,data,0,1,1,src\race\FUN_0604D380.s:6215 [pool]
0x06050154,DAT_06050154,data,0,1,1,src\race\FUN_0603C304.s:2424 [pool]
0x06050160,DAT_06050160,data,0,8,8,src\race\FUN_060351CC.s:9453 [pool]
0x06050228,DAT_06050228,data,0,1,1,src\race\FUN_0603C304.s:1259 [pool]
0x06050230,DAT_06050230,data,0,1,1,src\race\FUN_0603C304.s:8297 [pool]
0x06050244,DAT_06050244,data,0,1,1,src\race\FUN_0603C304.s:3585 [pool]
0x06050288,DAT_06050288,data,0,1,1,src\race\FUN_0603C304.s:3583 [pool]
0x06050298,DAT_06050298,data,0,1,1,src\race\FUN_0603C304.s:2434 [pool]
0x060502AC,DAT_060502AC,data,0,1,1,src\race\FUN_0604D380.s:6559 [pool]
0x060502B0,DAT_060502B0,data,0,1,1,src\race\FUN_0604D380.s:6560 [pool]
0x060502B4,DAT_060502B4,data,0,1,1,src\race\FUN_0604D380.s:6561 [pool]
0x060502B8,DAT_060502B8,data,0,1,1,src\race\FUN_0604D380.s:6562 [pool]
0x060502BC,DAT_060502BC,data,0,1,1,src\race\FUN_0604D380.s:6563 [pool]
0x060502C0,DAT_060502C0,data,0,1,1,src\race\FUN_0604D380.s:6564 [pool]
0x060502C4,DAT_060502C4,data,0,1,1,src\race\FUN_0604D380.s:6565 [pool]
0x060502C8,DAT_060502C8,data,0,1,1,src\race\FUN_0604D380.s:6566 [pool]
0x060502CC,DAT_060502CC,data,0,1,1,src\race\FUN_0604D380.s:6567 [pool]
0x060502D0,DAT_060502D0,data,0,1,1,src\race\FUN_0604D380.s:6568 [pool]
0x060502DA,DAT_060502DA,data,0,1,1,src\race\FUN_0604D380.s:6569 [pool]
0x060502E4,DAT_060502E4,data,0,1,1,src\race\FUN_0604D380.s:6570 [pool]
0x060502EE,DAT_060502EE,data,0,1,1,src\race\FUN_0604D380.s:6571 [pool]
0x060502F8,DAT_060502F8,data,0,1,1,src\race\FUN_0604D380.s:6572 [pool]
0x06050302,DAT_06050302,data,0,1,1,src\race\FUN_0604D380.s:6573 [pool]
0x0605030C,DAT_0605030C,data,0,1,1,src\race\FUN_0604D380.s:6574 [pool]
0x06050316,DAT_06050316,data,0,1,1,src\race\FUN_0604D380.s:6575 [pool]
0x06050320,DAT_06050320,data,0,1,1,src\race\FUN_0604D380.s:6576 [pool]
0x0605032A,DAT_0605032A,data,0,1,1,src\race\FUN_0604D380.s:6577 [pool]
0x0605033E,DAT_0605033E,data,0,1,1,src\race\FUN_0604D380.s:6578 [pool]
0x06050352,DAT_06050352,data,0,1,1,src\race\FUN_0604D380.s:6579 [pool]
0x06050366,DAT_06050366,data,0,1,1,src\race\FUN_0604D380.s:6580 [pool]
0x0605037A,DAT_0605037A,data,0,1,1,src\race\FUN_0604D380.s:6581 [pool]
0x0605038E,DAT_0605038E,data,0,1,1,src\race\FUN_0604D380.s:6582 [pool]
0x060503A2,DAT_060503A2,data,0,1,1,src\race\FUN_0604D380.s:6583 [pool]
0x060503B6,DAT_060503B6,data,0,1,1,src\race\FUN_0604D380.s:6584 [pool]
0x060503CA,DAT_060503CA,data,0,1,1,src\race\FUN_0604D380.s:6585 [pool]
0x060503DE,DAT_060503DE,data,0,1,1,src\race\FUN_0604D380.s:6586 [pool]
0x060503E6,DAT_060503E6,data,0,1,1,src\race\FUN_0604D380.s:6587 [pool]
0x060503EE,DAT_060503EE,data,0,1,1,src\race\FUN_0604D380.s:6588 [pool]
0x060503F6,DAT_060503F6,data,0,1,1,src\race\FUN_0604D380.s:6589 [pool]
0x060503FE,DAT_060503FE,data,0,1,1,src\race\FUN_0604D380.s:6590 [pool]
0x06050406,DAT_06050406,data,0,1,1,src\race\FUN_0604D380.s:6591 [pool]
0x0605040E,DAT_0605040E,data,0,1,1,src\race\FUN_0604D380.s:6592 [pool]
0x06050416,DAT_06050416,data,0,1,1,src\race\FUN_0604D380.s:6593 [pool]
0x0605041E,DAT_0605041E,data,0,1,1,src\race\FUN_0604D380.s:6594 [pool]
0x06050426,DAT_06050426,data,0,1,1,src\race\FUN_0604D380.s:6595 [pool]
0x0605043A,DAT_0605043A,data,0,1,1,src\race\FUN_0604D380.s:6596 [pool]
0x0605044E,DAT_0605044E,data,0,1,1,src\race\FUN_0604D380.s:6597 [pool]
0x06050462,DAT_06050462,data,0,1,1,src\race\FUN_0604D380.s:6598 [pool]
0x06050476,DAT_06050476,data,0,1,1,src\race\FUN_0604D380.s:6599 [pool]
0x0605048A,DAT_0605048A,data,0,1,1,src\race\FUN_0604D380.s:6600 [pool]
0x0605049E,DAT_0605049E,data,0,1,1,src\race\FUN_0604D380.s:6601 [pool]
0x060504B2,DAT_060504B2,data,0,1,1,src\race\FUN_0604D380.s:6602 [pool]
0x060504C6,DAT_060504C6,data,0,1,1,src\race\FUN_0604D380.s:6603 [pool]
0x060504DC,DAT_060504DC,data,0,1,1,src\race\FUN_0603C304.s:1927 [pool]
0x06050590,DAT_06050590,data,0,1,1,src\race\FUN_0603C304.s:2438 [pool]
0x06050644,DAT_06050644,data,0,1,1,src\race\FUN_0603C304.s:6556 [pool]
0x06050B78,DAT_06050B78,data,0,1,1,src\race\FUN_0604025C.s:370 [pool]
0x06050B84,DAT_06050B84,data,0,1,1,src\race\FUN_0604025C.s:374 [pool]
0x06050B90,DAT_06050B90,data,0,1,1,src\race\FUN_0604025C.s:404 [pool]
0x06050B9C,DAT_06050B9C,data,0,1,1,src\race\FUN_0604025C.s:406 [pool]
0x06050BA8,DAT_06050BA8,data,0,1,1,src\race\FUN_0604025C.s:408 [pool]
0x06050BB4,DAT_06050BB4,data,0,1,1,src\race\FUN_0604025C.s:410 [pool]
0x06050BC0,DAT_06050BC0,data,0,1,1,src\race\FUN_0604025C.s:412 [pool]
0x06050BCC,DAT_06050BCC,data,0,1,1,src\race\FUN_0604025C.s:414 [pool]
0x06050BD8,DAT_06050BD8,data,0,1,1,src\race\FUN_0604025C.s:460 [pool]
0x06050BE4,DAT_06050BE4,data,0,1,1,src\race\FUN_0604025C.s:462 [pool]
0x06050BF0,DAT_06050BF0,data,0,1,1,src\race\FUN_0604D380.s:3473 [pool]
0x06050BFC,DAT_06050BFC,data,0,1,1,src\race\FUN_0604D380.s:3474 [pool]
0x06050C08,DAT_06050C08,data,0,2,2,src\race\FUN_0604025C.s:2727 [pool]
0x06050C14,DAT_06050C14,data,0,2,2,src\race\FUN_0604025C.s:2731 [pool]
0x06050C20,DAT_06050C20,data,0,1,1,src\race\FUN_0604025C.s:3474 [pool]
0x06050C48,DAT_06050C48,data,0,1,1,src\race\FUN_0604025C.s:3322 [pool]
0x06050C54,DAT_06050C54,data,0,1,1,src\race\FUN_0604025C.s:2899 [pool]
0x06050C58,DAT_06050C58,data,0,1,1,src\race\FUN_0604025C.s:3697 [pool]
0x06050C60,DAT_06050C60,data,0,1,1,src\race\FUN_0604025C.s:2909 [pool]
0x06050C6C,DAT_06050C6C,data,0,2,2,src\race\FUN_0604025C.s:2905 [pool]
0x06050D2C,DAT_06050D2C,data,0,1,1,src\race\FUN_0604025C.s:4178 [pool]
0x06050D58,DAT_06050D58,data,0,2,2,src\race\FUN_0604256C.s:130 [pool]
0x06050DDC,DAT_06050DDC,data,0,1,1,src\race\FUN_0604D380.s:3487 [pool]
0x06050E7C,DAT_06050E7C,data,0,1,1,src\race\FUN_0604D380.s:3490 [pool]
0x06050F6C,DAT_06050F6C,data,0,1,1,src\race\FUN_0604D380.s:3493 [pool]
0x0605119C,DAT_0605119C,data,0,1,1,src\race\FUN_0604D380.s:3496 [pool]
0x0605124C,DAT_0605124C,data,0,1,1,src\race\FUN_0604D380.s:3499 [pool]
0x060512BC,DAT_060512BC,data,0,1,1,src\race\FUN_06042998.s:156 [pool]
0x060514CC,DAT_060514CC,data,0,1,1,src\race\FUN_0604D380.s:3502 [pool]
0x0605156E,DAT_0605156E,data,0,1,1,src\race\FUN_0604D380.s:3503 [pool]
0x06051592,DAT_06051592,data,0,1,1,src\race\FUN_0604D380.s:3504 [pool]
0x060515AC,DAT_060515AC,data,0,1,1,src\race\FUN_06042DC4.s:196 [pool]
0x060515F4,DAT_060515F4,data,0,1,1,src\race\FUN_06042DC4.s:732 [pool]
0x06051600,DAT_06051600,data,0,1,1,src\race\FUN_06042DC4.s:738 [pool]
