start,end,size,type,pinned_entry_tu,cdl_code_cs1,cdl_code_cs2,cdl_code_cs3,cdl_code_cs4,cdl_read_max,cdl_write_max,bp_attract,bp_threeseven,old_overlap,old_fn_count,old_sweep_dead_count,old_buckets,verdict,discrepancy
0x06028000,0x06028DC9,3530,code,1,546,608,594,608,270,0,3,3,EXACT,1,0,,RETAIL_LIVE,
0x06028DCA,0x060291DF,1046,code,1,0,0,0,0,24,0,2,2,EXACT,1,0,,RETAIL_LIVE,
0x060291E0,0x06029587,936,code,1,0,0,0,0,0,0,2,2,EXACT,1,0,,RETAIL_LIVE,
0x06029588,0x060295DD,86,code,1,0,0,0,0,0,0,0,0,EXACT,1,1,B1,RETAIL_DEAD_PINNED,
0x060295DE,0x0602980F,562,code,1,0,236,206,206,44,0,0,0,EXACT,1,0,,RETAIL_LIVE,
0x06029810,0x06029997,392,code,0,0,0,0,0,0,0,0,2,EXACT,1,0,,RETAIL_LIVE,
0x06029998,0x06029A47,176,code,0,0,0,0,0,0,0,3,3,MULTI_MISMATCH,2,0,,RETAIL_LIVE,
0x06029A48,0x06029A5F,24,code,0,0,0,0,0,0,0,0,0,NEW_INSIDE_OLD,1,0,,RETAIL_DEAD,OLD_LIVE_BUT_RETAIL_DEAD
0x06029A60,0x06029A77,24,code,0,0,0,0,0,0,0,0,2,NEW_INSIDE_OLD,1,0,,RETAIL_LIVE,
0x06029A78,0x06029C9F,552,code,0,320,320,320,320,112,0,3,3,MERGED,2,0,,RETAIL_LIVE,
0x06029CA0,0x06029D8B,236,code,0,112,112,112,112,12,0,2,2,EXACT,1,0,,RETAIL_LIVE,
0x06029D8C,0x06029E8F,260,code,0,210,210,214,210,0,0,2,2,EXACT,1,0,,RETAIL_LIVE,
0x06029E90,0x06029F73,228,code,0,122,122,122,122,88,0,2,2,EXACT,1,0,,RETAIL_LIVE,
0x06029F74,0x06029FE7,116,code,0,20,20,20,20,4,0,2,2,EXACT,1,0,,RETAIL_LIVE,
0x06029FE8,0x0602A047,96,code,0,86,86,86,86,0,0,2,2,EXACT,1,0,,RETAIL_LIVE,
0x0602A048,0x0602A117,208,code,0,124,124,124,124,64,0,0,0,EXACT,1,1,B5,RETAIL_LIVE,OLD_DEAD_BUT_RETAIL_RUNS
0x0602A118,0x0602A20B,244,code,0,126,182,166,166,48,0,2,2,EXACT,1,0,,RETAIL_LIVE,
0x0602A20C,0x0602A2A3,152,code,0,0,112,96,96,28,0,0,0,EXACT,1,1,B5,RETAIL_LIVE,OLD_DEAD_BUT_RETAIL_RUNS
0x0602A2A4,0x0602A2FB,88,code,0,0,52,0,0,24,0,0,0,EXACT,1,1,B1,RETAIL_LIVE,OLD_DEAD_BUT_RETAIL_RUNS
0x0602A2FC,0x0602A36F,116,code,0,110,110,110,110,4,0,2,2,EXACT,1,0,,RETAIL_LIVE,
0x0602A370,0x0602A543,468,code,0,36,36,44,36,0,0,2,2,EXACT,1,0,,RETAIL_LIVE,
0x0602A544,0x0602A663,288,code,0,0,0,0,0,0,0,2,2,EXACT,1,1,B5,RETAIL_LIVE,OLD_DEAD_BUT_RETAIL_RUNS
0x0602A664,0x0602A6EB,136,code,0,0,0,0,0,0,0,0,0,EXACT,1,1,B5,RETAIL_DEAD,
0x0602A6EC,0x0602A817,300,code,0,224,224,224,224,52,0,2,2,EXACT,1,0,,RETAIL_LIVE,
0x0602A818,0x0602A8F7,224,code,0,190,212,190,212,4,0,2,2,EXACT,1,0,,RETAIL_LIVE,
0x0602A8F8,0x0602A957,96,code,0,0,0,0,0,0,0,0,0,MERGED,2,2,B1,RETAIL_DEAD,
0x0602A958,0x0602A9EF,152,code,0,110,110,112,110,36,0,2,2,EXACT,1,0,,RETAIL_LIVE,
0x0602A9F0,0x0602AA83,148,code,0,100,100,100,100,36,0,0,0,NEW_INSIDE_OLD,1,0,,RETAIL_LIVE,
0x0602AA84,0x0602AAA7,36,code,0,34,34,34,34,0,0,2,2,NEW_INSIDE_OLD,1,0,,RETAIL_LIVE,
0x0602AAA8,0x0602AB8F,232,code,0,140,200,140,200,20,0,3,3,MULTI_MISMATCH,2,0,,RETAIL_LIVE,
0x0602AB90,0x0602AC37,168,code,0,0,0,0,0,0,0,0,0,NEW_INSIDE_OLD,1,0,,RETAIL_DEAD,OLD_LIVE_BUT_RETAIL_DEAD
0x0602AC38,0x0602AE17,480,code,0,0,0,0,0,0,0,0,0,MERGED,2,2,B1,RETAIL_DEAD,
0x0602AE18,0x0602AE43,44,code,0,0,0,0,0,0,0,0,0,EXACT,1,1,B1,RETAIL_DEAD,
0x0602AE44,0x0602AE73,48,code,0,0,0,0,0,0,0,0,0,EXACT,1,1,B1,RETAIL_DEAD,
0x0602AE74,0x0602AFD7,356,code,0,0,0,0,0,0,0,0,0,EXACT,1,1,B1,RETAIL_DEAD,
0x0602AFD8,0x0602B013,60,code,0,0,0,0,0,0,0,0,0,EXACT,1,1,B1,RETAIL_DEAD,
0x0602B014,0x0602B0FF,236,code,0,0,0,0,0,0,0,0,0,EXACT,1,1,B1,RETAIL_DEAD,
0x0602B100,0x0602B1BF,192,code,0,0,0,0,0,0,0,0,0,EXACT,1,1,B1,RETAIL_DEAD,
0x0602B1C0,0x0602B21B,92,code,0,0,0,0,0,0,0,0,0,NEW_INSIDE_OLD,1,0,,RETAIL_DEAD,OLD_LIVE_BUT_RETAIL_DEAD
0x0602B21C,0x0602B22B,16,code,0,8,8,8,8,4,0,2,2,NEW_INSIDE_OLD,1,0,,RETAIL_LIVE,
0x0602B22C,0x0602B6D3,1192,code,0,0,0,0,0,0,0,2,2,EXACT,1,0,,RETAIL_LIVE,
0x0602B6D4,0x0602BAB7,996,code,0,550,550,550,550,76,0,0,3,MERGED,2,0,,RETAIL_LIVE,
0x0602BAB8,0x0602BDDB,804,code,0,280,280,280,280,78,0,0,3,MERGED,2,1,B1,RETAIL_LIVE,
0x0602BDDC,0x0602BEBD,226,code,0,162,162,162,162,0,0,0,2,EXACT,1,1,B1,RETAIL_LIVE,OLD_DEAD_BUT_RETAIL_RUNS
0x0602BEBE,0x0602C01F,354,code,0,228,228,228,228,48,0,0,2,NEW_INSIDE_OLD,1,0,,RETAIL_LIVE,
0x0602C020,0x0602C043,36,code,0,0,0,0,0,0,0,2,2,NEW_INSIDE_OLD,1,0,,RETAIL_LIVE,
0x0602C044,0x0602C0A1,94,code,0,74,74,74,74,0,0,2,2,NEW_INSIDE_OLD,1,0,,RETAIL_LIVE,
0x0602C0A2,0x0602C221,384,code,0,0,0,0,0,20,0,1,2,EXACT,1,0,,RETAIL_LIVE,
0x0602C222,0x0602C3B3,402,code,0,0,0,0,0,0,0,0,1,NEW_INSIDE_OLD,1,0,,RETAIL_LIVE,
0x0602C3B4,0x0602C3BD,10,code,0,0,0,0,0,0,0,2,2,NEW_INSIDE_OLD,1,0,,RETAIL_LIVE,
0x0602C3BE,0x0602C3DD,32,code,0,14,14,14,14,0,0,1,3,NEW_INSIDE_OLD,1,0,,RETAIL_LIVE,
0x0602C3DE,0x0602C3F7,26,code,0,14,14,14,14,0,0,0,3,NEW_INSIDE_OLD,1,0,,RETAIL_LIVE,
0x0602C3F8,0x0602C459,98,code,0,66,66,66,66,0,0,0,1,EXACT,1,0,,RETAIL_LIVE,
0x0602C45A,0x0602C599,320,code,0,0,0,0,0,44,0,0,0,EXACT,1,1,B1,RETAIL_DEAD,
0x0602C59A,0x0602C6C7,302,code,0,0,0,0,0,0,0,0,0,NEW_INSIDE_OLD,1,1,B1,RETAIL_DEAD,
0x0602C6C8,0x0602C6ED,38,code,0,0,0,0,0,0,0,0,0,NEW_INSIDE_OLD,1,1,B1,RETAIL_DEAD,
0x0602C6EE,0x0602C763,118,code,0,0,0,0,0,0,0,0,0,MULTI_MISMATCH,2,2,B1,RETAIL_DEAD,
0x0602C764,0x0602C7C3,96,code,0,40,40,40,40,0,0,0,2,EXACT,1,1,B5,RETAIL_LIVE,OLD_DEAD_BUT_RETAIL_RUNS
0x0602C7C4,0x0602C853,144,code,0,0,0,0,0,0,0,0,1,EXACT,1,1,B1,RETAIL_LIVE,OLD_DEAD_BUT_RETAIL_RUNS
0x0602C854,0x0602C929,214,code,0,0,0,0,0,0,0,0,0,EXACT,1,1,B1,RETAIL_DEAD,
0x0602C92A,0x0602CA13,234,code,0,0,0,0,0,16,0,0,0,EXACT,1,1,B1,RETAIL_DEAD,
0x0602CA14,0x0602CB25,274,code,0,0,0,0,0,0,0,0,0,EXACT,1,1,B1,RETAIL_DEAD,
0x0602CB26,0x0602CC73,334,code,0,282,282,282,282,30,0,0,2,MERGED,2,2,B1+B5,RETAIL_LIVE,OLD_DEAD_BUT_RETAIL_RUNS
0x0602CC74,0x0602CC83,16,code,0,10,10,10,10,4,0,0,2,NEW_INSIDE_OLD,1,0,,RETAIL_LIVE,
0x0602CC84,0x0602CD61,222,code,0,0,0,0,0,0,0,2,2,NEW_INSIDE_OLD,1,0,,RETAIL_LIVE,
0x0602CD62,0x0602CD97,54,code,0,0,0,0,0,0,0,1,2,NEW_INSIDE_OLD,1,0,,RETAIL_LIVE,
0x0602CD98,0x0602CF0F,376,code,0,0,0,0,0,0,0,2,2,EXACT,1,0,,RETAIL_LIVE,
0x0602CF10,0x0602D039,298,code,0,0,0,0,0,0,0,2,2,NEW_INSIDE_OLD,1,0,,RETAIL_LIVE,
0x0602D03A,0x0602D045,12,code,0,0,0,0,0,0,0,2,2,NEW_INSIDE_OLD,1,0,,RETAIL_LIVE,
0x0602D046,0x0602D051,12,code,0,0,0,0,0,0,0,2,2,NEW_INSIDE_OLD,1,0,,RETAIL_LIVE,
0x0602D052,0x0602D08F,62,code,0,58,58,58,58,0,0,1,2,NEW_INSIDE_OLD,1,0,,RETAIL_LIVE,
0x0602D090,0x0602D101,114,code,0,0,0,0,0,2,0,0,2,NEW_INSIDE_OLD,1,0,,RETAIL_LIVE,
0x0602D102,0x0602D139,56,code,0,52,52,52,52,0,0,0,2,EXACT,1,0,,RETAIL_LIVE,
0x0602D13A,0x0602D26F,310,code,0,76,76,76,76,26,0,2,2,EXACT,1,0,,RETAIL_LIVE,
0x0602D270,0x0602D37D,270,code,0,86,86,86,86,20,0,1,5,NEW_INSIDE_OLD,1,0,,RETAIL_LIVE,
0x0602D37E,0x0602D391,20,code,0,0,0,0,0,0,0,0,1,MULTI_MISMATCH,2,1,B1,RETAIL_LIVE,
0x0602D392,0x0602D4CF,318,code,0,114,114,114,114,48,0,2,2,EXACT,1,0,,RETAIL_LIVE,
0x0602D4D0,0x0602D78B,700,code,0,0,0,0,0,0,0,0,3,MERGED,2,0,,RETAIL_LIVE,
0x0602D78C,0x0602D9EF,612,code,0,0,0,0,0,0,0,0,1,MERGED,4,3,B1,RETAIL_LIVE,
0x0602D9F0,0x0602DAAD,190,code,0,0,0,0,0,0,0,0,2,EXACT,1,0,,RETAIL_LIVE,
0x0602DAAE,0x0602DBDB,302,code,0,0,0,0,0,0,0,0,3,EXACT,1,0,,RETAIL_LIVE,
0x0602DBDC,0x0602DC7F,164,code,0,142,142,142,142,0,0,0,2,EXACT,1,0,,RETAIL_LIVE,
0x0602DC80,0x0602DD41,194,code,0,0,0,0,0,0,0,0,1,EXACT,1,0,,RETAIL_LIVE,
0x0602DD42,0x0602DD4F,14,code,0,12,12,12,12,0,0,0,2,EXACT,1,0,,RETAIL_LIVE,
0x0602DD50,0x0602DE5B,268,code,0,0,0,0,0,32,0,0,3,MERGED,2,0,,RETAIL_LIVE,
0x0602DE5C,0x0602DEDF,132,code,0,0,0,0,0,0,0,0,1,EXACT,1,0,,RETAIL_LIVE,
0x0602DEE0,0x0602DF9B,188,code,0,170,170,170,170,0,0,0,2,EXACT,1,0,,RETAIL_LIVE,
0x0602DF9C,0x0602E03B,160,code,0,88,88,88,88,62,0,0,2,EXACT,1,0,,RETAIL_LIVE,
0x0602E03C,0x0602E093,88,code,0,0,0,0,0,0,0,0,2,EXACT,1,0,,RETAIL_LIVE,
0x0602E094,0x0602E0FF,108,code,0,50,50,50,50,0,0,0,2,EXACT,1,0,,RETAIL_LIVE,
0x0602E100,0x0602E265,358,code,0,0,166,166,166,20,0,0,1,EXACT,1,0,,RETAIL_LIVE,
0x0602E266,0x0602E371,268,code,0,0,140,0,0,36,0,0,0,EXACT,1,0,,RETAIL_LIVE,
0x0602E372,0x0602E3F3,130,code,0,0,38,38,38,40,0,0,0,EXACT,1,0,,RETAIL_LIVE,
0x0602E3F4,0x0602E537,324,code,0,0,0,0,0,0,0,0,4,EXACT,1,0,,RETAIL_LIVE,
0x0602E538,0x0602E595,94,code,0,0,0,0,0,0,0,0,3,MULTI_MISMATCH,2,2,B1,RETAIL_LIVE,OLD_DEAD_BUT_RETAIL_RUNS
0x0602E596,0x0602E5A7,18,code,0,0,0,0,0,0,0,0,1,NEW_INSIDE_OLD,1,1,B1,RETAIL_LIVE,OLD_DEAD_BUT_RETAIL_RUNS
0x0602E5A8,0x0602E5BF,24,code,0,18,18,18,18,0,0,0,0,EXACT,1,1,B1,RETAIL_LIVE,OLD_DEAD_BUT_RETAIL_RUNS
0x0602E5C0,0x0602E5D7,24,code,0,0,0,0,0,0,0,0,0,EXACT,1,1,B1,RETAIL_DEAD,
0x0602E5D8,0x0602E60F,56,code,0,0,0,0,0,8,0,0,0,EXACT,1,1,B1,RETAIL_DEAD,
0x0602E610,0x0602E731,290,code,0,246,246,246,246,0,0,0,2,NEW_INSIDE_OLD,1,0,,RETAIL_LIVE,
0x0602E732,0x0602E737,6,code,0,0,0,0,0,0,0,0,1,NEW_INSIDE_OLD,1,0,,RETAIL_LIVE,
0x0602E738,0x0602E76F,56,code,0,0,0,0,0,18,0,0,2,NEW_INSIDE_OLD,1,0,,RETAIL_LIVE,
0x0602E770,0x0602E7EB,124,code,0,0,0,0,0,0,0,0,2,EXACT,1,0,,RETAIL_LIVE,
0x0602E7EC,0x0602E8AF,196,code,0,0,0,0,0,0,0,0,1,MERGED,4,3,B1,RETAIL_LIVE,
0x0602E8B0,0x0602E91D,110,code,0,0,0,0,38,0,0,0,0,MULTI_MISMATCH,2,1,B1,RETAIL_LIVE,
0x0602E91E,0x0602E927,10,code,0,0,0,0,0,0,0,0,0,NEW_INSIDE_OLD,1,0,,RETAIL_DEAD,OLD_LIVE_BUT_RETAIL_DEAD
0x0602E928,0x0602E987,96,code,0,0,0,0,0,14,0,2,2,NEW_INSIDE_OLD,1,0,,RETAIL_LIVE,
0x0602E988,0x0602EA69,226,code,0,56,56,56,214,0,0,2,2,NEW_INSIDE_OLD,1,0,,RETAIL_LIVE,
0x0602EA6A,0x0602ECA9,576,code,0,0,0,0,0,56,0,1,1,MULTI_MISMATCH,4,3,B1,RETAIL_LIVE,
0x0602ECAA,0x0602ED59,176,code,0,0,0,0,54,8,0,0,0,NEW_INSIDE_OLD,1,0,,RETAIL_LIVE,
0x0602ED5A,0x0602ED83,42,code,0,0,0,0,0,0,0,0,3,MULTI_MISMATCH,2,0,,RETAIL_LIVE,
0x0602ED84,0x0602EDB3,48,code,0,0,0,0,0,0,0,0,1,NEW_INSIDE_OLD,1,0,,RETAIL_LIVE,
0x0602EDB4,0x0602EDD9,38,code,0,0,0,0,0,0,0,0,3,NEW_INSIDE_OLD,1,0,,RETAIL_LIVE,
0x0602EDDA,0x0602EE63,138,code,0,0,0,0,0,20,0,0,0,MULTI_MISMATCH,2,1,B1,RETAIL_DEAD,
0x0602EE64,0x0602EEA3,64,code,0,0,0,0,0,0,0,0,3,EXACT,1,0,,RETAIL_LIVE,
0x0602EEA4,0x0602EECF,44,code,0,0,0,0,0,0,0,0,2,EXACT,1,0,,RETAIL_LIVE,
0x0602EED0,0x0602EF0F,64,code,0,0,0,0,0,0,0,0,3,MULTI_MISMATCH,2,0,,RETAIL_LIVE,
0x0602EF10,0x0602EF35,38,code,0,0,0,0,0,0,0,0,2,NEW_INSIDE_OLD,1,0,,RETAIL_LIVE,
0x0602EF36,0x0602EF5B,38,code,0,0,0,0,0,0,0,0,1,NEW_INSIDE_OLD,1,0,,RETAIL_LIVE,
0x0602EF5C,0x0602EFE3,136,code,0,0,0,0,0,0,0,0,3,EXACT,1,0,,RETAIL_LIVE,
0x0602EFE4,0x0602F035,82,code,0,40,40,0,40,0,0,0,1,NEW_INSIDE_OLD,1,0,,RETAIL_LIVE,
0x0602F036,0x0602F053,30,code,0,24,24,0,24,0,0,0,0,NEW_INSIDE_OLD,1,0,,RETAIL_LIVE,
0x0602F054,0x0602F071,30,code,0,0,0,0,0,0,0,0,0,NEW_INSIDE_OLD,1,0,,RETAIL_DEAD,OLD_LIVE_BUT_RETAIL_DEAD
0x0602F072,0x0602F113,162,code,0,70,70,70,70,36,0,0,0,EXACT,1,1,B1,RETAIL_LIVE,OLD_DEAD_BUT_RETAIL_RUNS
0x0602F114,0x0602F167,84,code,0,0,0,0,0,0,0,0,2,NEW_INSIDE_OLD,1,0,,RETAIL_LIVE,
0x0602F168,0x0602F177,16,code,0,0,0,0,0,0,0,0,2,NEW_INSIDE_OLD,1,0,,RETAIL_LIVE,
0x0602F178,0x0602F1D3,92,code,0,78,78,78,78,0,0,0,1,NEW_INSIDE_OLD,1,1,B1,RETAIL_LIVE,OLD_DEAD_BUT_RETAIL_RUNS
0x0602F1D4,0x0602F20B,56,code,0,32,32,32,32,0,0,0,0,NEW_INSIDE_OLD,1,1,B1,RETAIL_LIVE,OLD_DEAD_BUT_RETAIL_RUNS
0x0602F20C,0x0602F2B7,172,code,0,160,160,160,160,0,0,0,0,MERGED,2,2,B1,RETAIL_LIVE,OLD_DEAD_BUT_RETAIL_RUNS
0x0602F2B8,0x0602F311,90,code,0,0,0,0,0,0,0,0,0,MULTI_MISMATCH,2,2,B1,RETAIL_DEAD,
0x0602F312,0x0602F329,24,code,0,0,0,0,0,0,0,0,0,MULTI_MISMATCH,2,2,B1,RETAIL_DEAD,
0x0602F32A,0x0602F349,32,code,0,0,0,0,0,0,0,0,0,MULTI_MISMATCH,2,1,B1,RETAIL_DEAD,
0x0602F34A,0x0602F3EF,166,code,0,0,0,0,0,48,0,2,2,NEW_INSIDE_OLD,1,0,,RETAIL_LIVE,
0x0602F3F0,0x0602F42B,60,code,0,0,0,0,0,0,0,0,0,NEW_INSIDE_OLD,1,1,B1,RETAIL_DEAD,
0x0602F42C,0x0602F4A5,122,code,0,0,0,0,0,0,0,0,4,NEW_INSIDE_OLD,1,1,B1,RETAIL_LIVE,OLD_DEAD_BUT_RETAIL_RUNS
0x0602F4A6,0x0602F4D9,52,code,0,0,0,0,0,0,0,0,2,NEW_INSIDE_OLD,1,1,B1,RETAIL_LIVE,OLD_DEAD_BUT_RETAIL_RUNS
0x0602F4DA,0x0602F51B,66,code,0,0,0,0,0,0,0,0,1,MULTI_MISMATCH,2,2,B1,RETAIL_LIVE,OLD_DEAD_BUT_RETAIL_RUNS
0x0602F51C,0x0602F563,72,code,0,0,0,0,0,0,0,0,0,NEW_INSIDE_OLD,1,1,B1,RETAIL_DEAD,
0x0602F564,0x0602F5B1,78,code,0,0,0,0,0,0,0,0,0,NEW_INSIDE_OLD,1,1,B1,RETAIL_DEAD,
0x0602F5B2,0x0602F65B,170,code,0,0,0,0,0,0,0,0,0,EXACT,1,1,B1,RETAIL_DEAD,
0x0602F65C,0x0602F7BF,356,code,0,0,0,0,0,0,0,0,0,EXACT,1,1,B1,RETAIL_DEAD,
0x0602F7C0,0x0602F813,84,code,0,0,0,0,0,0,0,0,0,NEW_INSIDE_OLD,1,0,,RETAIL_DEAD,OLD_LIVE_BUT_RETAIL_DEAD
0x0602F814,0x0602F81D,10,code,0,0,0,0,0,0,0,0,0,NEW_INSIDE_OLD,1,0,,RETAIL_DEAD,OLD_LIVE_BUT_RETAIL_DEAD
0x0602F81E,0x0602F8E7,202,code,0,0,0,0,0,0,0,4,4,MULTI_MISMATCH,2,0,,RETAIL_LIVE,
0x0602F8E8,0x0602FA87,416,code,0,54,54,54,54,0,0,14,14,MERGED,7,2,B1+B5,RETAIL_LIVE,
0x0602FA88,0x0602FACB,68,code,0,0,0,0,0,16,0,3,3,MULTI_MISMATCH,2,0,,RETAIL_LIVE,
0x0602FACC,0x0602FAEB,32,code,0,0,0,0,0,0,0,2,2,NEW_INSIDE_OLD,1,0,,RETAIL_LIVE,
0x0602FAEC,0x0602FB93,168,code,0,0,0,0,0,0,0,4,4,MERGED,3,0,,RETAIL_LIVE,
0x0602FB94,0x0602FCD3,320,code,0,0,0,0,0,0,0,3,3,MERGED,3,0,,RETAIL_LIVE,
0x0602FCD4,0x0602FCFD,42,code,0,0,0,0,0,0,0,2,2,EXACT,1,0,,RETAIL_LIVE,
0x0602FCFE,0x0602FD37,58,code,0,50,50,50,50,0,0,1,3,EXACT,1,0,,RETAIL_LIVE,
0x0602FD38,0x0602FEED,438,code,0,0,0,0,0,14,0,0,1,MERGED,3,2,B1,RETAIL_LIVE,
0x0602FEEE,0x0602FFBF,210,code,0,0,0,0,0,0,0,0,0,EXACT,1,1,B1,RETAIL_DEAD,
0x0602FFC0,0x0603004B,140,code,0,0,0,0,0,0,0,4,4,MULTI_MISMATCH,3,0,,RETAIL_LIVE,
0x0603004C,0x0603008F,68,code,0,24,24,0,24,4,0,1,2,NEW_INSIDE_OLD,1,0,,RETAIL_LIVE,
0x06030090,0x06030439,938,code,0,204,204,204,728,52,0,0,3,MULTI_MISMATCH,2,0,,RETAIL_LIVE,
0x0603043A,0x06030487,78,code,0,0,0,0,0,0,0,0,3,MULTI_MISMATCH,2,0,,RETAIL_LIVE,
0x06030488,0x0603048F,8,code,0,0,0,0,0,0,0,0,2,NEW_INSIDE_OLD,1,0,,RETAIL_LIVE,
0x06030490,0x0603051F,144,code,0,0,0,0,0,6,0,0,1,NEW_INSIDE_OLD,1,0,,RETAIL_LIVE,
0x06030520,0x06030729,522,code,0,0,0,0,0,0,0,0,2,EXACT,1,1,B1,RETAIL_LIVE,OLD_DEAD_BUT_RETAIL_RUNS
0x0603072A,0x06030741,24,code,0,0,0,0,0,0,0,0,2,NEW_INSIDE_OLD,1,1,B1,RETAIL_LIVE,OLD_DEAD_BUT_RETAIL_RUNS
0x06030742,0x0603079F,94,code,0,0,0,0,0,0,0,0,3,NEW_INSIDE_OLD,1,1,B1,RETAIL_LIVE,OLD_DEAD_BUT_RETAIL_RUNS
0x060307A0,0x06030823,132,code,0,0,0,0,0,0,0,0,2,EXACT,1,1,B1,RETAIL_LIVE,OLD_DEAD_BUT_RETAIL_RUNS
0x06030824,0x0603083B,24,code,0,0,0,0,0,0,0,2,2,NEW_INSIDE_OLD,1,0,,RETAIL_LIVE,
0x0603083C,0x060308BF,132,code,0,0,0,0,0,0,0,1,1,NEW_INSIDE_OLD,1,0,,RETAIL_LIVE,
0x060308C0,0x06030A1B,348,code,0,0,0,0,0,0,0,2,2,EXACT,1,0,,RETAIL_LIVE,
0x06030A1C,0x06030A47,44,code,0,0,0,0,0,0,0,0,1,EXACT,1,1,B1,RETAIL_LIVE,OLD_DEAD_BUT_RETAIL_RUNS
0x06030A48,0x06030A7F,56,code,0,0,0,0,0,0,0,3,1,MERGED,2,2,B1,RETAIL_LIVE,OLD_DEAD_BUT_RETAIL_RUNS
0x06030A80,0x06030AD7,88,code,0,0,0,0,0,0,0,1,0,MERGED,2,2,B1,RETAIL_LIVE,OLD_DEAD_BUT_RETAIL_RUNS
0x06030AD8,0x06030AF9,34,code,0,0,0,0,0,0,0,2,2,EXACT,1,0,,RETAIL_LIVE,
0x06030AFA,0x06030B7B,130,code,0,114,114,114,116,0,0,1,4,MERGED,2,0,,RETAIL_LIVE,
0x06030B7C,0x06030BA3,40,code,0,0,0,0,0,0,0,0,2,EXACT,1,0,,RETAIL_LIVE,
0x06030BA4,0x06030C23,128,code,0,0,0,0,0,24,0,0,1,MERGED,2,1,B1,RETAIL_LIVE,
0x06030C24,0x06030C59,54,code,0,0,0,0,0,0,0,0,0,EXACT,1,1,B1,RETAIL_DEAD,
0x06030C5A,0x06030C7B,34,code,0,0,0,0,0,0,0,0,0,EXACT,1,1,B1,RETAIL_DEAD,
0x06030C7C,0x06030C9D,34,code,0,0,0,0,0,0,0,2,2,EXACT,1,1,B1,RETAIL_LIVE,OLD_DEAD_BUT_RETAIL_RUNS
0x06030C9E,0x06030CE1,68,code,0,0,58,58,58,0,0,3,3,MULTI_MISMATCH,2,0,,RETAIL_LIVE,
0x06030CE2,0x06030CE5,4,code,0,0,0,0,0,0,0,1,1,NEW_INSIDE_OLD,1,0,,RETAIL_LIVE,
0x06030CE6,0x06030D1F,58,code,0,26,26,26,26,0,0,0,3,NEW_INSIDE_OLD,1,0,,RETAIL_LIVE,
0x06030D20,0x06030DA1,130,code,0,124,124,90,124,0,0,3,3,NEW_INSIDE_OLD,1,0,,RETAIL_LIVE,
0x06030DA2,0x06030DA9,8,code,0,0,0,0,0,0,0,1,1,NEW_INSIDE_OLD,1,0,,RETAIL_LIVE,
0x06030DAA,0x06030DAF,6,code,0,0,0,0,0,0,0,0,0,NEW_INSIDE_OLD,1,0,,RETAIL_DEAD,OLD_LIVE_BUT_RETAIL_DEAD
0x06030DB0,0x06030DED,62,code,0,0,0,0,0,0,0,0,0,EXACT,1,1,B1,RETAIL_DEAD,
0x06030DEE,0x06030E31,68,code,0,0,0,0,0,0,0,0,0,EXACT,1,1,B1,RETAIL_DEAD,
0x06030E32,0x06030E43,18,code,0,0,0,0,0,0,0,0,0,NEW_INSIDE_OLD,1,1,B1,RETAIL_DEAD,
0x06030E44,0x06030EC7,132,code,0,0,0,0,0,36,0,0,0,MULTI_MISMATCH,2,2,B1,RETAIL_DEAD,
0x06030EC8,0x06031007,320,code,0,0,0,0,0,0,0,0,4,MERGED,2,1,B1,RETAIL_LIVE,
0x06031008,0x060312DF,728,code,0,276,280,0,288,60,0,0,3,MERGED,2,0,,RETAIL_LIVE,
0x060312E0,0x060313FB,284,code,0,0,0,0,0,0,0,0,4,EXACT,1,0,,RETAIL_LIVE,
0x060313FC,0x06031649,590,code,0,168,184,116,168,28,0,0,2,EXACT,1,0,,RETAIL_LIVE,
0x0603164A,0x06031847,510,code,0,0,0,0,0,4,0,0,16,MERGED,3,2,B1,RETAIL_LIVE,
0x06031848,0x06031A07,448,code,0,0,0,0,0,0,0,0,0,EXACT,1,1,B1,RETAIL_DEAD,
0x06031A08,0x06031B0B,260,code,0,0,0,0,0,0,0,0,0,EXACT,1,1,B1,RETAIL_DEAD,
0x06031B0C,0x06031B83,120,code,0,0,0,0,0,0,0,0,2,EXACT,1,1,B1,RETAIL_LIVE,OLD_DEAD_BUT_RETAIL_RUNS
0x06031B84,0x06031BCD,74,code,0,0,0,0,0,0,0,0,1,MULTI_MISMATCH,2,2,B1,RETAIL_LIVE,OLD_DEAD_BUT_RETAIL_RUNS
0x06031BCE,0x06031BE1,20,code,0,0,0,0,0,0,0,0,0,NEW_INSIDE_OLD,1,1,B1,RETAIL_DEAD,
0x06031BE2,0x06031C83,162,code,0,0,0,0,0,0,0,0,0,NEW_INSIDE_OLD,1,1,B1,RETAIL_DEAD,
0x06031C84,0x06031CC1,62,code,0,0,0,0,0,0,0,0,0,NEW_INSIDE_OLD,1,1,B1,RETAIL_DEAD,
0x06031CC2,0x06031DF9,312,code,0,0,0,0,0,0,0,2,0,EXACT,1,1,B1,RETAIL_LIVE,OLD_DEAD_BUT_RETAIL_RUNS
0x06031DFA,0x06031F2B,306,code,0,0,0,0,0,0,0,2,0,EXACT,1,1,B1,RETAIL_LIVE,OLD_DEAD_BUT_RETAIL_RUNS
0x06031F2C,0x0603200F,228,code,0,0,0,0,0,0,0,2,0,EXACT,1,1,B1,RETAIL_LIVE,OLD_DEAD_BUT_RETAIL_RUNS
0x06032010,0x0603209B,140,code,0,0,0,0,0,0,0,3,0,EXACT,1,1,B1,RETAIL_LIVE,OLD_DEAD_BUT_RETAIL_RUNS
0x0603209C,0x0603229F,516,code,0,0,0,0,0,0,0,1,0,EXACT,1,1,B1,RETAIL_LIVE,OLD_DEAD_BUT_RETAIL_RUNS
0x060322A0,0x0603234B,172,code,0,0,0,0,0,0,0,0,0,EXACT,1,1,B1,RETAIL_DEAD,
0x0603234C,0x060324E7,412,code,0,310,310,310,310,56,0,0,2,EXACT,1,0,,RETAIL_LIVE,
0x060324E8,0x0603252B,68,code,0,0,0,0,0,0,0,0,2,EXACT,1,1,B1,RETAIL_LIVE,OLD_DEAD_BUT_RETAIL_RUNS
0x0603252C,0x06032673,328,code,0,0,0,0,0,0,0,0,1,EXACT,1,1,B1,RETAIL_LIVE,OLD_DEAD_BUT_RETAIL_RUNS
0x06032674,0x060328BB,584,code,0,0,0,0,0,0,0,0,0,EXACT,1,1,B1,RETAIL_DEAD,
0x060328BC,0x06032917,92,code,0,0,0,0,0,0,0,0,0,EXACT,1,1,B1,RETAIL_DEAD,
0x06032918,0x06032AAF,408,code,0,0,0,0,0,0,0,0,0,EXACT,1,1,B1,RETAIL_DEAD,
0x06032AB0,0x06032BAB,252,code,0,0,0,0,0,0,0,0,2,EXACT,1,1,B1,RETAIL_LIVE,OLD_DEAD_BUT_RETAIL_RUNS
0x06032BAC,0x06032DC7,540,code,0,0,0,0,0,0,0,0,2,EXACT,1,1,B1,RETAIL_LIVE,OLD_DEAD_BUT_RETAIL_RUNS
0x06032DC8,0x06032E13,76,code,0,0,0,0,0,0,0,0,0,MERGED,2,2,B1,RETAIL_DEAD,
0x06032E14,0x06032E43,48,code,0,0,0,0,0,0,0,0,2,EXACT,1,1,B1,RETAIL_LIVE,OLD_DEAD_BUT_RETAIL_RUNS
0x06032E44,0x060330AF,620,code,0,0,0,0,0,0,0,0,2,EXACT,1,1,B1,RETAIL_LIVE,OLD_DEAD_BUT_RETAIL_RUNS
0x060330B0,0x0603310F,96,code,0,0,0,0,0,0,0,0,2,EXACT,1,1,B1,RETAIL_LIVE,OLD_DEAD_BUT_RETAIL_RUNS
0x06033110,0x060332A3,404,code,0,0,0,0,0,0,0,0,1,EXACT,1,1,B1,RETAIL_LIVE,OLD_DEAD_BUT_RETAIL_RUNS
0x060332A4,0x0603336B,200,code,0,0,0,0,0,0,0,0,0,EXACT,1,1,B1,RETAIL_DEAD,
0x0603336C,0x0603344D,226,code,0,0,0,0,0,0,0,0,2,EXACT,1,1,B1,RETAIL_LIVE,OLD_DEAD_BUT_RETAIL_RUNS
0x0603344E,0x0603353B,238,code,0,0,0,0,0,0,0,0,1,MERGED,2,2,B1,RETAIL_LIVE,OLD_DEAD_BUT_RETAIL_RUNS
0x0603353C,0x060335B3,120,code,0,0,0,0,0,0,0,0,2,NEW_INSIDE_OLD,1,1,B1,RETAIL_LIVE,OLD_DEAD_BUT_RETAIL_RUNS
0x060335B4,0x060335E3,48,code,0,0,0,0,0,0,0,0,0,NEW_INSIDE_OLD,1,1,B1,RETAIL_DEAD,
0x060335E4,0x06033655,114,code,0,0,0,0,0,0,0,0,0,NEW_INSIDE_OLD,1,1,B1,RETAIL_DEAD,
0x06033656,0x060336C7,114,code,0,0,0,0,0,0,0,0,0,NEW_INSIDE_OLD,1,1,B1,RETAIL_DEAD,
0x060336C8,0x060336F9,50,code,0,0,0,0,0,0,0,0,0,NEW_INSIDE_OLD,1,1,B1,RETAIL_DEAD,
0x060336FA,0x06033717,30,code,0,0,0,0,0,0,0,0,0,NEW_INSIDE_OLD,1,1,B1,RETAIL_DEAD,
0x06033718,0x0603382F,280,code,0,0,0,0,0,0,0,0,0,EXACT,1,1,B1,RETAIL_DEAD,
0x06033830,0x0603396F,320,code,0,0,0,0,0,0,0,0,2,EXACT,1,0,,RETAIL_LIVE,
0x06033970,0x06033A77,264,code,0,0,0,0,0,0,0,0,2,EXACT,1,0,,RETAIL_LIVE,
0x06033A78,0x06033AAB,52,code,0,0,0,0,0,0,0,0,2,EXACT,1,0,,RETAIL_LIVE,
0x06033AAC,0x06033AF9,78,code,0,0,0,0,0,0,0,2,2,EXACT,1,0,,RETAIL_LIVE,
0x06033AFA,0x06033B2D,52,code,0,0,0,0,0,0,0,1,2,EXACT,1,0,,RETAIL_LIVE,
0x06033B2E,0x06033B61,52,code,0,0,0,0,0,0,0,0,1,NEW_INSIDE_OLD,1,0,,RETAIL_LIVE,
0x06033B62,0x06033BD5,116,code,0,0,0,0,0,0,0,0,2,MULTI_MISMATCH,2,0,,RETAIL_LIVE,
0x06033BD6,0x06033CBD,232,code,0,0,0,0,0,0,0,0,1,MULTI_MISMATCH,2,1,B1,RETAIL_LIVE,
0x06033CBE,0x06033DC7,266,code,0,0,0,0,0,0,0,0,0,EXACT,1,1,B1,RETAIL_DEAD,
0x06033DC8,0x0603447F,1720,code,0,0,0,0,0,0,0,0,0,EXACT,1,1,B1,RETAIL_DEAD,
0x06034480,0x060345B5,310,code,0,0,0,0,0,0,0,0,0,NEW_INSIDE_OLD,1,1,B1,RETAIL_DEAD,
0x060345B6,0x060345FF,74,code,0,0,0,0,0,0,0,0,0,NEW_INSIDE_OLD,1,1,B1,RETAIL_DEAD,
0x06034600,0x06034647,72,code,0,0,0,0,0,0,0,0,0,NEW_INSIDE_OLD,1,1,B1,RETAIL_DEAD,
0x06034648,0x0603468D,70,code,0,0,0,0,0,0,0,0,0,NEW_INSIDE_OLD,1,1,B1,RETAIL_DEAD,
0x0603468E,0x060346E7,90,code,0,0,0,0,0,0,0,0,0,NEW_INSIDE_OLD,1,1,B1,RETAIL_DEAD,
0x060346E8,0x06034737,80,code,0,0,0,0,0,0,0,0,0,EXACT,1,1,B1,RETAIL_DEAD,
0x06034738,0x06034833,252,code,0,0,0,0,0,0,0,0,0,EXACT,1,1,B1,RETAIL_DEAD,
0x06034834,0x060348AD,122,code,0,0,0,0,0,0,0,0,0,EXACT,1,1,B1,RETAIL_DEAD,
0x060348AE,0x06034903,86,code,0,0,0,0,0,0,0,0,0,EXACT,1,1,B1,RETAIL_DEAD,
0x06034904,0x060349C7,196,code,0,0,0,0,0,0,0,0,0,EXACT,1,1,B1,RETAIL_DEAD,
0x060349C8,0x06034A55,142,code,0,0,0,0,0,0,0,0,0,NEW_INSIDE_OLD,1,1,B1,RETAIL_DEAD,
0x06034A56,0x06034A9F,74,code,0,0,0,0,0,0,0,0,0,NEW_INSIDE_OLD,1,1,B1,RETAIL_DEAD,
0x06034AA0,0x06034BA1,258,code,0,0,0,0,0,0,0,0,0,EXACT,1,1,B1,RETAIL_DEAD,
0x06034BA2,0x06034C67,198,code,0,0,0,0,0,0,0,0,0,MULTI_MISMATCH,3,3,B1,RETAIL_DEAD,
0x06034C68,0x06034C6F,8,code,0,0,0,0,0,0,0,0,0,NEW_INSIDE_OLD,1,1,B1,RETAIL_DEAD,
0x06034C70,0x06034CEB,124,code,0,0,0,0,0,0,0,0,0,EXACT,1,1,B1,RETAIL_DEAD,
0x06034CEC,0x06034D31,70,code,0,0,0,0,0,0,0,2,2,EXACT,1,0,,RETAIL_LIVE,
0x06034D32,0x06034D8F,94,code,0,0,0,0,0,0,0,2,2,EXACT,1,0,,RETAIL_LIVE,
0x06034D90,0x06034F3B,428,code,0,0,0,0,0,0,0,2,2,EXACT,1,0,,RETAIL_LIVE,
0x06034F3C,0x060351CB,656,code,0,0,0,0,0,0,0,3,3,MERGED,2,0,,RETAIL_LIVE,
0x060351CC,0x060352E7,284,code,0,88,88,88,88,24,0,2,2,NEW_INSIDE_OLD,1,0,,RETAIL_LIVE,
0x060352E8,0x0603549F,440,code,0,36,36,36,36,14,0,6,6,MULTI_MISMATCH,3,2,B1+B5,RETAIL_LIVE,
0x060354A0,0x06035623,388,code,0,292,294,292,292,60,0,2,2,EXACT,1,1,B3,RETAIL_LIVE,OLD_DEAD_BUT_RETAIL_RUNS
0x06035624,0x0603574F,300,code,0,204,204,198,208,34,0,4,12,MERGED,3,3,B5,RETAIL_LIVE,OLD_DEAD_BUT_RETAIL_RUNS
0x06035750,0x06035903,436,code,0,212,308,312,292,40,0,2,2,EXACT,1,1,B5,RETAIL_LIVE,OLD_DEAD_BUT_RETAIL_RUNS
0x06035904,0x06035B0D,522,code,0,438,462,462,462,40,0,2,2,EXACT,1,1,B3,RETAIL_LIVE,OLD_DEAD_BUT_RETAIL_RUNS
0x06035B0E,0x06035B2F,34,code,0,32,32,22,32,0,0,1,2,EXACT,1,1,B5,RETAIL_LIVE,OLD_DEAD_BUT_RETAIL_RUNS
0x06035B30,0x06035C57,296,code,0,194,194,194,194,82,0,2,2,EXACT,1,1,B3,RETAIL_LIVE,OLD_DEAD_BUT_RETAIL_RUNS
0x06035C58,0x06035C97,64,code,0,46,46,46,46,14,0,0,2,EXACT,1,1,B3,RETAIL_LIVE,OLD_DEAD_BUT_RETAIL_RUNS
0x06035C98,0x06035EE7,592,code,0,446,450,450,450,86,0,2,2,EXACT,1,1,B3,RETAIL_LIVE,OLD_DEAD_BUT_RETAIL_RUNS
0x06035EE8,0x06035F47,96,code,0,82,82,78,82,8,0,2,2,EXACT,1,1,B5,RETAIL_LIVE,OLD_DEAD_BUT_RETAIL_RUNS
0x06035F48,0x0603631B,980,code,0,684,686,716,716,124,0,2,2,EXACT,1,1,B3,RETAIL_LIVE,OLD_DEAD_BUT_RETAIL_RUNS
0x0603631C,0x060366EB,976,code,0,0,0,0,0,0,0,0,0,NEW_INSIDE_OLD,1,1,B3,RETAIL_DEAD,
0x060366EC,0x06036763,120,code,0,98,98,98,98,18,0,2,2,NEW_INSIDE_OLD,1,1,B3,RETAIL_LIVE,OLD_DEAD_BUT_RETAIL_RUNS
0x06036764,0x0603678F,44,code,0,0,0,0,0,2,0,0,0,MULTI_MISMATCH,2,2,B1+B3,RETAIL_DEAD,
0x06036790,0x060368D3,324,code,0,94,240,238,238,62,0,5,6,MERGED,3,3,B3+B5,RETAIL_LIVE,OLD_DEAD_BUT_RETAIL_RUNS
0x060368D4,0x06036913,64,code,0,46,46,46,46,8,0,2,2,EXACT,1,1,B3,RETAIL_LIVE,OLD_DEAD_BUT_RETAIL_RUNS
0x06036914,0x06036947,52,code,0,50,50,50,50,0,0,2,2,EXACT,1,1,B3,RETAIL_LIVE,OLD_DEAD_BUT_RETAIL_RUNS
0x06036948,0x0603698F,72,code,0,68,68,68,68,0,0,1,2,EXACT,1,1,B5,RETAIL_LIVE,OLD_DEAD_BUT_RETAIL_RUNS
0x06036990,0x06036A6F,224,code,0,206,206,206,206,10,0,5,5,EXACT,1,1,B3,RETAIL_LIVE,OLD_DEAD_BUT_RETAIL_RUNS
0x06036A70,0x06036AA7,56,code,0,40,40,40,40,0,0,2,2,EXACT,1,0,,RETAIL_LIVE,
0x06036AA8,0x06036B5F,184,code,0,144,144,144,144,16,0,3,3,MERGED,2,0,,RETAIL_LIVE,
0x06036B60,0x06036BB7,88,code,0,0,0,0,0,0,0,3,3,MERGED,2,0,,RETAIL_LIVE,
0x06036BB8,0x06036CEB,308,code,0,258,258,258,258,38,0,3,3,MULTI_MISMATCH,2,2,B5,RETAIL_LIVE,OLD_DEAD_BUT_RETAIL_RUNS
0x06036CEC,0x06036D51,102,code,0,66,66,66,66,8,0,0,3,MULTI_MISMATCH,2,2,B3+B5,RETAIL_LIVE,OLD_DEAD_BUT_RETAIL_RUNS
0x06036D52,0x06036D7B,42,code,0,32,32,32,32,0,0,0,2,EXACT,1,1,B3,RETAIL_LIVE,OLD_DEAD_BUT_RETAIL_RUNS
0x06036D7C,0x06036DA5,42,code,0,0,0,0,0,0,0,0,1,EXACT,1,1,B1,RETAIL_LIVE,OLD_DEAD_BUT_RETAIL_RUNS
0x06036DA6,0x06036E6B,198,code,0,0,0,0,0,20,0,0,0,EXACT,1,1,B1,RETAIL_DEAD,
0x06036E6C,0x06036E8F,36,code,0,28,28,0,28,0,0,2,2,EXACT,1,1,B1,RETAIL_LIVE,OLD_DEAD_BUT_RETAIL_RUNS
0x06036E90,0x06036EB3,36,code,0,0,0,0,0,0,0,1,1,EXACT,1,1,B1,RETAIL_LIVE,OLD_DEAD_BUT_RETAIL_RUNS
0x06036EB4,0x06036F3F,140,code,0,0,0,0,0,16,0,0,0,NEW_INSIDE_OLD,1,1,B5,RETAIL_DEAD,
0x06036F40,0x06036FDD,158,code,0,42,42,42,42,14,0,0,1,NEW_INSIDE_OLD,1,1,B5,RETAIL_LIVE,OLD_DEAD_BUT_RETAIL_RUNS
0x06036FDE,0x06037049,108,code,0,82,82,82,82,14,0,0,3,NEW_INSIDE_OLD,1,1,B5,RETAIL_LIVE,OLD_DEAD_BUT_RETAIL_RUNS
0x0603704A,0x0603709F,86,code,0,66,66,66,66,16,0,0,2,NEW_INSIDE_OLD,1,1,B5,RETAIL_LIVE,OLD_DEAD_BUT_RETAIL_RUNS
0x060370A0,0x060371FF,352,code,0,214,222,214,214,62,0,0,11,MULTI_MISMATCH,3,3,B5,RETAIL_LIVE,OLD_DEAD_BUT_RETAIL_RUNS
0x06037200,0x06037363,356,code,0,0,0,0,0,0,0,0,1,NEW_INSIDE_OLD,1,1,B5,RETAIL_LIVE,OLD_DEAD_BUT_RETAIL_RUNS
0x06037364,0x0603740D,170,code,0,0,0,0,0,0,0,0,0,NEW_INSIDE_OLD,1,1,B5,RETAIL_DEAD,
0x0603740E,0x06037441,52,code,0,0,0,0,0,0,0,0,0,NEW_INSIDE_OLD,1,1,B5,RETAIL_DEAD,
0x06037442,0x06037483,66,code,0,0,0,0,0,0,0,0,0,NEW_INSIDE_OLD,1,1,B5,RETAIL_DEAD,
0x06037484,0x060374F1,110,code,0,66,66,0,66,8,0,3,3,MULTI_MISMATCH,2,2,B5,RETAIL_LIVE,OLD_DEAD_BUT_RETAIL_RUNS
0x060374F2,0x06037591,160,code,0,42,42,0,42,14,0,1,1,NEW_INSIDE_OLD,1,1,B5,RETAIL_LIVE,OLD_DEAD_BUT_RETAIL_RUNS
0x06037592,0x060375F5,100,code,0,76,76,0,76,16,0,3,3,NEW_INSIDE_OLD,1,1,B5,RETAIL_LIVE,OLD_DEAD_BUT_RETAIL_RUNS
0x060375F6,0x06037653,94,code,0,38,38,0,38,18,0,1,1,NEW_INSIDE_OLD,1,1,B5,RETAIL_LIVE,OLD_DEAD_BUT_RETAIL_RUNS
0x06037654,0x06037B97,1348,code,0,522,742,686,774,104,0,5,15,MULTI_MISMATCH,3,3,B5,RETAIL_LIVE,OLD_DEAD_BUT_RETAIL_RUNS
0x06037B98,0x06037BF7,96,code,0,82,82,82,82,0,0,0,2,EXACT,1,1,B5,RETAIL_LIVE,OLD_DEAD_BUT_RETAIL_RUNS
0x06037BF8,0x06037D57,352,code,0,0,0,0,0,30,0,0,0,NEW_INSIDE_OLD,1,0,,RETAIL_DEAD,OLD_LIVE_BUT_RETAIL_DEAD
0x06037D58,0x06037D73,28,code,0,14,24,24,24,0,0,1,2,NEW_INSIDE_OLD,1,0,,RETAIL_LIVE,
0x06037D74,0x06037E27,180,code,0,16,16,16,16,8,2,1,2,NEW_INSIDE_OLD,1,0,,RETAIL_LIVE,
0x06037E28,0x060384C3,1692,code,0,534,534,370,534,112,0,8,13,EXACT,1,0,,RETAIL_LIVE,
0x060384C4,0x060385CD,266,code,0,232,232,232,232,0,0,3,3,EXACT,1,0,,RETAIL_LIVE,
0x060385CE,0x060386D7,266,code,0,128,128,174,128,72,0,2,2,EXACT,1,0,,RETAIL_LIVE,
0x060386D8,0x06038A81,938,code,0,768,768,748,774,62,0,2,2,EXACT,1,1,B3,RETAIL_LIVE,OLD_DEAD_BUT_RETAIL_RUNS
0x06038A82,0x06038BC3,322,code,0,146,146,146,146,36,0,3,3,MERGED,2,2,B2+B5,RETAIL_LIVE,OLD_DEAD_BUT_RETAIL_RUNS
0x06038BC4,0x06038C63,160,code,0,0,0,0,0,0,0,3,3,MERGED,2,2,B1+B2,RETAIL_LIVE,OLD_DEAD_BUT_RETAIL_RUNS
0x06038C64,0x06038DD7,372,code,0,242,242,220,242,36,0,2,2,EXACT,1,0,,RETAIL_LIVE,
0x06038DD8,0x06039013,572,code,0,220,250,192,262,28,0,3,3,MERGED,2,2,B2+B5,RETAIL_LIVE,OLD_DEAD_BUT_RETAIL_RUNS
0x06039014,0x0603910F,252,code,0,212,208,208,208,18,0,3,3,MERGED,2,0,,RETAIL_LIVE,
0x06039110,0x06039201,242,code,0,90,90,90,90,14,0,2,2,EXACT,1,0,,RETAIL_LIVE,
0x06039202,0x06039389,392,code,0,0,0,0,0,6,0,1,1,MERGED,2,2,B1,RETAIL_LIVE,OLD_DEAD_BUT_RETAIL_RUNS
0x0603938A,0x060394A7,286,code,0,68,68,68,68,16,0,2,2,MERGED,2,1,B1,RETAIL_LIVE,
0x060394A8,0x0603976B,708,code,0,0,0,0,0,0,0,0,0,EXACT,1,1,B1,RETAIL_DEAD,
0x0603976C,0x06039951,486,code,0,92,92,92,92,24,0,2,2,NEW_INSIDE_OLD,1,0,,RETAIL_LIVE,
0x06039952,0x06039AA3,338,code,0,108,122,0,108,18,0,1,1,NEW_INSIDE_OLD,1,0,,RETAIL_LIVE,
0x06039AA4,0x06039B8F,236,code,0,48,48,48,48,0,0,3,3,EXACT,1,1,B5,RETAIL_LIVE,OLD_DEAD_BUT_RETAIL_RUNS
0x06039B90,0x06039BE3,84,code,0,34,34,34,34,16,0,0,3,EXACT,1,1,B5,RETAIL_LIVE,OLD_DEAD_BUT_RETAIL_RUNS
0x06039BE4,0x06039DCB,488,code,0,256,376,376,376,40,0,2,2,EXACT,1,0,,RETAIL_LIVE,
0x06039DCC,0x06039ED7,268,code,0,80,80,80,80,16,0,2,2,EXACT,1,0,,RETAIL_LIVE,
0x06039ED8,0x0603A1A3,716,code,0,156,156,156,156,22,0,2,2,EXACT,1,1,B5,RETAIL_LIVE,OLD_DEAD_BUT_RETAIL_RUNS
0x0603A1A4,0x0603A545,930,code,0,0,0,0,0,0,0,0,4,NEW_INSIDE_OLD,1,1,B1,RETAIL_LIVE,OLD_DEAD_BUT_RETAIL_RUNS
0x0603A546,0x0603A613,206,code,0,0,0,0,0,0,0,0,4,MULTI_MISMATCH,3,2,B1,RETAIL_LIVE,
0x0603A614,0x0603A64F,60,code,0,56,56,56,56,0,0,2,2,NEW_INSIDE_OLD,1,0,,RETAIL_LIVE,
0x0603A650,0x0603A69F,80,code,0,0,0,0,0,0,0,1,2,EXACT,1,0,,RETAIL_LIVE,
0x0603A6A0,0x0603A6BB,28,code,0,0,0,0,0,0,0,0,1,EXACT,1,1,B1,RETAIL_LIVE,OLD_DEAD_BUT_RETAIL_RUNS
0x0603A6BC,0x0603A783,200,code,0,0,0,0,0,10,0,0,3,NEW_INSIDE_OLD,1,1,B5,RETAIL_LIVE,OLD_DEAD_BUT_RETAIL_RUNS
0x0603A784,0x0603AB13,912,code,0,0,0,0,0,0,0,0,7,MULTI_MISMATCH,3,3,B5,RETAIL_LIVE,OLD_DEAD_BUT_RETAIL_RUNS
0x0603AB14,0x0603AB65,82,code,0,0,0,0,0,0,0,0,2,EXACT,1,1,B5,RETAIL_LIVE,OLD_DEAD_BUT_RETAIL_RUNS
0x0603AB66,0x0603AEFF,922,code,0,0,0,0,0,0,0,0,4,MULTI_MISMATCH,2,2,B5,RETAIL_LIVE,OLD_DEAD_BUT_RETAIL_RUNS
0x0603AF00,0x0603B247,840,code,0,0,0,0,0,0,0,0,0,MULTI_MISMATCH,3,3,B1+B5,RETAIL_DEAD,
0x0603B248,0x0603B6FB,1204,code,0,0,0,0,0,0,0,0,11,MULTI_MISMATCH,5,5,B5,RETAIL_LIVE,OLD_DEAD_BUT_RETAIL_RUNS
0x0603B6FC,0x0603B93F,580,code,0,0,0,0,0,0,0,0,0,EXACT,1,1,B1,RETAIL_DEAD,
0x0603B940,0x0603B979,58,code,0,0,0,0,0,0,0,2,0,EXACT,1,1,B1,RETAIL_LIVE,OLD_DEAD_BUT_RETAIL_RUNS
0x0603B97A,0x0603BF9F,1574,code,0,0,0,0,0,0,0,23,0,MERGED,7,7,B1,RETAIL_LIVE,OLD_DEAD_BUT_RETAIL_RUNS
0x0603BFA0,0x0603BFE7,72,code,0,0,0,0,0,0,0,4,0,MERGED,2,2,B1,RETAIL_LIVE,OLD_DEAD_BUT_RETAIL_RUNS
0x0603BFE8,0x0603BFFD,22,code,0,0,0,0,0,0,0,1,0,EXACT,1,1,B1,RETAIL_LIVE,OLD_DEAD_BUT_RETAIL_RUNS
0x0603BFFE,0x0603C093,150,code,0,0,0,0,0,0,0,0,0,EXACT,1,1,B1,RETAIL_DEAD,
0x0603C094,0x0603C1A9,278,code,0,0,0,0,0,0,0,2,0,NEW_INSIDE_OLD,1,1,B1,RETAIL_LIVE,OLD_DEAD_BUT_RETAIL_RUNS
0x0603C1AA,0x0603C273,202,code,0,0,0,0,0,0,0,4,0,MULTI_MISMATCH,2,2,B1,RETAIL_LIVE,OLD_DEAD_BUT_RETAIL_RUNS
0x0603C274,0x0603C2BB,72,code,0,0,0,0,0,0,0,2,0,EXACT,1,1,B1,RETAIL_LIVE,OLD_DEAD_BUT_RETAIL_RUNS
0x0603C2BC,0x0603C303,72,code,0,0,0,0,0,0,0,2,0,EXACT,1,1,B1,RETAIL_LIVE,OLD_DEAD_BUT_RETAIL_RUNS
0x0603C304,0x0603C337,52,code,0,0,0,0,0,0,0,0,0,EXACT,1,1,B1,RETAIL_DEAD,
0x0603C338,0x0603C46B,308,code,0,0,0,0,0,0,0,0,0,MERGED,2,2,B1,RETAIL_DEAD,
0x0603C46C,0x0603C5CB,352,code,0,0,0,0,0,0,0,0,0,MERGED,2,2,B1,RETAIL_DEAD,
0x0603C5CC,0x0603C69F,212,code,0,108,108,68,108,20,0,3,3,EXACT,1,0,,RETAIL_LIVE,
0x0603C6A0,0x0603C795,246,code,0,0,0,0,0,0,0,0,0,EXACT,1,1,B1,RETAIL_DEAD,
0x0603C796,0x0603C96B,470,code,0,0,0,0,0,0,0,0,0,MERGED,2,2,B1,RETAIL_DEAD,
0x0603C96C,0x0603C993,40,code,0,0,0,0,0,0,0,0,0,MERGED,2,2,B1,RETAIL_DEAD,
0x0603C994,0x0603CC67,724,code,0,0,0,0,0,0,0,0,0,EXACT,1,1,B1,RETAIL_DEAD,
0x0603CC68,0x0603CD31,202,code,0,0,0,0,0,0,0,0,0,EXACT,1,1,B1,RETAIL_DEAD,
0x0603CD32,0x0603CDD7,166,code,0,0,0,0,0,0,0,0,0,EXACT,1,1,B1,RETAIL_DEAD,
0x0603CDD8,0x0603CE87,176,code,0,0,0,0,0,0,0,3,3,MERGED,2,0,,RETAIL_LIVE,
0x0603CE88,0x0603D0C9,578,code,0,0,0,0,0,0,0,2,2,EXACT,1,0,,RETAIL_LIVE,
0x0603D0CA,0x0603D4CD,1028,code,0,0,0,0,0,0,0,2,2,EXACT,1,0,,RETAIL_LIVE,
0x0603D4CE,0x0603D557,138,code,0,0,0,0,0,0,0,4,4,MERGED,3,0,,RETAIL_LIVE,
0x0603D558,0x0603D6E3,396,code,0,0,0,0,0,0,0,3,3,MERGED,2,0,,RETAIL_LIVE,
0x0603D6E4,0x0603D97F,668,code,0,0,0,0,0,0,0,0,0,MERGED,2,2,B1,RETAIL_DEAD,
0x0603D980,0x0603DA51,210,code,0,0,0,0,0,0,0,3,0,MULTI_MISMATCH,2,1,B1,RETAIL_LIVE,
0x0603DA52,0x0603DA77,38,code,0,0,0,0,0,0,0,1,2,NEW_INSIDE_OLD,1,0,,RETAIL_LIVE,
0x0603DA78,0x0603DAEB,116,code,0,0,0,0,0,0,0,2,2,EXACT,1,0,,RETAIL_LIVE,
0x0603DAEC,0x0603DB11,38,code,0,0,0,0,0,0,0,2,2,NEW_INSIDE_OLD,1,0,,RETAIL_LIVE,
0x0603DB12,0x0603DB9B,138,code,0,0,0,0,0,0,0,0,0,NEW_INSIDE_OLD,1,0,,RETAIL_DEAD,OLD_LIVE_BUT_RETAIL_DEAD
0x0603DB9C,0x0603DC9B,256,code,0,0,0,0,0,0,0,0,0,EXACT,1,1,B1,RETAIL_DEAD,
0x0603DC9C,0x0603DD17,124,code,0,0,0,0,0,0,0,3,3,MERGED,2,2,B5,RETAIL_LIVE,OLD_DEAD_BUT_RETAIL_RUNS
0x0603DD18,0x0603DDAD,150,code,0,0,0,0,0,0,0,1,1,EXACT,1,1,B1,RETAIL_LIVE,OLD_DEAD_BUT_RETAIL_RUNS
0x0603DDAE,0x0603DE67,186,code,0,0,0,0,0,0,0,2,3,EXACT,1,1,B5,RETAIL_LIVE,OLD_DEAD_BUT_RETAIL_RUNS
0x0603DE68,0x0603DEBB,84,code,0,0,0,0,0,0,0,1,2,EXACT,1,1,B5,RETAIL_LIVE,OLD_DEAD_BUT_RETAIL_RUNS
0x0603DEBC,0x0603DEFB,64,code,0,0,0,0,0,0,0,0,1,NEW_INSIDE_OLD,1,1,B5,RETAIL_LIVE,OLD_DEAD_BUT_RETAIL_RUNS
0x0603DEFC,0x0603DF27,44,code,0,0,0,0,0,0,0,0,0,NEW_INSIDE_OLD,1,1,B5,RETAIL_DEAD,
0x0603DF28,0x0603DF83,92,code,0,0,0,0,0,0,0,0,0,EXACT,1,1,B1,RETAIL_DEAD,
0x0603DF84,0x0603E0B9,310,code,0,0,0,0,0,0,0,0,0,EXACT,1,1,B1,RETAIL_DEAD,
0x0603E0BA,0x0603E14B,146,code,0,0,0,0,0,0,0,0,0,EXACT,1,1,B1,RETAIL_DEAD,
0x0603E14C,0x0603E33F,500,code,0,0,0,0,0,0,0,2,2,EXACT,1,1,B5,RETAIL_LIVE,OLD_DEAD_BUT_RETAIL_RUNS
0x0603E340,0x0603E393,84,code,0,0,0,0,0,0,0,4,4,MULTI_MISMATCH,2,2,B5,RETAIL_LIVE,OLD_DEAD_BUT_RETAIL_RUNS
0x0603E394,0x0603E3E7,84,code,0,0,0,0,0,0,0,0,0,MULTI_MISMATCH,2,2,B5,RETAIL_DEAD,
0x0603E3E8,0x0603E45B,116,code,0,0,0,0,0,0,0,0,0,MULTI_MISMATCH,2,2,B1,RETAIL_DEAD,
0x0603E45C,0x0603E471,22,code,0,0,0,0,0,0,0,0,0,NEW_INSIDE_OLD,1,1,B1,RETAIL_DEAD,
0x0603E472,0x0603E487,22,code,0,0,0,0,0,0,0,0,0,EXACT,1,1,B1,RETAIL_DEAD,
0x0603E488,0x0603E4A3,28,code,0,0,0,0,0,0,0,2,2,EXACT,1,0,,RETAIL_LIVE,
0x0603E4A4,0x0603E60B,360,code,0,0,0,0,0,0,0,2,2,EXACT,1,0,,RETAIL_LIVE,
0x0603E60C,0x0603E773,360,code,0,0,0,0,0,0,0,0,0,EXACT,1,1,B5,RETAIL_DEAD,
0x0603E774,0x0603E7AF,60,code,0,0,0,0,0,0,0,0,0,MERGED,2,2,B1,RETAIL_DEAD,
0x0603E7B0,0x0603E913,356,code,0,0,0,0,0,0,0,2,2,EXACT,1,1,B5,RETAIL_LIVE,OLD_DEAD_BUT_RETAIL_RUNS
0x0603E914,0x0603E951,62,code,0,0,0,0,0,0,0,1,1,MERGED,2,2,B1,RETAIL_LIVE,OLD_DEAD_BUT_RETAIL_RUNS
0x0603E952,0x0603E9A3,82,code,0,0,0,0,0,0,0,2,2,EXACT,1,1,B5,RETAIL_LIVE,OLD_DEAD_BUT_RETAIL_RUNS
0x0603E9A4,0x0603E9E1,62,code,0,0,0,0,0,0,0,3,3,MERGED,2,0,,RETAIL_LIVE,
0x0603E9E2,0x0603EA6B,138,code,0,0,0,0,0,0,0,3,3,EXACT,1,0,,RETAIL_LIVE,
0x0603EA6C,0x0603EAA9,62,code,0,0,0,0,0,0,0,1,1,MERGED,2,1,B1,RETAIL_LIVE,
0x0603EAAA,0x0603EBE1,312,code,0,0,0,0,0,0,0,2,2,EXACT,1,1,B5,RETAIL_LIVE,OLD_DEAD_BUT_RETAIL_RUNS
0x0603EBE2,0x0603EC3F,94,code,0,0,0,0,0,0,0,1,3,MULTI_MISMATCH,2,1,B5,RETAIL_LIVE,
0x0603EC40,0x0603EC53,20,code,0,0,0,0,0,0,0,3,3,MULTI_MISMATCH,2,0,,RETAIL_LIVE,
0x0603EC54,0x0603EC85,50,code,0,0,0,0,0,0,0,2,2,EXACT,1,0,,RETAIL_LIVE,
0x0603EC86,0x0603ECEF,106,code,0,0,0,0,0,0,0,7,7,MERGED,2,0,,RETAIL_LIVE,
0x0603ECF0,0x0603ED5B,108,code,0,0,0,0,0,0,0,1,5,MERGED,2,1,B5,RETAIL_LIVE,
0x0603ED5C,0x0603ED91,54,code,0,0,0,0,0,0,0,3,3,MERGED,2,0,,RETAIL_LIVE,
0x0603ED92,0x0603EDC7,54,code,0,0,0,0,0,0,0,1,1,MERGED,2,1,B1,RETAIL_LIVE,
0x0603EDC8,0x0603EE33,108,code,0,0,0,0,0,0,0,5,5,MULTI_MISMATCH,2,0,,RETAIL_LIVE,
0x0603EE34,0x0603EE47,20,code,0,0,0,0,0,0,0,4,4,MULTI_MISMATCH,3,0,,RETAIL_LIVE,
0x0603EE48,0x0603EE63,28,code,0,0,0,0,0,0,0,2,2,EXACT,1,0,,RETAIL_LIVE,
0x0603EE64,0x0603EEBB,88,code,0,0,0,0,0,0,0,2,5,EXACT,1,0,,RETAIL_LIVE,
0x0603EEBC,0x0603F03B,384,code,0,0,0,0,0,0,0,4,12,MERGED,2,0,,RETAIL_LIVE,
0x0603F03C,0x0603F053,24,code,0,0,0,0,0,0,0,0,0,EXACT,1,1,B5,RETAIL_DEAD,
0x0603F054,0x0603F0B3,96,code,0,0,0,0,0,0,0,0,0,EXACT,1,1,B1,RETAIL_DEAD,
0x0603F0B4,0x0603F10D,90,code,0,0,0,0,0,0,0,0,5,MERGED,2,2,B5,RETAIL_LIVE,OLD_DEAD_BUT_RETAIL_RUNS
0x0603F10E,0x0603F131,36,code,0,0,0,0,0,0,0,3,4,MULTI_MISMATCH,2,0,,RETAIL_LIVE,
0x0603F132,0x0603F165,52,code,0,0,0,0,0,0,0,3,3,MULTI_MISMATCH,3,0,,RETAIL_LIVE,
0x0603F166,0x0603F457,754,code,0,0,0,0,0,0,0,2,2,NEW_INSIDE_OLD,1,0,,RETAIL_LIVE,
0x0603F458,0x0603F4AF,88,code,0,0,0,0,0,0,0,0,0,NEW_INSIDE_OLD,1,0,,RETAIL_DEAD,OLD_LIVE_BUT_RETAIL_DEAD
0x0603F4B0,0x0603F4BD,14,code,0,0,0,0,0,0,0,0,0,NEW_INSIDE_OLD,1,1,B1,RETAIL_DEAD,
0x0603F4BE,0x0603F503,70,code,0,0,0,0,0,0,0,0,2,MULTI_MISMATCH,2,2,B1+B5,RETAIL_LIVE,OLD_DEAD_BUT_RETAIL_RUNS
0x0603F504,0x0603F533,48,code,0,0,0,0,0,0,0,0,5,MERGED,3,3,B1+B5,RETAIL_LIVE,OLD_DEAD_BUT_RETAIL_RUNS
0x0603F534,0x0603F58B,88,code,0,0,0,0,0,0,0,4,5,MERGED,2,0,,RETAIL_LIVE,
0x0603F58C,0x0603F5FD,114,code,0,0,0,0,0,0,0,0,3,EXACT,1,1,B5,RETAIL_LIVE,OLD_DEAD_BUT_RETAIL_RUNS
0x0603F5FE,0x0603F61B,30,code,0,0,0,0,0,0,0,0,1,EXACT,1,1,B1,RETAIL_LIVE,OLD_DEAD_BUT_RETAIL_RUNS
0x0603F61C,0x0603F6BD,162,code,0,0,0,0,0,0,0,2,2,EXACT,1,0,,RETAIL_LIVE,
0x0603F6BE,0x0603F6F7,58,code,0,0,0,0,0,0,0,3,3,MERGED,2,0,,RETAIL_LIVE,
0x0603F6F8,0x0603F75B,100,code,0,0,0,0,0,0,0,2,2,NEW_INSIDE_OLD,1,0,,RETAIL_LIVE,
0x0603F75C,0x0603F76F,20,code,0,0,0,0,0,0,0,3,3,MULTI_MISMATCH,2,0,,RETAIL_LIVE,
0x0603F770,0x0603F7B7,72,code,0,0,0,0,0,0,0,2,2,EXACT,1,0,,RETAIL_LIVE,
0x0603F7B8,0x0603F99B,484,code,0,0,0,0,0,0,0,3,3,MULTI_MISMATCH,2,0,,RETAIL_LIVE,
0x0603F99C,0x0603F9E7,76,code,0,0,0,0,0,0,0,4,4,MULTI_MISMATCH,3,0,,RETAIL_LIVE,
0x0603F9E8,0x0603FA1D,54,code,0,0,0,0,0,0,0,3,3,MERGED,2,2,B5,RETAIL_LIVE,OLD_DEAD_BUT_RETAIL_RUNS
0x0603FA1E,0x0603FA53,54,code,0,0,0,0,0,0,0,1,1,MERGED,2,2,B1,RETAIL_LIVE,OLD_DEAD_BUT_RETAIL_RUNS
0x0603FA54,0x0603FAA7,84,code,0,0,0,0,0,0,0,3,3,MERGED,2,2,B5,RETAIL_LIVE,OLD_DEAD_BUT_RETAIL_RUNS
0x0603FAA8,0x0603FABD,22,code,0,0,0,0,0,0,0,2,2,NEW_INSIDE_OLD,1,1,B5,RETAIL_LIVE,OLD_DEAD_BUT_RETAIL_RUNS
0x0603FABE,0x0603FAD3,22,code,0,0,0,0,0,0,0,2,1,NEW_INSIDE_OLD,1,1,B5,RETAIL_LIVE,OLD_DEAD_BUT_RETAIL_RUNS
0x0603FAD4,0x0603FAE9,22,code,0,0,0,0,0,0,0,1,0,NEW_INSIDE_OLD,1,1,B5,RETAIL_LIVE,OLD_DEAD_BUT_RETAIL_RUNS
0x0603FAEA,0x0603FBCF,230,code,0,0,0,0,0,0,0,0,6,NEW_INSIDE_OLD,1,1,B5,RETAIL_LIVE,OLD_DEAD_BUT_RETAIL_RUNS
0x0603FBD0,0x0603FBFB,44,code,0,0,0,0,0,0,0,2,2,NEW_INSIDE_OLD,1,1,B5,RETAIL_LIVE,OLD_DEAD_BUT_RETAIL_RUNS
0x0603FBFC,0x0603FC0F,20,code,0,0,0,0,0,0,0,1,1,MERGED,2,2,B1,RETAIL_LIVE,OLD_DEAD_BUT_RETAIL_RUNS
0x0603FC10,0x0603FC6F,96,code,0,0,0,0,0,0,0,3,3,NEW_INSIDE_OLD,1,1,B5,RETAIL_LIVE,OLD_DEAD_BUT_RETAIL_RUNS
0x0603FC70,0x0603FC83,20,code,0,0,0,0,0,0,0,0,0,NEW_INSIDE_OLD,1,1,B5,RETAIL_DEAD,
0x0603FC84,0x0603FCC3,64,code,0,0,0,0,0,0,0,0,0,MULTI_MISMATCH,2,2,B1+B5,RETAIL_DEAD,
0x0603FCC4,0x0603FCEF,44,code,0,0,0,0,0,0,0,0,0,MULTI_MISMATCH,2,2,B1,RETAIL_DEAD,
0x0603FCF0,0x0603FD07,24,code,0,0,0,0,0,0,0,0,0,MULTI_MISMATCH,2,2,B1,RETAIL_DEAD,
0x0603FD08,0x0603FD1F,24,code,0,0,0,0,0,0,0,0,0,MULTI_MISMATCH,2,2,B1,RETAIL_DEAD,
0x0603FD20,0x0603FDD7,184,code,0,0,0,0,0,0,0,0,0,EXACT,1,1,B1,RETAIL_DEAD,
0x0603FDD8,0x0603FE93,188,code,0,0,0,0,0,0,0,0,0,EXACT,1,1,B1,RETAIL_DEAD,
0x0603FE94,0x0603FEE7,84,code,0,0,0,0,0,0,0,0,0,EXACT,1,1,B1,RETAIL_DEAD,
0x0603FEE8,0x0603FF47,96,code,0,0,0,0,0,0,0,0,0,NEW_INSIDE_OLD,1,1,B1,RETAIL_DEAD,
0x0603FF48,0x0603FF63,28,code,0,0,0,0,0,0,0,0,0,NEW_INSIDE_OLD,1,1,B1,RETAIL_DEAD,
0x0603FF64,0x0603FFBB,88,code,0,0,0,0,0,0,0,0,0,MULTI_MISMATCH,2,1,B1,RETAIL_DEAD,
0x0603FFBC,0x0603FFCF,20,code,0,0,0,0,0,0,0,3,3,MULTI_MISMATCH,2,0,,RETAIL_LIVE,
0x0603FFD0,0x06040017,72,code,0,0,0,0,0,0,0,2,2,NEW_INSIDE_OLD,1,0,,RETAIL_LIVE,
0x06040018,0x0604002B,20,code,0,0,0,0,0,0,0,0,0,MULTI_MISMATCH,2,1,B1,RETAIL_DEAD,
0x0604002C,0x0604006B,64,code,0,0,0,0,0,0,0,2,2,NEW_INSIDE_OLD,1,1,B5,RETAIL_LIVE,OLD_DEAD_BUT_RETAIL_RUNS
0x0604006C,0x0604007F,20,code,0,0,0,0,0,0,0,0,0,MULTI_MISMATCH,2,2,B1+B5,RETAIL_DEAD,
0x06040080,0x060400AD,46,code,0,0,0,0,0,0,0,0,0,NEW_INSIDE_OLD,1,1,B1,RETAIL_DEAD,
0x060400AE,0x060400C3,22,code,0,0,0,0,0,0,0,0,0,MULTI_MISMATCH,2,2,B1,RETAIL_DEAD,
0x060400C4,0x060400F7,52,code,0,0,0,0,0,0,0,0,0,EXACT,1,1,B1,RETAIL_DEAD,
0x060400F8,0x0604016B,116,code,0,0,0,0,0,0,0,2,2,NEW_INSIDE_OLD,1,0,,RETAIL_LIVE,
0x0604016C,0x0604025B,240,code,0,0,0,0,0,0,0,5,5,NEW_INSIDE_OLD,1,0,,RETAIL_LIVE,
0x0604025C,0x0604027F,36,code,0,0,0,0,0,0,0,2,2,EXACT,1,0,,RETAIL_LIVE,
0x06040280,0x06040417,408,code,0,0,0,0,0,0,0,0,3,MERGED,2,0,,RETAIL_LIVE,
0x06040418,0x0604047F,104,code,0,0,0,0,0,0,0,0,2,EXACT,1,0,,RETAIL_LIVE,
0x06040480,0x060405CB,332,code,0,0,0,0,0,0,0,0,2,NEW_INSIDE_OLD,1,0,,RETAIL_LIVE,
0x060405CC,0x060405F7,44,code,0,0,0,0,0,0,0,0,0,NEW_INSIDE_OLD,1,0,,RETAIL_DEAD,OLD_LIVE_BUT_RETAIL_DEAD
0x060405F8,0x060407D3,476,code,0,294,294,294,296,72,0,6,6,MULTI_MISMATCH,3,0,,RETAIL_LIVE,
0x060407D4,0x0604085F,140,code,0,82,82,82,82,28,0,2,2,EXACT,1,0,,RETAIL_LIVE,
0x06040860,0x06040A63,516,code,0,160,158,124,156,144,0,2,2,EXACT,1,0,,RETAIL_LIVE,
0x06040A64,0x06040A7D,26,code,0,0,0,0,0,0,0,0,0,EXACT,1,1,B1,RETAIL_DEAD,
0x06040A7E,0x06040B8B,270,code,0,4,4,0,4,12,0,1,1,EXACT,1,1,B5,RETAIL_LIVE,OLD_DEAD_BUT_RETAIL_RUNS
0x06040B8C,0x06040CEF,356,code,0,0,0,0,0,0,0,3,3,MERGED,2,0,,RETAIL_LIVE,
0x06040CF0,0x06040DA7,184,code,0,0,0,0,0,0,0,2,2,NEW_INSIDE_OLD,1,1,B5,RETAIL_LIVE,OLD_DEAD_BUT_RETAIL_RUNS
0x06040DA8,0x06040DCB,36,code,0,0,0,0,0,0,0,0,0,NEW_INSIDE_OLD,1,1,B5,RETAIL_DEAD,
0x06040DCC,0x06040E1B,80,code,0,0,0,0,0,0,0,0,0,MERGED,2,2,B1,RETAIL_DEAD,
0x06040E1C,0x06040E7F,100,code,0,0,0,0,0,0,0,0,0,MULTI_MISMATCH,2,1,B1,RETAIL_DEAD,
0x06040E80,0x06041003,388,code,0,12,12,12,12,2,0,3,3,MULTI_MISMATCH,4,3,B1,RETAIL_LIVE,
0x06041004,0x06041019,22,code,0,0,0,0,0,0,0,0,0,NEW_INSIDE_OLD,1,1,B1,RETAIL_DEAD,
0x0604101A,0x060410B1,152,code,0,0,0,0,0,0,0,0,0,EXACT,1,1,B1,RETAIL_DEAD,
0x060410B2,0x0604148B,986,code,0,0,0,0,0,0,0,0,2,EXACT,1,0,,RETAIL_LIVE,
0x0604148C,0x060416F1,614,code,0,0,0,0,0,0,0,2,2,EXACT,1,0,,RETAIL_LIVE,
0x060416F2,0x0604177B,138,code,0,52,52,52,52,24,0,1,1,EXACT,1,0,,RETAIL_LIVE,
0x0604177C,0x0604208B,2320,code,0,304,226,578,322,130,0,2,2,EXACT,1,0,,RETAIL_LIVE,
0x0604208C,0x060423DB,848,code,0,84,158,258,320,58,0,2,2,EXACT,1,0,,RETAIL_LIVE,
0x060423DC,0x06042453,120,code,0,114,114,114,114,0,0,2,2,EXACT,1,0,,RETAIL_LIVE,
0x06042454,0x060424B7,100,code,0,0,84,84,0,10,0,1,1,EXACT,1,0,,RETAIL_LIVE,
0x060424B8,0x06042529,114,code,0,0,0,104,104,0,0,0,2,NEW_INSIDE_OLD,1,1,B5,RETAIL_LIVE,OLD_DEAD_BUT_RETAIL_RUNS
0x0604252A,0x0604256B,66,code,0,0,38,0,0,12,0,0,1,NEW_INSIDE_OLD,1,1,B5,RETAIL_LIVE,OLD_DEAD_BUT_RETAIL_RUNS
0x0604256C,0x060425DB,112,code,0,0,0,0,0,0,0,2,2,EXACT,1,0,,RETAIL_LIVE,
0x060425DC,0x0604264B,112,code,0,68,68,68,68,12,0,2,2,EXACT,1,0,,RETAIL_LIVE,
0x0604264C,0x06042997,844,code,0,130,130,130,130,32,0,2,2,EXACT,1,0,,RETAIL_LIVE,
0x06042998,0x060429CD,54,code,0,0,0,0,0,0,0,0,0,EXACT,1,1,B1,RETAIL_DEAD,
0x060429CE,0x06042AF7,298,code,0,0,172,0,0,18,0,0,0,MERGED,2,2,B1,RETAIL_LIVE,OLD_DEAD_BUT_RETAIL_RUNS
0x06042AF8,0x06042B73,124,code,0,0,102,0,0,16,0,0,0,EXACT,1,1,B1,RETAIL_LIVE,OLD_DEAD_BUT_RETAIL_RUNS
0x06042B74,0x06042C63,240,code,0,0,148,0,0,42,0,0,0,MERGED,2,2,B1,RETAIL_LIVE,OLD_DEAD_BUT_RETAIL_RUNS
0x06042C64,0x06042CE3,128,code,0,0,42,0,0,10,0,0,0,MERGED,2,2,B1,RETAIL_LIVE,OLD_DEAD_BUT_RETAIL_RUNS
0x06042CE4,0x06042DC3,224,code,0,0,168,0,0,46,0,0,0,EXACT,1,1,B1,RETAIL_LIVE,OLD_DEAD_BUT_RETAIL_RUNS
0x06042DC4,0x06042DF7,52,code,0,0,0,0,0,0,0,0,2,EXACT,1,1,B1,RETAIL_LIVE,OLD_DEAD_BUT_RETAIL_RUNS
0x06042DF8,0x06042F2B,308,code,0,0,0,0,0,0,0,0,3,MERGED,2,2,B1,RETAIL_LIVE,OLD_DEAD_BUT_RETAIL_RUNS
0x06042F2C,0x0604310F,484,code,0,0,0,0,0,0,0,0,3,EXACT,1,1,B1,RETAIL_LIVE,OLD_DEAD_BUT_RETAIL_RUNS
0x06043110,0x06043177,104,code,0,0,0,0,0,0,0,0,3,MULTI_MISMATCH,2,1,B1,RETAIL_LIVE,
0x06043178,0x060431BB,68,code,0,0,0,0,0,0,0,0,2,NEW_INSIDE_OLD,1,0,,RETAIL_LIVE,
0x060431BC,0x060431C5,10,code,0,0,0,0,0,0,0,2,2,NEW_INSIDE_OLD,1,0,,RETAIL_LIVE,
0x060431C6,0x060431F7,50,code,0,0,0,0,0,0,0,1,1,NEW_INSIDE_OLD,1,0,,RETAIL_LIVE,
0x060431F8,0x06043383,396,code,0,308,308,300,308,22,0,2,2,EXACT,1,0,,RETAIL_LIVE,
0x06043384,0x060433EF,108,code,0,66,66,66,66,36,0,2,2,EXACT,1,0,,RETAIL_LIVE,
0x060433F0,0x0604345F,112,code,0,0,0,0,0,0,0,2,2,EXACT,1,0,,RETAIL_LIVE,
0x06043460,0x060434CF,112,code,0,0,0,0,0,0,0,2,2,EXACT,1,0,,RETAIL_LIVE,
0x060434D0,0x0604362F,352,code,0,128,0,0,0,210,0,0,0,EXACT,1,1,B1,RETAIL_LIVE,OLD_DEAD_BUT_RETAIL_RUNS
0x06043630,0x060436CF,160,code,0,0,94,0,0,44,0,0,0,EXACT,1,1,B1,RETAIL_LIVE,OLD_DEAD_BUT_RETAIL_RUNS
0x060436D0,0x06043747,120,code,0,0,0,70,0,34,0,0,0,EXACT,1,1,B1,RETAIL_LIVE,OLD_DEAD_BUT_RETAIL_RUNS
0x06043748,0x0604380F,200,code,0,0,0,124,0,50,0,0,0,EXACT,1,1,B1,RETAIL_LIVE,OLD_DEAD_BUT_RETAIL_RUNS
0x06043810,0x06043853,68,code,0,0,0,36,0,22,0,0,0,EXACT,1,1,B1,RETAIL_LIVE,OLD_DEAD_BUT_RETAIL_RUNS
0x06043854,0x060438C7,116,code,0,0,0,0,70,30,0,0,0,EXACT,1,1,B1,RETAIL_LIVE,OLD_DEAD_BUT_RETAIL_RUNS
0x060438C8,0x06043933,108,code,0,0,0,0,66,30,0,0,0,EXACT,1,1,B1,RETAIL_LIVE,OLD_DEAD_BUT_RETAIL_RUNS
0x06043934,0x0604398B,88,code,0,0,0,0,60,16,0,0,0,EXACT,1,1,B1,RETAIL_LIVE,OLD_DEAD_BUT_RETAIL_RUNS
0x0604398C,0x060439F3,104,code,0,0,58,0,0,36,0,0,0,EXACT,1,1,B1,RETAIL_LIVE,OLD_DEAD_BUT_RETAIL_RUNS
0x060439F4,0x06043B03,272,code,0,18,30,80,12,40,0,2,2,EXACT,1,0,,RETAIL_LIVE,
0x06043B04,0x06043B87,132,code,0,82,82,82,82,28,0,2,2,NEW_INSIDE_OLD,1,0,,RETAIL_LIVE,
0x06043B88,0x06043C1F,152,code,0,0,74,0,0,64,0,0,0,MULTI_MISMATCH,2,1,B1,RETAIL_LIVE,
0x06043C20,0x06043CCB,172,code,0,0,0,0,0,0,0,0,0,EXACT,1,1,B1,RETAIL_DEAD,
0x06043CCC,0x06043F0F,580,code,0,0,0,0,0,0,0,0,3,MERGED,2,2,B1,RETAIL_LIVE,OLD_DEAD_BUT_RETAIL_RUNS
0x06043F10,0x06043F23,20,code,0,0,0,0,0,0,0,0,2,EXACT,1,1,B1,RETAIL_LIVE,OLD_DEAD_BUT_RETAIL_RUNS
0x06043F24,0x0604405F,316,code,0,0,0,0,0,0,0,0,2,EXACT,1,1,B1,RETAIL_LIVE,OLD_DEAD_BUT_RETAIL_RUNS
0x06044060,0x060440DF,128,code,0,72,72,72,72,28,0,0,0,EXACT,1,1,B1,RETAIL_LIVE,OLD_DEAD_BUT_RETAIL_RUNS
0x060440E0,0x06044137,88,code,0,62,62,62,62,16,0,0,0,EXACT,1,1,B1,RETAIL_LIVE,OLD_DEAD_BUT_RETAIL_RUNS
0x06044138,0x06044343,524,code,0,0,0,0,0,0,0,2,2,EXACT,1,0,,RETAIL_LIVE,
0x06044344,0x06044587,580,code,0,306,306,306,306,24,0,2,2,EXACT,1,0,,RETAIL_LIVE,
0x06044588,0x0604465F,216,code,0,0,0,0,0,32,0,1,1,NEW_INSIDE_OLD,1,0,,RETAIL_LIVE,
0x06044660,0x0604469D,62,code,0,0,0,0,0,0,0,0,0,NEW_INSIDE_OLD,1,0,,RETAIL_DEAD,OLD_LIVE_BUT_RETAIL_DEAD
0x0604469E,0x060446F3,86,code,0,0,0,0,0,0,0,0,0,NEW_INSIDE_OLD,1,0,,RETAIL_DEAD,OLD_LIVE_BUT_RETAIL_DEAD
0x060446F4,0x06044787,148,code,0,0,0,0,0,0,0,0,2,EXACT,1,0,,RETAIL_LIVE,
0x06044788,0x06044833,172,code,0,0,0,0,0,0,0,0,2,EXACT,1,0,,RETAIL_LIVE,
0x06044834,0x06044847,20,code,0,18,18,18,18,0,0,0,2,EXACT,1,0,,RETAIL_LIVE,
0x06044848,0x0604499F,344,code,0,92,92,92,92,36,0,0,2,EXACT,1,0,,RETAIL_LIVE,
0x060449A0,0x06044A99,250,code,0,168,168,168,168,32,0,0,3,MERGED,3,1,B1,RETAIL_LIVE,
0x06044A9A,0x06044B1F,134,code,0,0,0,0,0,0,0,0,0,EXACT,1,1,B1,RETAIL_DEAD,
0x06044B20,0x06044BCB,172,code,0,0,0,0,0,0,0,0,0,EXACT,1,1,B1,RETAIL_DEAD,
0x06044BCC,0x06044D63,408,code,0,0,0,0,0,0,0,2,2,EXACT,1,0,,RETAIL_LIVE,
0x06044D64,0x06044D73,16,code,0,0,0,0,0,0,0,0,0,EXACT,1,1,B1,RETAIL_DEAD,
0x06044D74,0x06044DA7,52,code,0,42,42,42,42,4,0,4,4,MERGED,2,0,,RETAIL_LIVE,
0x06044DA8,0x06044DB7,16,code,0,0,0,0,0,0,0,0,0,EXACT,1,1,B1,RETAIL_DEAD,
0x06044DB8,0x06044DEF,56,code,0,52,52,52,52,0,0,2,2,NEW_INSIDE_OLD,1,0,,RETAIL_LIVE,
0x06044DF0,0x06044DF3,4,code,0,2,2,2,2,0,0,0,0,NEW_INSIDE_OLD,1,0,,RETAIL_LIVE,
0x06044DF4,0x06044E27,52,code,0,50,50,50,50,0,0,2,2,NEW_INSIDE_OLD,1,0,,RETAIL_LIVE,
0x06044E28,0x06044E3B,20,code,0,16,16,16,16,0,0,2,2,EXACT,1,0,,RETAIL_LIVE,
0x06044E3C,0x06044E5F,36,code,0,34,34,34,34,0,0,2,2,NEW_INSIDE_OLD,1,0,,RETAIL_LIVE,
0x06044E60,0x06044E83,36,code,0,0,0,34,0,0,0,1,1,NEW_INSIDE_OLD,1,0,,RETAIL_LIVE,
0x06044E84,0x06044EAB,40,code,0,0,0,0,0,0,0,0,0,NEW_INSIDE_OLD,1,0,,RETAIL_DEAD,OLD_LIVE_BUT_RETAIL_DEAD
0x06044EAC,0x06044ED3,40,code,0,0,0,0,0,0,0,0,0,NEW_INSIDE_OLD,1,0,,RETAIL_DEAD,OLD_LIVE_BUT_RETAIL_DEAD
0x06044ED4,0x06044EF3,32,code,0,0,0,0,0,0,0,0,0,NEW_INSIDE_OLD,1,0,,RETAIL_DEAD,OLD_LIVE_BUT_RETAIL_DEAD
0x06044EF4,0x06044F13,32,code,0,26,26,26,26,0,0,2,2,NEW_INSIDE_OLD,1,0,,RETAIL_LIVE,
0x06044F14,0x06044F2F,28,code,0,0,0,0,0,0,0,0,0,NEW_INSIDE_OLD,1,0,,RETAIL_DEAD,OLD_LIVE_BUT_RETAIL_DEAD
0x06044F30,0x06044F63,52,code,0,46,46,46,46,0,0,2,2,NEW_INSIDE_OLD,1,0,,RETAIL_LIVE,
0x06044F64,0x06044F7F,28,code,0,0,0,0,0,0,0,0,0,NEW_INSIDE_OLD,1,0,,RETAIL_DEAD,OLD_LIVE_BUT_RETAIL_DEAD
0x06044F80,0x06044F9B,28,code,0,0,0,0,0,0,0,0,0,NEW_INSIDE_OLD,1,0,,RETAIL_DEAD,OLD_LIVE_BUT_RETAIL_DEAD
0x06044F9C,0x06044FB3,24,code,0,0,0,0,0,0,0,0,0,NEW_INSIDE_OLD,1,0,,RETAIL_DEAD,OLD_LIVE_BUT_RETAIL_DEAD
0x06044FB4,0x06044FC7,20,code,0,0,0,0,0,0,0,0,0,NEW_INSIDE_OLD,1,0,,RETAIL_DEAD,OLD_LIVE_BUT_RETAIL_DEAD
0x06044FC8,0x06044FDB,20,code,0,0,0,0,0,0,0,0,0,NEW_INSIDE_OLD,1,0,,RETAIL_DEAD,OLD_LIVE_BUT_RETAIL_DEAD
0x06044FDC,0x06044FEF,20,code,0,0,0,0,0,0,0,0,0,NEW_INSIDE_OLD,1,0,,RETAIL_DEAD,OLD_LIVE_BUT_RETAIL_DEAD
0x06044FF0,0x0604505F,112,code,0,86,86,86,86,0,0,5,5,MULTI_MISMATCH,2,0,,RETAIL_LIVE,
0x06045060,0x060450D5,118,code,0,86,86,86,86,8,0,4,4,MULTI_MISMATCH,2,0,,RETAIL_LIVE,
0x060450D6,0x06045153,126,code,0,82,82,82,82,16,0,4,4,MULTI_MISMATCH,2,0,,RETAIL_LIVE,
0x06045154,0x06045197,68,code,0,0,0,0,0,0,0,0,0,NEW_INSIDE_OLD,1,0,,RETAIL_DEAD,OLD_LIVE_BUT_RETAIL_DEAD
0x06045198,0x060451A9,18,code,0,0,0,0,0,0,0,0,0,EXACT,1,1,B1,RETAIL_DEAD,
0x060451AA,0x060451BB,18,code,0,0,0,0,0,0,0,0,0,EXACT,1,1,B1,RETAIL_DEAD,
0x060451BC,0x060451F7,60,code,0,0,0,0,0,0,0,0,0,MULTI_MISMATCH,2,2,B1,RETAIL_DEAD,
0x060451F8,0x06045217,32,code,0,0,0,0,0,0,0,0,0,MULTI_MISMATCH,2,2,B1,RETAIL_DEAD,
0x06045218,0x06045237,32,code,0,0,0,0,0,0,0,0,0,MULTI_MISMATCH,2,2,B1,RETAIL_DEAD,
0x06045238,0x060452CF,152,code,0,0,0,0,0,0,0,0,0,MULTI_MISMATCH,2,1,B1,RETAIL_DEAD,
0x060452D0,0x060452EF,32,code,0,0,0,0,0,0,0,2,2,NEW_INSIDE_OLD,1,0,,RETAIL_LIVE,
0x060452F0,0x06045317,40,code,0,0,0,0,0,0,0,0,0,EXACT,1,1,B1,RETAIL_DEAD,
0x06045318,0x0604533F,40,code,0,0,0,0,0,0,0,0,0,EXACT,1,1,B1,RETAIL_DEAD,
0x06045340,0x06045367,40,code,0,0,0,0,0,0,0,0,0,EXACT,1,1,B1,RETAIL_DEAD,
0x06045368,0x060453B7,80,code,0,0,0,0,0,0,0,3,3,MERGED,2,0,,RETAIL_LIVE,
0x060453B8,0x0604556B,436,code,0,0,0,0,0,0,0,2,2,MERGED,3,2,B1,RETAIL_LIVE,
0x0604556C,0x0604559B,48,code,0,0,0,0,0,0,0,0,0,EXACT,1,1,B1,RETAIL_DEAD,
0x0604559C,0x060455CF,52,code,0,0,0,0,0,0,0,0,0,EXACT,1,1,B1,RETAIL_DEAD,
0x060455D0,0x060455E1,18,code,0,0,0,0,0,0,0,0,0,EXACT,1,1,B1,RETAIL_DEAD,
0x060455E2,0x06045613,50,code,0,8,8,8,8,0,0,2,2,EXACT,1,0,,RETAIL_LIVE,
0x06045614,0x0604561F,12,code,0,0,0,0,0,0,0,0,0,EXACT,1,1,B1,RETAIL_DEAD,
0x06045620,0x0604562B,12,code,0,0,0,0,0,0,0,0,0,EXACT,1,1,B1,RETAIL_DEAD,
0x0604562C,0x0604564F,36,code,0,16,16,16,16,12,0,2,2,EXACT,1,0,,RETAIL_LIVE,
0x06045650,0x06045663,20,code,0,18,18,18,18,0,0,2,2,EXACT,1,0,,RETAIL_LIVE,
0x06045664,0x06045677,20,code,0,18,18,18,18,0,0,1,1,EXACT,1,0,,RETAIL_LIVE,
0x06045678,0x06045697,32,code,0,0,0,0,0,16,0,0,0,EXACT,1,1,B1,RETAIL_DEAD,
0x06045698,0x060456A7,16,code,0,14,14,14,14,0,0,2,2,NEW_INSIDE_OLD,1,0,,RETAIL_LIVE,
0x060456A8,0x060456C1,26,code,0,0,0,0,0,0,0,4,4,MULTI_MISMATCH,3,0,,RETAIL_LIVE,
0x060456C2,0x060456EB,42,code,0,24,24,24,24,8,0,5,5,MULTI_MISMATCH,2,0,,RETAIL_LIVE,
0x060456EC,0x060456F1,6,code,0,0,0,0,0,0,0,0,0,NEW_INSIDE_OLD,1,0,,RETAIL_DEAD,OLD_LIVE_BUT_RETAIL_DEAD
0x060456F2,0x060456FB,10,code,0,0,0,0,0,0,0,0,0,NEW_INSIDE_OLD,1,0,,RETAIL_DEAD,OLD_LIVE_BUT_RETAIL_DEAD
0x060456FC,0x06045713,24,code,0,0,0,0,0,0,0,0,0,NEW_INSIDE_OLD,1,0,,RETAIL_DEAD,OLD_LIVE_BUT_RETAIL_DEAD
0x06045714,0x06045737,36,code,0,0,0,0,0,0,0,0,0,NEW_INSIDE_OLD,1,0,,RETAIL_DEAD,OLD_LIVE_BUT_RETAIL_DEAD
0x06045738,0x06045783,76,code,0,0,0,0,0,0,0,0,0,NEW_INSIDE_OLD,1,0,,RETAIL_DEAD,OLD_LIVE_BUT_RETAIL_DEAD
0x06045784,0x060457A7,36,code,0,0,0,0,0,0,0,0,0,NEW_INSIDE_OLD,1,0,,RETAIL_DEAD,OLD_LIVE_BUT_RETAIL_DEAD
0x060457A8,0x060457B7,16,code,0,12,12,0,12,0,0,3,3,MULTI_MISMATCH,3,1,B5,RETAIL_LIVE,
0x060457B8,0x060457DB,36,code,0,0,0,0,0,0,0,0,0,NEW_INSIDE_OLD,1,0,,RETAIL_DEAD,OLD_LIVE_BUT_RETAIL_DEAD
0x060457DC,0x06045831,86,code,0,72,72,72,72,0,0,4,4,MULTI_MISMATCH,3,0,,RETAIL_LIVE,
0x06045832,0x06045855,36,code,0,0,0,0,0,0,0,0,0,NEW_INSIDE_OLD,1,0,,RETAIL_DEAD,OLD_LIVE_BUT_RETAIL_DEAD
0x06045856,0x060458B3,94,code,0,0,0,0,0,0,0,0,0,MULTI_MISMATCH,3,2,B1,RETAIL_DEAD,
0x060458B4,0x060458D7,36,code,0,0,0,0,0,0,0,0,0,NEW_INSIDE_OLD,1,1,B1,RETAIL_DEAD,
0x060458D8,0x06045933,92,code,0,0,0,0,0,0,0,0,0,MULTI_MISMATCH,3,2,B1,RETAIL_DEAD,
0x06045934,0x06045957,36,code,0,0,0,0,0,0,0,0,0,NEW_INSIDE_OLD,1,0,,RETAIL_DEAD,OLD_LIVE_BUT_RETAIL_DEAD
0x06045958,0x060459C3,108,code,0,86,86,86,86,0,0,3,3,MULTI_MISMATCH,3,0,,RETAIL_LIVE,
0x060459C4,0x06045A2B,104,code,0,100,100,100,100,0,0,2,2,EXACT,1,0,,RETAIL_LIVE,
0x06045A2C,0x06045A7D,82,code,0,68,68,68,68,0,0,3,3,EXACT,1,0,,RETAIL_LIVE,
0x06045A7E,0x06045ABF,66,code,0,46,46,46,50,0,0,3,3,EXACT,1,0,,RETAIL_LIVE,
0x06045AC0,0x06045B0F,80,code,0,46,46,46,46,2,0,7,7,MERGED,3,0,,RETAIL_LIVE,
0x06045B10,0x06045B47,56,code,0,50,50,50,50,0,0,3,3,EXACT,1,0,,RETAIL_LIVE,
0x06045B48,0x06045B73,44,code,0,38,38,38,38,0,0,3,3,EXACT,1,0,,RETAIL_LIVE,
0x06045B74,0x06045C3B,200,code,0,116,116,116,116,40,0,9,9,MULTI_MISMATCH,4,1,B5,RETAIL_LIVE,
0x06045C3C,0x06045C9B,96,code,0,58,72,58,72,10,0,7,7,NEW_INSIDE_OLD,1,1,B5,RETAIL_LIVE,OLD_DEAD_BUT_RETAIL_RUNS
0x06045C9C,0x06045CCB,48,code,0,46,46,46,46,0,0,3,3,EXACT,1,0,,RETAIL_LIVE,
0x06045CCC,0x06045D03,56,code,0,0,0,0,0,0,0,2,2,NEW_INSIDE_OLD,1,0,,RETAIL_LIVE,
0x06045D04,0x06045D7F,124,code,0,86,86,86,86,0,0,10,10,MULTI_MISMATCH,3,0,,RETAIL_LIVE,
0x06045D80,0x06045E05,134,code,0,66,66,66,66,20,0,10,10,MULTI_MISMATCH,3,0,,RETAIL_LIVE,
0x06045E06,0x06045E43,62,code,0,52,52,52,52,4,0,3,3,EXACT,1,0,,RETAIL_LIVE,
0x06045E44,0x06045F45,258,code,0,86,86,86,86,18,0,7,7,MULTI_MISMATCH,5,2,B1,RETAIL_LIVE,
0x06045F46,0x06045FBF,122,code,0,0,0,0,0,0,0,0,0,NEW_INSIDE_OLD,1,1,B1,RETAIL_DEAD,
0x06045FC0,0x06046023,100,code,0,0,0,0,0,0,0,0,0,NEW_INSIDE_OLD,1,0,,RETAIL_DEAD,OLD_LIVE_BUT_RETAIL_DEAD
0x06046024,0x06046363,832,code,0,672,672,672,672,0,0,22,22,NEW_INSIDE_OLD,1,0,,RETAIL_LIVE,
0x06046364,0x060463E3,128,code,0,124,124,120,124,0,0,1,1,NEW_INSIDE_OLD,1,0,,RETAIL_LIVE,
0x060463E4,0x06046477,148,code,0,144,144,144,144,0,0,2,2,EXACT,1,0,,RETAIL_LIVE,
0x06046478,0x0604651F,168,code,0,0,0,0,0,6,0,1,1,EXACT,1,0,,RETAIL_LIVE,
0x06046520,0x06046601,226,code,0,218,218,218,218,0,0,2,2,EXACT,1,0,,RETAIL_LIVE,
0x06046602,0x06046677,118,code,0,10,10,10,10,6,0,3,3,MULTI_MISMATCH,2,0,,RETAIL_LIVE,
0x06046678,0x0604669B,36,code,0,0,0,0,0,0,0,0,0,NEW_INSIDE_OLD,1,0,,RETAIL_DEAD,OLD_LIVE_BUT_RETAIL_DEAD
0x0604669C,0x0604670B,112,code,0,0,0,0,0,0,0,0,0,MULTI_MISMATCH,3,2,B1,RETAIL_DEAD,
0x0604670C,0x0604674D,66,code,0,0,0,0,0,0,0,0,0,EXACT,1,1,B1,RETAIL_DEAD,
0x0604674E,0x0604678B,62,code,0,0,0,0,0,0,0,0,0,NEW_INSIDE_OLD,1,1,B1,RETAIL_DEAD,
0x0604678C,0x060467AF,36,code,0,0,0,0,0,0,0,0,0,NEW_INSIDE_OLD,1,1,B1,RETAIL_DEAD,
0x060467B0,0x0604680B,92,code,0,0,0,0,84,0,0,0,0,MULTI_MISMATCH,3,3,B1,RETAIL_LIVE,OLD_DEAD_BUT_RETAIL_RUNS
0x0604680C,0x0604687D,114,code,0,0,0,0,98,0,0,0,0,NEW_INSIDE_OLD,1,1,B1,RETAIL_LIVE,OLD_DEAD_BUT_RETAIL_RUNS
0x0604687E,0x060468AB,46,code,0,0,0,0,0,6,0,0,0,NEW_INSIDE_OLD,1,1,B1,RETAIL_DEAD,
0x060468AC,0x06046907,92,code,0,0,0,0,0,0,0,0,0,MULTI_MISMATCH,3,3,B1,RETAIL_DEAD,
0x06046908,0x0604698B,132,code,0,0,0,0,0,0,0,0,0,EXACT,1,1,B1,RETAIL_DEAD,
0x0604698C,0x06046A1F,148,code,0,94,96,94,96,0,0,6,7,MERGED,2,0,,RETAIL_LIVE,
0x06046A20,0x06046A8F,112,code,0,80,82,80,82,0,0,7,7,MERGED,2,0,,RETAIL_LIVE,
0x06046A90,0x06046AE7,88,code,0,0,62,0,62,0,0,4,4,EXACT,1,0,,RETAIL_LIVE,
0x06046AE8,0x06046B3B,84,code,0,0,64,0,64,0,0,2,2,EXACT,1,0,,RETAIL_LIVE,
0x06046B3C,0x06046B63,40,code,0,34,34,34,34,0,0,3,3,EXACT,1,0,,RETAIL_LIVE,
0x06046B64,0x06046BD3,112,code,0,106,106,106,106,0,0,7,7,MERGED,2,0,,RETAIL_LIVE,
0x06046BD4,0x06046BF3,32,code,0,26,26,26,26,0,0,3,3,EXACT,1,0,,RETAIL_LIVE,
0x06046BF4,0x06046C13,32,code,0,26,26,26,26,0,0,3,3,EXACT,1,0,,RETAIL_LIVE,
0x06046C14,0x06046C2F,28,code,0,22,22,22,22,0,0,3,3,NEW_INSIDE_OLD,1,0,,RETAIL_LIVE,
0x06046C30,0x06046CCF,160,code,0,0,0,0,0,0,0,0,0,NEW_INSIDE_OLD,1,0,,RETAIL_DEAD,OLD_LIVE_BUT_RETAIL_DEAD
0x06046CD0,0x06046CEF,32,code,0,30,30,30,30,0,0,2,2,NEW_INSIDE_OLD,1,0,,RETAIL_LIVE,
0x06046CF0,0x06046D0F,32,code,0,30,30,30,30,0,0,2,2,NEW_INSIDE_OLD,1,0,,RETAIL_LIVE,
0x06046D10,0x06046D2F,32,code,0,30,30,30,30,0,0,2,2,NEW_INSIDE_OLD,1,0,,RETAIL_LIVE,
0x06046D30,0x06046D77,72,code,0,52,52,52,52,0,0,5,5,EXACT,1,0,,RETAIL_LIVE,
0x06046D78,0x06046D97,32,code,0,26,26,26,26,0,0,3,3,EXACT,1,0,,RETAIL_LIVE,
0x06046D98,0x06046E0D,118,code,0,116,116,116,116,0,0,2,2,EXACT,1,0,,RETAIL_LIVE,
0x06046E0E,0x06046E63,86,code,0,56,56,56,56,0,0,2,3,EXACT,1,0,,RETAIL_LIVE,
0x06046E64,0x06046EBB,88,code,0,0,74,0,58,0,0,3,3,EXACT,1,0,,RETAIL_LIVE,
0x06046EBC,0x06046FD3,280,code,0,266,266,266,266,0,0,5,5,EXACT,1,0,,RETAIL_LIVE,
0x06046FD4,0x06047013,64,code,0,62,62,62,62,0,0,2,2,EXACT,1,0,,RETAIL_LIVE,
0x06047014,0x06047077,100,code,0,62,62,62,62,16,0,2,2,NEW_INSIDE_OLD,1,0,,RETAIL_LIVE,
0x06047078,0x0604708B,20,code,0,18,18,18,18,0,0,1,1,NEW_INSIDE_OLD,1,0,,RETAIL_LIVE,
0x0604708C,0x060470A7,28,code,0,24,24,24,24,0,0,2,2,EXACT,1,0,,RETAIL_LIVE,
0x060470A8,0x060470C3,28,code,0,24,24,24,24,0,0,2,2,EXACT,1,0,,RETAIL_LIVE,
0x060470C4,0x060470D5,18,code,0,14,14,14,14,0,0,2,2,EXACT,1,0,,RETAIL_LIVE,
0x060470D6,0x060470EB,22,code,0,0,0,0,0,0,0,2,2,EXACT,1,0,,RETAIL_LIVE,
0x060470EC,0x060470FD,18,code,0,14,14,14,14,0,0,2,2,EXACT,1,0,,RETAIL_LIVE,
0x060470FE,0x06047113,22,code,0,0,16,0,0,0,0,1,1,NEW_INSIDE_OLD,1,0,,RETAIL_LIVE,
0x06047114,0x06047117,4,code,0,2,2,2,2,0,0,1,1,NEW_INSIDE_OLD,1,0,,RETAIL_LIVE,
0x06047118,0x0604713F,40,code,0,36,36,36,36,0,0,2,2,EXACT,1,0,,RETAIL_LIVE,
0x06047140,0x06047183,68,code,0,60,60,60,60,4,0,2,2,EXACT,1,0,,RETAIL_LIVE,
0x06047184,0x060471DB,88,code,0,50,50,50,50,18,0,2,2,NEW_INSIDE_OLD,1,0,,RETAIL_LIVE,
0x060471DC,0x060471EF,20,code,0,18,18,18,18,0,0,1,1,NEW_INSIDE_OLD,1,0,,RETAIL_LIVE,
0x060471F0,0x0604720B,28,code,0,24,24,24,24,0,0,2,2,EXACT,1,0,,RETAIL_LIVE,
0x0604720C,0x06047227,28,code,0,24,24,24,24,0,0,2,2,EXACT,1,0,,RETAIL_LIVE,
0x06047228,0x06047239,18,code,0,14,14,14,14,0,0,2,2,EXACT,1,0,,RETAIL_LIVE,
0x0604723A,0x0604724F,22,code,0,16,16,16,16,0,0,2,2,EXACT,1,0,,RETAIL_LIVE,
0x06047250,0x06047261,18,code,0,14,14,14,14,0,0,2,2,EXACT,1,0,,RETAIL_LIVE,
0x06047262,0x06047277,22,code,0,16,16,16,16,0,0,1,3,NEW_INSIDE_OLD,1,0,,RETAIL_LIVE,
0x06047278,0x0604727B,4,code,0,2,2,2,2,0,0,1,1,NEW_INSIDE_OLD,1,0,,RETAIL_LIVE,
0x0604727C,0x0604728D,18,code,0,14,14,14,14,0,0,2,2,EXACT,1,0,,RETAIL_LIVE,
0x0604728E,0x060472CB,62,code,0,54,54,54,54,4,0,2,2,EXACT,1,0,,RETAIL_LIVE,
0x060472CC,0x06047547,636,code,0,270,338,338,270,10,0,14,14,MULTI_MISMATCH,7,2,B1+B5,RETAIL_LIVE,
0x06047548,0x06047587,64,code,0,34,34,34,34,8,0,6,6,NEW_INSIDE_OLD,1,1,B5,RETAIL_LIVE,OLD_DEAD_BUT_RETAIL_RUNS
0x06047588,0x0604766F,232,code,0,220,220,220,220,0,0,5,5,NEW_INSIDE_OLD,1,0,,RETAIL_LIVE,
0x06047670,0x060476CF,96,code,0,90,90,90,90,0,0,3,3,NEW_INSIDE_OLD,1,0,,RETAIL_LIVE,
0x060476D0,0x06047747,120,code,0,0,0,0,0,12,0,0,0,NEW_INSIDE_OLD,1,0,,RETAIL_DEAD,OLD_LIVE_BUT_RETAIL_DEAD
0x06047748,0x0604776F,40,code,0,34,34,34,34,4,0,2,2,EXACT,1,0,,RETAIL_LIVE,
0x06047770,0x060477B3,68,code,0,0,0,0,0,0,0,0,0,NEW_INSIDE_OLD,1,0,,RETAIL_DEAD,OLD_LIVE_BUT_RETAIL_DEAD
0x060477B4,0x060477D3,32,code,0,0,0,0,0,0,0,2,2,NEW_INSIDE_OLD,1,0,,RETAIL_LIVE,
0x060477D4,0x060477FB,40,code,0,36,36,36,36,0,0,2,2,MERGED,2,0,,RETAIL_LIVE,
0x060477FC,0x06047865,106,code,0,92,92,92,92,0,0,3,3,EXACT,1,0,,RETAIL_LIVE,
0x06047866,0x060478B7,82,code,0,26,26,26,26,52,0,1,1,NEW_INSIDE_OLD,1,0,,RETAIL_LIVE,
0x060478B8,0x06047919,98,code,0,0,0,0,0,0,0,0,0,NEW_INSIDE_OLD,1,0,,RETAIL_DEAD,OLD_LIVE_BUT_RETAIL_DEAD
0x0604791A,0x0604796B,82,code,0,0,0,0,0,0,0,0,0,EXACT,1,1,B1,RETAIL_DEAD,
0x0604796C,0x06047985,26,code,0,22,22,22,22,0,0,1,1,EXACT,1,0,,RETAIL_LIVE,
0x06047986,0x0604799F,26,code,0,14,14,14,14,4,0,2,2,EXACT,1,0,,RETAIL_LIVE,
0x060479A0,0x060479D5,54,code,0,0,0,0,0,0,0,0,0,EXACT,1,1,B1,RETAIL_DEAD,
0x060479D6,0x06047A07,50,code,0,0,0,0,0,0,0,2,2,EXACT,1,0,,RETAIL_LIVE,
0x06047A08,0x06047A83,124,code,0,0,0,0,0,0,0,0,0,EXACT,1,1,B1,RETAIL_DEAD,
0x06047A84,0x06047ADF,92,code,0,0,0,0,0,0,0,2,2,EXACT,1,0,,RETAIL_LIVE,
0x06047AE0,0x06047AFF,32,code,0,0,0,0,0,0,0,2,2,EXACT,1,0,,RETAIL_LIVE,
0x06047B00,0x06047B33,52,code,0,0,0,0,0,0,0,2,2,EXACT,1,0,,RETAIL_LIVE,
0x06047B34,0x06047B8F,92,code,0,0,0,0,0,0,0,1,1,NEW_INSIDE_OLD,1,0,,RETAIL_LIVE,
0x06047B90,0x06047C63,212,code,0,74,74,74,74,36,0,2,2,NEW_INSIDE_OLD,1,0,,RETAIL_LIVE,
0x06047C64,0x06047D1F,188,code,0,0,0,0,0,0,0,0,0,NEW_INSIDE_OLD,1,0,,RETAIL_DEAD,OLD_LIVE_BUT_RETAIL_DEAD
0x06047D20,0x06047D33,20,code,0,16,16,16,16,0,0,2,2,NEW_INSIDE_OLD,1,0,,RETAIL_LIVE,
0x06047D34,0x06047D4F,28,code,0,16,16,16,16,0,0,3,3,MULTI_MISMATCH,2,0,,RETAIL_LIVE,
0x06047D50,0x06047D67,24,code,0,0,0,22,0,0,0,0,0,NEW_INSIDE_OLD,1,0,,RETAIL_LIVE,
0x06047D68,0x06047D83,28,code,0,24,24,24,24,0,0,0,2,NEW_INSIDE_OLD,1,0,,RETAIL_LIVE,
0x06047D84,0x06047DBB,56,code,0,0,0,0,0,12,0,0,0,NEW_INSIDE_OLD,1,0,,RETAIL_DEAD,OLD_LIVE_BUT_RETAIL_DEAD
0x06047DBC,0x06047DEF,52,code,0,0,0,40,0,8,0,0,2,NEW_INSIDE_OLD,1,0,,RETAIL_LIVE,
0x06047DF0,0x06047E0B,28,code,0,0,0,0,0,0,0,0,0,EXACT,1,1,B1,RETAIL_DEAD,
0x06047E0C,0x06047E9B,144,code,0,106,106,106,106,16,0,11,11,NEW_INSIDE_OLD,1,0,,RETAIL_LIVE,
0x06047E9C,0x06047EEF,84,code,0,0,0,0,0,16,0,0,0,MULTI_MISMATCH,2,1,B1,RETAIL_DEAD,
0x06047EF0,0x06047F17,40,code,0,0,0,0,0,0,0,0,0,NEW_INSIDE_OLD,1,1,B5,RETAIL_DEAD,
0x06047F18,0x06047F5B,68,code,0,54,54,54,54,0,0,0,3,NEW_INSIDE_OLD,1,1,B5,RETAIL_LIVE,OLD_DEAD_BUT_RETAIL_RUNS
0x06047F5C,0x06047F6F,20,code,0,0,0,0,0,0,0,0,0,NEW_INSIDE_OLD,1,1,B5,RETAIL_DEAD,
0x06047F70,0x06047FC7,88,code,0,0,0,0,0,0,0,0,0,NEW_INSIDE_OLD,1,1,B5,RETAIL_DEAD,
0x06047FC8,0x0604800F,72,code,0,0,0,0,0,0,0,0,0,NEW_INSIDE_OLD,1,1,B5,RETAIL_DEAD,
0x06048010,0x0604804F,64,code,0,0,0,0,0,0,0,0,0,NEW_INSIDE_OLD,1,1,B5,RETAIL_DEAD,
0x06048050,0x0604805B,12,code,0,0,0,0,0,0,0,0,0,EXACT,1,1,B1,RETAIL_DEAD,
0x0604805C,0x060480C3,104,code,0,0,0,0,0,0,0,0,0,EXACT,1,1,B1,RETAIL_DEAD,
0x060480C4,0x060480D5,18,code,0,0,0,0,0,0,0,0,0,EXACT,1,1,B1,RETAIL_DEAD,
0x060480D6,0x0604815F,138,code,0,0,0,0,0,0,0,0,0,NEW_INSIDE_OLD,1,0,,RETAIL_DEAD,OLD_LIVE_BUT_RETAIL_DEAD
0x06048160,0x0604817F,32,code,0,30,30,30,30,0,0,2,2,NEW_INSIDE_OLD,1,0,,RETAIL_LIVE,
0x06048180,0x0604818B,12,code,0,8,8,8,8,0,0,2,2,NEW_INSIDE_OLD,1,0,,RETAIL_LIVE,
0x0604818C,0x060481A7,28,code,0,18,18,18,18,6,0,2,2,NEW_INSIDE_OLD,1,0,,RETAIL_LIVE,
0x060481A8,0x060481FB,84,code,0,0,0,0,0,0,0,0,2,NEW_INSIDE_OLD,1,0,,RETAIL_LIVE,
0x060481FC,0x06048247,76,code,0,66,66,66,66,8,0,0,2,NEW_INSIDE_OLD,1,0,,RETAIL_LIVE,
0x06048248,0x06048253,12,code,0,0,0,0,0,0,0,0,1,NEW_INSIDE_OLD,1,0,,RETAIL_LIVE,
0x06048254,0x06048277,36,code,0,0,0,0,0,0,0,0,1,NEW_INSIDE_OLD,1,0,,RETAIL_LIVE,
0x06048278,0x0604828B,20,code,0,0,0,0,0,0,0,0,2,EXACT,1,0,,RETAIL_LIVE,
0x0604828C,0x060482A7,28,code,0,0,0,0,0,0,0,0,2,EXACT,1,0,,RETAIL_LIVE,
0x060482A8,0x060482F7,80,code,0,0,0,0,0,0,0,0,2,NEW_INSIDE_OLD,1,0,,RETAIL_LIVE,
0x060482F8,0x0604833B,68,code,0,0,0,0,0,0,0,0,2,NEW_INSIDE_OLD,1,0,,RETAIL_LIVE,
0x0604833C,0x0604C73F,17412,data,0,0,0,0,0,17222,0,0,0,DATA,0,0,,DATA,
0x0604C740,0x0604C76B,44,code,0,0,0,0,0,0,0,0,0,NEW_INSIDE_OLD,1,0,,RETAIL_DEAD,OLD_LIVE_BUT_RETAIL_DEAD
0x0604C76C,0x0604C7A3,56,code,0,0,0,0,0,0,0,0,0,NEW_INSIDE_OLD,1,0,,RETAIL_DEAD,OLD_LIVE_BUT_RETAIL_DEAD
0x0604C7A4,0x0604C823,128,code,0,0,0,0,0,0,0,0,0,NEW_INSIDE_OLD,1,0,,RETAIL_DEAD,OLD_LIVE_BUT_RETAIL_DEAD
0x0604C824,0x0604C88B,104,code,0,0,0,0,0,0,0,0,2,NEW_INSIDE_OLD,1,0,,RETAIL_LIVE,
0x0604C88C,0x0604C953,200,code,0,176,176,176,176,0,0,2,2,NEW_INSIDE_OLD,1,0,,RETAIL_LIVE,
0x0604C954,0x0604CA13,192,code,0,0,0,0,0,0,0,0,2,NEW_INSIDE_OLD,1,0,,RETAIL_LIVE,
0x0604CA14,0x0604CA33,32,data,0,0,0,0,0,1,0,0,1,DATA,0,0,,DATA,
0x0604CA34,0x0604CAD3,160,code,0,26,26,0,26,8,0,0,0,NEW_INSIDE_OLD,1,0,,RETAIL_LIVE,
0x0604CAD4,0x0604CE63,912,code,0,0,0,0,0,0,0,0,0,NEW_INSIDE_OLD,1,0,,RETAIL_DEAD,OLD_LIVE_BUT_RETAIL_DEAD
0x0604CE64,0x0604CEEF,140,code,0,86,86,86,86,16,0,2,2,NEW_INSIDE_OLD,1,0,,RETAIL_LIVE,
0x0604CEF0,0x0604CF43,84,code,0,74,74,74,74,4,0,2,2,NEW_INSIDE_OLD,1,0,,RETAIL_LIVE,
0x0604CF44,0x0604D37F,1084,code,0,284,284,284,284,28,0,16,16,MULTI_MISMATCH,4,0,,RETAIL_LIVE,
0x0604D380,0x0604D57F,512,code,0,128,128,118,128,76,0,5,10,MERGED,5,0,,RETAIL_LIVE,
0x0604D580,0x0604D6B7,312,code,0,174,174,174,174,50,0,3,3,NEW_INSIDE_OLD,1,0,,RETAIL_LIVE,
0x0604D6B8,0x0604D757,160,code,0,110,104,104,104,38,0,2,2,NEW_INSIDE_OLD,1,0,,RETAIL_LIVE,
0x0604D758,0x0604D77F,40,code,0,38,38,36,38,0,0,1,2,NEW_INSIDE_OLD,1,0,,RETAIL_LIVE,
0x0604D780,0x0604D83B,188,code,0,58,58,58,58,38,0,0,2,NEW_INSIDE_OLD,1,0,,RETAIL_LIVE,
0x0604D83C,0x0604D94B,272,code,0,210,210,210,210,46,0,5,7,MULTI_MISMATCH,2,0,,RETAIL_LIVE,
0x0604D94C,0x0604DAD7,396,code,0,0,0,0,0,32,0,0,0,NEW_INSIDE_OLD,1,0,,RETAIL_DEAD,OLD_LIVE_BUT_RETAIL_DEAD
0x0604DAD8,0x0604DB0F,56,code,0,26,26,26,26,0,0,2,2,NEW_INSIDE_OLD,1,0,,RETAIL_LIVE,
0x0604DB10,0x0604DC3F,304,code,0,254,254,254,254,32,0,6,6,EXACT,1,0,,RETAIL_LIVE,
0x0604DC40,0x0604DD03,196,code,0,84,84,84,84,72,0,2,8,EXACT,1,0,,RETAIL_LIVE,
0x0604DD04,0x0604DD33,48,code,0,40,40,40,40,0,0,2,2,NEW_INSIDE_OLD,1,0,,RETAIL_LIVE,
0x0604DD34,0x0604DE2B,248,code,0,114,114,114,114,28,0,4,5,MULTI_MISMATCH,3,0,,RETAIL_LIVE,
0x0604DE2C,0x0604DEEB,192,code,0,0,0,0,0,0,0,0,5,MULTI_MISMATCH,2,1,B5,RETAIL_LIVE,
0x0604DEEC,0x0604E113,552,code,0,0,0,0,0,0,0,0,1,MULTI_MISMATCH,7,1,B1,RETAIL_LIVE,
0x0604E114,0x0604F683,5488,data,0,0,0,0,0,175,0,0,0,DATA,0,0,,DATA,
0x0604F684,0x06051607,8068,data,0,0,0,0,0,362,0,0,0,DATA,0,0,,DATA,
