runtime_addr,name,size,bucket,in_sweep_dead,cdl_n_tracks_alive,bp_n_tracks_fired,combined_label,cdl_cs1_dino_canyon,cdl_cs2_seaside,cdl_cs3_track4,cdl_cs4_track5,bp_cs1_dino_canyon,bp_cs2_seaside,bp_cs3_track4,bp_cs4_track5
0x06028000,FUN_06000000,3530,,0,4,4,LIVE,546,608,594,608,1,1,1,1
0x06028DCA,FUN_06000DCA,1046,,0,0,4,LIVE,0,0,0,0,1,1,1,1
0x060291E0,FUN_060011E0,936,,0,0,4,LIVE,0,0,0,0,1,1,1,1
0x06029588,FUN_06001588,86,B1,1,0,0,COVERAGE_BLIND,0,0,0,0,0,0,0,0
0x060295DE,FUN_060015DE,562,,0,3,4,LIVE,0,236,206,206,1,1,1,1
0x06029810,FUN_06001810,392,,0,0,4,LIVE,0,0,0,0,1,1,1,1
0x06029998,FUN_06001998,30,,0,0,4,LIVE,0,0,0,0,1,1,1,1
0x060299B6,FUN_060019B6,194,,0,0,4,LIVE,0,0,0,0,1,1,1,1
0x06029A78,FUN_06001A78,30,,0,4,4,LIVE,28,28,28,28,1,1,1,1
0x06029A96,FUN_06001A96,522,,0,4,4,LIVE,292,292,292,292,1,1,1,1
0x06029CA0,FUN_06001CA0,236,,0,4,4,LIVE,112,112,112,112,1,1,1,1
0x06029D8C,FUN_06001D8C,260,,0,4,4,LIVE,210,210,214,210,1,1,1,1
0x06029E90,FUN_06001E90,228,,0,4,4,LIVE,122,122,122,122,1,1,1,1
0x06029F74,FUN_06001F74,116,,0,4,4,LIVE,20,20,20,20,1,1,1,1
0x06029FE8,FUN_06001FE8,96,,0,4,4,LIVE,86,86,86,86,1,1,1,1
0x0602A048,FUN_06002048,208,B5,1,4,0,KILL_LIST,124,124,124,124,0,0,0,0
0x0602A118,FUN_06002118,244,,0,4,4,LIVE,126,182,166,166,1,1,1,1
0x0602A20C,FUN_0600220C,152,B5,1,3,0,KILL_LIST,0,112,96,96,0,0,0,0
0x0602A2A4,FUN_060022A4,88,B1,1,1,1,SWEEP_FALSE_DEAD,0,52,0,0,0,1,0,0
0x0602A2FC,FUN_060022FC,116,,0,4,4,LIVE,110,110,110,110,1,1,1,1
0x0602A370,FUN_06002370,468,,0,4,4,LIVE,36,36,44,36,1,1,1,1
0x0602A544,FUN_06002544,288,B5,1,0,0,COVERAGE_BLIND,0,0,0,0,0,0,0,0
0x0602A664,FUN_06002664,136,B5,1,0,0,COVERAGE_BLIND,0,0,0,0,0,0,0,0
0x0602A6EC,FUN_060026EC,300,,0,4,4,LIVE,224,224,224,224,1,1,1,1
0x0602A818,FUN_06002818,224,,0,4,4,LIVE,190,212,190,212,1,1,1,1
0x0602A8F8,FUN_060028F8,2,B1,1,0,0,COVERAGE_BLIND,0,0,0,0,0,0,0,0
0x0602A8FA,FUN_060028FA,94,B1,1,0,0,COVERAGE_BLIND,0,0,0,0,0,0,0,0
0x0602A958,FUN_06002958,152,,0,4,4,LIVE,110,110,112,110,1,1,1,1
0x0602A9F0,FUN_060029F0,184,,0,4,4,LIVE,134,134,134,134,1,1,1,1
0x0602AAA8,FUN_06002AA8,14,,0,4,4,LIVE,12,12,12,12,1,1,1,1
0x0602AAB6,FUN_06002AB6,386,,0,4,4,LIVE,128,188,128,188,1,1,1,1
0x0602AC38,FUN_06002C38,30,B1,1,0,0,COVERAGE_BLIND,0,0,0,0,0,0,0,0
0x0602AC56,FUN_06002C56,450,B1,1,0,0,COVERAGE_BLIND,0,0,0,0,0,0,0,0
0x0602AE18,FUN_06002E18,44,B1,1,0,0,COVERAGE_BLIND,0,0,0,0,0,0,0,0
0x0602AE44,FUN_06002E44,48,B1,1,0,0,COVERAGE_BLIND,0,0,0,0,0,0,0,0
0x0602AE74,FUN_06002E74,356,B1,1,0,0,COVERAGE_BLIND,0,0,0,0,0,0,0,0
0x0602AFD8,FUN_06002FD8,60,B1,1,0,0,COVERAGE_BLIND,0,0,0,0,0,0,0,0
0x0602B014,FUN_06003014,236,B1,1,0,0,COVERAGE_BLIND,0,0,0,0,0,0,0,0
0x0602B100,FUN_06003100,192,B1,1,0,0,COVERAGE_BLIND,0,0,0,0,0,0,0,0
0x0602B1C0,FUN_060031C0,108,,0,4,4,LIVE,8,8,8,8,1,1,1,1
0x0602B22C,FUN_0600322C,1192,,0,0,4,LIVE,0,0,0,0,1,1,1,1
0x0602B6D4,FUN_060036D4,28,,0,4,4,LIVE,26,26,26,26,1,1,1,1
0x0602B6F0,FUN_060036F0,968,,0,4,4,LIVE,524,524,524,524,1,1,1,1
0x0602BAB8,FUN_06003AB8,26,,0,4,4,LIVE,24,24,24,24,1,1,1,1
0x0602BAD2,FUN_06003AD2,778,B1,1,4,0,KILL_LIST,256,256,256,256,0,0,0,0
0x0602BDDC,FUN_06003DDC,226,B1,1,4,0,KILL_LIST,162,162,162,162,0,0,0,0
0x0602BEBE,FUN_06003EBE,484,,0,4,4,LIVE,302,302,302,302,1,1,1,1
0x0602C0A2,FUN_060040A2,384,,0,0,4,LIVE,0,0,0,0,1,1,1,1
0x0602C222,FUN_06004222,470,,0,4,4,LIVE,28,28,28,28,1,1,1,1
0x0602C3F8,FUN_060043F8,98,,0,4,4,LIVE,66,66,66,66,1,1,1,1
0x0602C45A,FUN_0600445A,320,B1,1,0,0,COVERAGE_BLIND,0,0,0,0,0,0,0,0
0x0602C59A,FUN_0600459A,344,B1,1,0,0,COVERAGE_BLIND,0,0,0,0,0,0,0,0
0x0602C6F2,FUN_060046F2,114,B1,1,0,0,COVERAGE_BLIND,0,0,0,0,0,0,0,0
0x0602C764,FUN_06004764,96,B5,1,4,0,KILL_LIST,40,40,40,40,0,0,0,0
0x0602C7C4,FUN_060047C4,144,B1,1,0,0,COVERAGE_BLIND,0,0,0,0,0,0,0,0
0x0602C854,FUN_06004854,214,B1,1,0,0,COVERAGE_BLIND,0,0,0,0,0,0,0,0
0x0602C92A,FUN_0600492A,234,B1,1,0,0,COVERAGE_BLIND,0,0,0,0,0,0,0,0
0x0602CA14,FUN_06004A14,274,B1,1,0,0,COVERAGE_BLIND,0,0,0,0,0,0,0,0
0x0602CB26,FUN_06004B26,2,B1,1,0,0,COVERAGE_BLIND,0,0,0,0,0,0,0,0
0x0602CB28,FUN_06004B28,332,B5,1,4,0,KILL_LIST,282,282,282,282,0,0,0,0
0x0602CC74,FUN_06004C74,292,,0,4,4,LIVE,10,10,10,10,1,1,1,1
0x0602CD98,FUN_06004D98,376,,0,0,4,LIVE,0,0,0,0,1,1,1,1
0x0602CF10,FUN_06004F10,322,,0,0,4,LIVE,0,0,0,0,1,1,1,1
0x0602D052,FUN_06005052,176,,0,4,4,LIVE,58,58,58,58,1,1,1,1
0x0602D102,FUN_06005102,56,,0,4,4,LIVE,52,52,52,52,1,1,1,1
0x0602D13A,FUN_0600513A,310,,0,4,4,LIVE,76,76,76,76,1,1,1,1
0x0602D270,FUN_06005270,274,,0,4,4,LIVE,86,86,86,86,1,1,1,1
0x0602D382,FUN_06005382,16,B1,1,0,0,COVERAGE_BLIND,0,0,0,0,0,0,0,0
0x0602D392,FUN_06005392,318,,0,4,4,LIVE,114,114,114,114,1,1,1,1
0x0602D4D0,FUN_060054D0,96,,0,0,4,LIVE,0,0,0,0,1,1,1,1
0x0602D530,FUN_06005530,604,,0,0,4,LIVE,0,0,0,0,1,1,1,1
0x0602D78C,FUN_0600578C,142,,0,0,4,LIVE,0,0,0,0,1,1,1,1
0x0602D81A,FUN_0600581A,92,B1,1,0,0,COVERAGE_BLIND,0,0,0,0,0,0,0,0
0x0602D876,FUN_06005876,62,B1,1,0,0,COVERAGE_BLIND,0,0,0,0,0,0,0,0
0x0602D8B4,FUN_060058B4,316,B1,1,0,0,COVERAGE_BLIND,0,0,0,0,0,0,0,0
0x0602D9F0,FUN_060059F0,190,,0,0,3,LIVE,0,0,0,0,1,0,1,1
0x0602DAAE,FUN_06005AAE,302,,0,0,3,LIVE,0,0,0,0,1,0,1,1
0x0602DBDC,FUN_06005BDC,164,,0,4,4,LIVE,142,142,142,142,1,1,1,1
0x0602DC80,FUN_06005C80,194,,0,0,4,LIVE,0,0,0,0,1,1,1,1
0x0602DD42,FUN_06005D42,14,,0,4,4,LIVE,12,12,12,12,1,1,1,1
0x0602DD50,FUN_06005D50,16,,0,0,4,LIVE,0,0,0,0,1,1,1,1
0x0602DD60,FUN_06005D60,252,,0,0,3,LIVE,0,0,0,0,1,0,1,1
0x0602DE5C,FUN_06005E5C,132,,0,0,3,LIVE,0,0,0,0,1,0,1,1
0x0602DEE0,FUN_06005EE0,188,,0,4,4,LIVE,170,170,170,170,1,1,1,1
0x0602DF9C,FUN_06005F9C,160,,0,4,4,LIVE,88,88,88,88,1,1,1,1
0x0602E03C,FUN_0600603C,88,,0,0,4,LIVE,0,0,0,0,1,1,1,1
0x0602E094,FUN_06006094,108,,0,4,4,LIVE,50,50,50,50,1,1,1,1
0x0602E100,FUN_06006100,358,,0,3,4,LIVE,0,166,166,166,1,1,1,1
0x0602E266,FUN_06006266,268,,0,1,0,LIVE,0,140,0,0,0,0,0,0
0x0602E372,FUN_06006372,130,,0,3,4,LIVE,0,38,38,38,1,1,1,1
0x0602E3F4,FUN_060063F4,324,,0,0,3,LIVE,0,0,0,0,1,0,1,1
0x0602E538,FUN_06006538,12,B1,1,0,0,COVERAGE_BLIND,0,0,0,0,0,0,0,0
0x0602E544,FUN_06006544,100,B1,1,0,0,COVERAGE_BLIND,0,0,0,0,0,0,0,0
0x0602E5A8,FUN_060065A8,24,B1,1,4,1,SWEEP_FALSE_DEAD,18,18,18,18,0,1,0,0
0x0602E5C0,FUN_060065C0,24,B1,1,0,1,SWEEP_FALSE_DEAD,0,0,0,0,0,1,0,0
0x0602E5D8,FUN_060065D8,56,B1,1,0,1,SWEEP_FALSE_DEAD,0,0,0,0,0,1,0,0
0x0602E610,FUN_06006610,352,,0,4,4,LIVE,246,246,246,246,1,1,1,1
0x0602E770,FUN_06006770,124,,0,0,4,LIVE,0,0,0,0,1,1,1,1
0x0602E7EC,FUN_060067EC,10,,0,0,4,LIVE,0,0,0,0,1,1,1,1
0x0602E7F6,FUN_060067F6,146,B1,1,0,0,COVERAGE_BLIND,0,0,0,0,0,0,0,0
0x0602E888,FUN_06006888,22,B1,1,0,0,COVERAGE_BLIND,0,0,0,0,0,0,0,0
0x0602E89E,FUN_0600689E,18,B1,1,0,0,COVERAGE_BLIND,0,0,0,0,0,0,0,0
0x0602E8B0,FUN_060068B0,8,B1,1,1,0,KILL_LIST,0,0,0,6,0,0,0,0
0x0602E8B8,FUN_060068B8,208,,0,1,4,LIVE,0,0,0,32,1,1,1,1
0x0602E988,FUN_06006988,228,,0,4,4,LIVE,56,56,56,214,1,1,1,1
0x0602EA6C,FUN_06006A6C,118,B1,1,0,0,COVERAGE_BLIND,0,0,0,0,0,0,0,0
0x0602EAE2,FUN_06006AE2,414,B1,1,0,0,COVERAGE_BLIND,0,0,0,0,0,0,0,0
0x0602EC80,FUN_06006C80,42,B1,1,0,0,COVERAGE_BLIND,0,0,0,0,0,0,0,0
0x0602ECAA,FUN_06006CAA,180,,0,1,0,LIVE,0,0,0,54,0,0,0,0
0x0602ED5E,FUN_06006D5E,38,,0,0,0,LIVE,0,0,0,0,0,0,0,0
0x0602ED84,FUN_06006D84,212,,0,0,0,LIVE,0,0,0,0,0,0,0,0
0x0602EE58,FUN_06006E58,12,B1,1,0,0,COVERAGE_BLIND,0,0,0,0,0,0,0,0
0x0602EE64,FUN_06006E64,64,,0,0,0,LIVE,0,0,0,0,0,0,0,0
0x0602EEA4,FUN_06006EA4,44,,0,0,0,LIVE,0,0,0,0,0,0,0,0
0x0602EED0,FUN_06006ED0,10,,0,0,0,LIVE,0,0,0,0,0,0,0,0
0x0602EEDA,FUN_06006EDA,130,,0,0,0,LIVE,0,0,0,0,0,0,0,0
0x0602EF5C,FUN_06006F5C,136,,0,0,0,LIVE,0,0,0,0,0,0,0,0
0x0602EFE4,FUN_06006FE4,142,,0,3,4,LIVE,64,64,0,64,1,1,1,1
0x0602F072,FUN_06007072,162,B1,1,4,4,SWEEP_FALSE_DEAD,70,70,70,70,1,1,1,1
0x0602F114,FUN_06007114,100,,0,0,4,LIVE,0,0,0,0,1,1,1,1
0x0602F178,FUN_06007178,148,B1,1,4,0,KILL_LIST,110,110,110,110,0,0,0,0
0x0602F20C,FUN_0600720C,104,B1,1,4,0,KILL_LIST,98,98,98,98,0,0,0,0
0x0602F274,FUN_06007274,68,B1,1,4,0,KILL_LIST,62,62,62,62,0,0,0,0
0x0602F2B8,FUN_060072B8,82,B1,1,0,0,COVERAGE_BLIND,0,0,0,0,0,0,0,0
0x0602F30A,FUN_0600730A,24,B1,1,0,0,COVERAGE_BLIND,0,0,0,0,0,0,0,0
0x0602F322,FUN_06007322,16,B1,1,0,0,COVERAGE_BLIND,0,0,0,0,0,0,0,0
0x0602F332,FUN_06007332,190,,0,0,4,LIVE,0,0,0,0,1,1,1,1
0x0602F3F0,FUN_060073F0,182,B1,1,0,0,COVERAGE_BLIND,0,0,0,0,0,0,0,0
0x0602F4A6,FUN_060074A6,90,B1,1,0,0,COVERAGE_BLIND,0,0,0,0,0,0,0,0
0x0602F500,FUN_06007500,28,B1,1,0,0,COVERAGE_BLIND,0,0,0,0,0,0,0,0
0x0602F51C,FUN_0600751C,150,B1,1,0,0,COVERAGE_BLIND,0,0,0,0,0,0,0,0
0x0602F5B2,FUN_060075B2,170,B1,1,0,0,COVERAGE_BLIND,0,0,0,0,0,0,0,0
0x0602F65C,FUN_0600765C,356,B1,1,0,0,COVERAGE_BLIND,0,0,0,0,0,0,0,0
0x0602F7C0,FUN_060077C0,138,,0,0,4,LIVE,0,0,0,0,1,1,1,1
0x0602F84A,FUN_0600784A,158,,0,0,4,LIVE,0,0,0,0,1,1,1,1
0x0602F8E8,FUN_060078E8,24,,0,4,4,LIVE,22,22,22,22,1,1,1,1
0x0602F900,FUN_06007900,64,,0,4,4,LIVE,16,16,16,16,1,1,1,1
0x0602F940,FUN_06007940,26,,0,0,4,LIVE,0,0,0,0,1,1,1,1
0x0602F95A,FUN_0600795A,142,,0,0,4,LIVE,0,0,0,0,1,1,1,1
0x0602F9E8,FUN_060079E8,32,,0,0,4,LIVE,0,0,0,0,1,1,1,1
0x0602FA08,FUN_06007A08,108,B1,1,0,0,COVERAGE_BLIND,0,0,0,0,0,0,0,0
0x0602FA74,FUN_06007A74,20,B5,1,4,4,SWEEP_FALSE_DEAD,16,16,16,16,1,1,1,1
0x0602FA88,FUN_06007A88,16,,0,0,4,LIVE,0,0,0,0,1,1,1,1
0x0602FA98,FUN_06007A98,84,,0,0,4,LIVE,0,0,0,0,1,1,1,1
0x0602FAEC,FUN_06007AEC,8,,0,0,4,LIVE,0,0,0,0,1,1,1,1
0x0602FAF4,FUN_06007AF4,4,,0,0,4,LIVE,0,0,0,0,1,1,1,1
0x0602FAF8,FUN_06007AF8,156,,0,0,4,LIVE,0,0,0,0,1,1,1,1
0x0602FB94,FUN_06007B94,12,,0,0,4,LIVE,0,0,0,0,1,1,1,1
0x0602FBA0,FUN_06007BA0,240,,0,0,4,LIVE,0,0,0,0,1,1,1,1
0x0602FC90,FUN_06007C90,68,,0,0,4,LIVE,0,0,0,0,1,1,1,1
0x0602FCD4,FUN_06007CD4,42,,0,0,4,LIVE,0,0,0,0,1,1,1,1
0x0602FCFE,FUN_06007CFE,58,,0,4,4,LIVE,50,50,50,50,1,1,1,1
0x0602FD38,FUN_06007D38,12,,0,0,4,LIVE,0,0,0,0,1,1,1,1
0x0602FD44,FUN_06007D44,80,B1,1,0,0,COVERAGE_BLIND,0,0,0,0,0,0,0,0
0x0602FD94,FUN_06007D94,346,B1,1,0,0,COVERAGE_BLIND,0,0,0,0,0,0,0,0
0x0602FEEE,FUN_06007EEE,210,B1,1,0,0,COVERAGE_BLIND,0,0,0,0,0,0,0,0
0x0602FFC0,FUN_06007FC0,36,,0,0,4,LIVE,0,0,0,0,1,1,1,1
0x0602FFE4,FUN_06007FE4,10,,0,0,4,LIVE,0,0,0,0,1,1,1,1
0x0602FFEE,FUN_06007FEE,162,,0,3,4,LIVE,24,24,0,24,1,1,1,1
0x06030090,FUN_06008090,26,,0,4,4,LIVE,24,24,24,24,1,1,1,1
0x060300AA,FUN_060080AA,920,,0,4,4,LIVE,180,180,180,704,1,1,1,1
0x06030442,FUN_06008442,222,,0,0,4,LIVE,0,0,0,0,1,1,1,1
0x06030520,FUN_06008520,522,B1,1,0,0,COVERAGE_BLIND,0,0,0,0,0,0,0,0
0x0603072A,FUN_0600872A,118,B1,1,0,0,COVERAGE_BLIND,0,0,0,0,0,0,0,0
0x060307A0,FUN_060087A0,132,B1,1,0,0,COVERAGE_BLIND,0,0,0,0,0,0,0,0
0x06030824,FUN_06008824,156,,0,0,4,LIVE,0,0,0,0,1,1,1,1
0x060308C0,FUN_060088C0,348,,0,0,4,LIVE,0,0,0,0,1,1,1,1
0x06030A1C,FUN_06008A1C,44,B1,1,0,0,COVERAGE_BLIND,0,0,0,0,0,0,0,0
0x06030A48,FUN_06008A48,20,B1,1,0,0,COVERAGE_BLIND,0,0,0,0,0,0,0,0
0x06030A5C,FUN_06008A5C,36,B1,1,0,0,COVERAGE_BLIND,0,0,0,0,0,0,0,0
0x06030A80,FUN_06008A80,14,B1,1,0,0,COVERAGE_BLIND,0,0,0,0,0,0,0,0
0x06030A8E,FUN_06008A8E,74,B1,1,0,0,COVERAGE_BLIND,0,0,0,0,0,0,0,0
0x06030AD8,FUN_06008AD8,34,,0,0,4,LIVE,0,0,0,0,1,1,1,1
0x06030AFA,FUN_06008AFA,22,,0,4,4,LIVE,20,20,20,20,1,1,1,1
0x06030B10,FUN_06008B10,108,,0,4,4,LIVE,94,94,94,96,1,1,1,1
0x06030B7C,FUN_06008B7C,40,,0,0,4,LIVE,0,0,0,0,1,1,1,1
0x06030BA4,FUN_06008BA4,20,,0,0,4,LIVE,0,0,0,0,1,1,1,1
0x06030BB8,FUN_06008BB8,108,B1,1,0,0,COVERAGE_BLIND,0,0,0,0,0,0,0,0
0x06030C24,FUN_06008C24,54,B1,1,0,0,COVERAGE_BLIND,0,0,0,0,0,0,0,0
0x06030C5A,FUN_06008C5A,34,B1,1,0,0,COVERAGE_BLIND,0,0,0,0,0,0,0,0
0x06030C7C,FUN_06008C7C,34,B1,1,0,0,COVERAGE_BLIND,0,0,0,0,0,0,0,0
0x06030C9E,FUN_06008C9E,12,,0,3,4,LIVE,0,10,10,10,1,1,1,1
0x06030CAA,FUN_06008CAA,118,,0,4,4,LIVE,26,74,74,74,1,1,1,1
0x06030D20,FUN_06008D20,144,,0,4,4,LIVE,124,124,90,124,1,1,1,1
0x06030DB0,FUN_06008DB0,62,B1,1,0,0,COVERAGE_BLIND,0,0,0,0,0,0,0,0
0x06030DEE,FUN_06008DEE,68,B1,1,0,0,COVERAGE_BLIND,0,0,0,0,0,0,0,0
0x06030E32,FUN_06008E32,22,B1,1,0,0,COVERAGE_BLIND,0,0,0,0,0,0,0,0
0x06030E48,FUN_06008E48,128,B1,1,0,0,COVERAGE_BLIND,0,0,0,0,0,0,0,0
0x06030EC8,FUN_06008EC8,140,,0,0,4,LIVE,0,0,0,0,1,1,1,1
0x06030F54,FUN_06008F54,180,B1,1,0,4,SWEEP_FALSE_DEAD,0,0,0,0,1,1,1,1
0x06031008,FUN_06009008,24,,0,3,4,LIVE,22,22,0,22,1,1,1,1
0x06031020,FUN_06009020,704,,0,3,4,LIVE,254,258,0,266,1,1,1,1
0x060312E0,FUN_060092E0,284,,0,0,0,LIVE,0,0,0,0,0,0,0,0
0x060313FC,FUN_060093FC,590,,0,4,4,LIVE,168,184,116,168,1,1,1,1
0x0603164A,FUN_0600964A,238,,0,0,4,LIVE,0,0,0,0,1,1,1,1
0x06031738,FUN_06009738,116,B1,1,0,0,COVERAGE_BLIND,0,0,0,0,0,0,0,0
0x060317AC,FUN_060097AC,156,B1,1,0,0,COVERAGE_BLIND,0,0,0,0,0,0,0,0
0x06031848,FUN_06009848,448,B1,1,0,0,COVERAGE_BLIND,0,0,0,0,0,0,0,0
0x06031A08,FUN_06009A08,260,B1,1,0,0,COVERAGE_BLIND,0,0,0,0,0,0,0,0
0x06031B0C,FUN_06009B0C,120,B1,1,0,0,COVERAGE_BLIND,0,0,0,0,0,0,0,0
0x06031B84,FUN_06009B84,8,B1,1,0,0,COVERAGE_BLIND,0,0,0,0,0,0,0,0
0x06031B8C,FUN_06009B8C,86,B1,1,0,0,COVERAGE_BLIND,0,0,0,0,0,0,0,0
0x06031BE2,FUN_06009BE2,224,B1,1,0,0,COVERAGE_BLIND,0,0,0,0,0,0,0,0
0x06031CC2,FUN_06009CC2,312,B1,1,0,0,COVERAGE_BLIND,0,0,0,0,0,0,0,0
0x06031DFA,FUN_06009DFA,306,B1,1,0,0,COVERAGE_BLIND,0,0,0,0,0,0,0,0
0x06031F2C,FUN_06009F2C,228,B1,1,0,0,COVERAGE_BLIND,0,0,0,0,0,0,0,0
0x06032010,FUN_0600A010,140,B1,1,0,0,COVERAGE_BLIND,0,0,0,0,0,0,0,0
0x0603209C,FUN_0600A09C,516,B1,1,0,0,COVERAGE_BLIND,0,0,0,0,0,0,0,0
0x060322A0,FUN_0600A2A0,172,B1,1,0,0,COVERAGE_BLIND,0,0,0,0,0,0,0,0
0x0603234C,FUN_0600A34C,412,,0,4,4,LIVE,310,310,310,310,1,1,1,1
0x060324E8,FUN_0600A4E8,68,B1,1,0,0,COVERAGE_BLIND,0,0,0,0,0,0,0,0
0x0603252C,FUN_0600A52C,328,B1,1,0,0,COVERAGE_BLIND,0,0,0,0,0,0,0,0
0x06032674,FUN_0600A674,584,B1,1,0,0,COVERAGE_BLIND,0,0,0,0,0,0,0,0
0x060328BC,FUN_0600A8BC,92,B1,1,0,0,COVERAGE_BLIND,0,0,0,0,0,0,0,0
0x06032918,FUN_0600A918,408,B1,1,0,0,COVERAGE_BLIND,0,0,0,0,0,0,0,0
0x06032AB0,FUN_0600AAB0,252,B1,1,0,0,COVERAGE_BLIND,0,0,0,0,0,0,0,0
0x06032BAC,FUN_0600ABAC,540,B1,1,0,0,COVERAGE_BLIND,0,0,0,0,0,0,0,0
0x06032DC8,FUN_0600ADC8,20,B1,1,0,0,COVERAGE_BLIND,0,0,0,0,0,0,0,0
0x06032DDC,FUN_0600ADDC,56,B1,1,0,0,COVERAGE_BLIND,0,0,0,0,0,0,0,0
0x06032E14,FUN_0600AE14,48,B1,1,0,0,COVERAGE_BLIND,0,0,0,0,0,0,0,0
0x06032E44,FUN_0600AE44,620,B1,1,0,0,COVERAGE_BLIND,0,0,0,0,0,0,0,0
0x060330B0,FUN_0600B0B0,96,B1,1,0,0,COVERAGE_BLIND,0,0,0,0,0,0,0,0
0x06033110,FUN_0600B110,404,B1,1,0,0,COVERAGE_BLIND,0,0,0,0,0,0,0,0
0x060332A4,FUN_0600B2A4,200,B1,1,0,0,COVERAGE_BLIND,0,0,0,0,0,0,0,0
0x0603336C,FUN_0600B36C,226,B1,1,0,0,COVERAGE_BLIND,0,0,0,0,0,0,0,0
0x0603344E,FUN_0600B44E,24,B1,1,0,0,COVERAGE_BLIND,0,0,0,0,0,0,0,0
0x06033466,FUN_0600B466,214,B1,1,0,0,COVERAGE_BLIND,0,0,0,0,0,0,0,0
0x0603353C,FUN_0600B53C,168,B1,1,0,0,COVERAGE_BLIND,0,0,0,0,0,0,0,0
0x060335E4,FUN_0600B5E4,228,B1,1,0,0,COVERAGE_BLIND,0,0,0,0,0,0,0,0
0x060336C8,FUN_0600B6C8,80,B1,1,0,0,COVERAGE_BLIND,0,0,0,0,0,0,0,0
0x06033718,FUN_0600B718,280,B1,1,0,0,COVERAGE_BLIND,0,0,0,0,0,0,0,0
0x06033830,FUN_0600B830,320,,0,0,4,LIVE,0,0,0,0,1,1,1,1
0x06033970,FUN_0600B970,264,,0,0,4,LIVE,0,0,0,0,1,1,1,1
0x06033A78,FUN_0600BA78,52,,0,0,4,LIVE,0,0,0,0,1,1,1,1
0x06033AAC,FUN_0600BAAC,78,,0,0,4,LIVE,0,0,0,0,1,1,1,1
0x06033AFA,FUN_0600BAFA,52,,0,0,4,LIVE,0,0,0,0,1,1,1,1
0x06033B2E,FUN_0600BB2E,54,,0,0,4,LIVE,0,0,0,0,1,1,1,1
0x06033B64,FUN_0600BB64,116,,0,0,4,LIVE,0,0,0,0,1,1,1,1
0x06033BD8,FUN_0600BBD8,230,B1,1,0,0,COVERAGE_BLIND,0,0,0,0,0,0,0,0
0x06033CBE,FUN_0600BCBE,266,B1,1,0,0,COVERAGE_BLIND,0,0,0,0,0,0,0,0
0x06033DC8,FUN_0600BDC8,1720,B1,1,0,0,COVERAGE_BLIND,0,0,0,0,0,0,0,0
0x06034480,FUN_0600C480,456,B1,1,0,0,COVERAGE_BLIND,0,0,0,0,0,0,0,0
0x06034648,FUN_0600C648,160,B1,1,0,0,COVERAGE_BLIND,0,0,0,0,0,0,0,0
0x060346E8,FUN_0600C6E8,80,B1,1,0,0,COVERAGE_BLIND,0,0,0,0,0,0,0,0
0x06034738,FUN_0600C738,252,B1,1,0,0,COVERAGE_BLIND,0,0,0,0,0,0,0,0
0x06034834,FUN_0600C834,122,B1,1,0,0,COVERAGE_BLIND,0,0,0,0,0,0,0,0
0x060348AE,FUN_0600C8AE,86,B1,1,0,0,COVERAGE_BLIND,0,0,0,0,0,0,0,0
0x06034904,FUN_0600C904,196,B1,1,0,0,COVERAGE_BLIND,0,0,0,0,0,0,0,0
0x060349C8,FUN_0600C9C8,216,B1,1,0,0,COVERAGE_BLIND,0,0,0,0,0,0,0,0
0x06034AA0,FUN_0600CAA0,258,B1,1,0,0,COVERAGE_BLIND,0,0,0,0,0,0,0,0
0x06034BA2,FUN_0600CBA2,58,B1,1,0,0,COVERAGE_BLIND,0,0,0,0,0,0,0,0
0x06034BDC,FUN_0600CBDC,4,B1,1,0,0,COVERAGE_BLIND,0,0,0,0,0,0,0,0
0x06034BE0,FUN_0600CBE0,144,B1,1,0,0,COVERAGE_BLIND,0,0,0,0,0,0,0,0
0x06034C70,FUN_0600CC70,124,B1,1,0,0,COVERAGE_BLIND,0,0,0,0,0,0,0,0
0x06034CEC,FUN_0600CCEC,70,,0,0,4,LIVE,0,0,0,0,1,1,1,1
0x06034D32,FUN_0600CD32,94,,0,0,4,LIVE,0,0,0,0,1,1,1,1
0x06034D90,FUN_0600CD90,428,,0,0,4,LIVE,0,0,0,0,1,1,1,1
0x06034F3C,FUN_0600CF3C,24,,0,0,4,LIVE,0,0,0,0,1,1,1,1
0x06034F54,FUN_0600CF54,632,,0,0,4,LIVE,0,0,0,0,1,1,1,1
0x060351CC,FUN_0600D1CC,302,,0,4,4,LIVE,104,104,104,104,1,1,1,1
0x060352FA,FUN_0600D2FA,310,B5,1,4,0,KILL_LIST,20,20,20,20,0,0,0,0
0x06035430,FUN_0600D430,112,B1,1,0,0,COVERAGE_BLIND,0,0,0,0,0,0,0,0
0x060354A0,FUN_0600D4A0,388,B3,1,4,0,KILL_LIST,292,294,292,292,0,0,0,0
0x06035624,FUN_0600D624,212,B5,1,4,0,KILL_LIST,166,166,160,170,0,0,0,0
0x060356F8,FUN_0600D6F8,80,B5,1,4,0,KILL_LIST,32,32,32,32,0,0,0,0
0x06035748,FUN_0600D748,8,B5,1,4,0,KILL_LIST,6,6,6,6,0,0,0,0
0x06035750,FUN_0600D750,436,B5,1,4,0,KILL_LIST,212,308,312,292,0,0,0,0
0x06035904,FUN_0600D904,522,B3,1,4,0,KILL_LIST,438,462,462,462,0,0,0,0
0x06035B0E,FUN_0600DB0E,34,B5,1,4,0,KILL_LIST,32,32,22,32,0,0,0,0
0x06035B30,FUN_0600DB30,296,B3,1,4,0,KILL_LIST,194,194,194,194,0,0,0,0
0x06035C58,FUN_0600DC58,64,B3,1,4,0,KILL_LIST,46,46,46,46,0,0,0,0
0x06035C98,FUN_0600DC98,592,B3,1,4,0,KILL_LIST,446,450,450,450,0,0,0,0
0x06035EE8,FUN_0600DEE8,96,B5,1,4,0,KILL_LIST,82,82,78,82,0,0,0,0
0x06035F48,FUN_0600DF48,980,B3,1,4,0,KILL_LIST,684,686,716,716,0,0,0,0
0x0603631C,FUN_0600E31C,1108,B3,1,4,0,KILL_LIST,98,98,98,98,0,0,0,0
0x06036770,FUN_0600E770,32,B1,1,0,0,COVERAGE_BLIND,0,0,0,0,0,0,0,0
0x06036790,FUN_0600E790,10,B3,1,4,0,KILL_LIST,8,8,8,8,0,0,0,0
0x0603679A,FUN_0600E79A,110,B5,1,4,0,KILL_LIST,86,86,86,86,0,0,0,0
0x06036808,FUN_0600E808,204,B5,1,3,0,KILL_LIST,0,146,144,144,0,0,0,0
0x060368D4,FUN_0600E8D4,64,B3,1,4,0,KILL_LIST,46,46,46,46,0,0,0,0
0x06036914,FUN_0600E914,52,B3,1,4,0,KILL_LIST,50,50,50,50,0,0,0,0
0x06036948,FUN_0600E948,72,B5,1,4,0,KILL_LIST,68,68,68,68,0,0,0,0
0x06036990,FUN_0600E990,224,B3,1,4,4,SWEEP_FALSE_DEAD,206,206,206,206,1,1,1,1
0x06036A70,FUN_0600EA70,56,B4,0,4,4,LIVE,40,40,40,40,1,1,1,1
0x06036AA8,FUN_0600EAA8,14,B4,0,4,4,LIVE,12,12,12,12,1,1,1,1
0x06036AB6,FUN_0600EAB6,170,,0,4,4,LIVE,132,132,132,132,1,1,1,1
0x06036B60,FUN_0600EB60,14,,0,0,4,LIVE,0,0,0,0,1,1,1,1
0x06036B6E,FUN_0600EB6E,74,,0,0,4,LIVE,0,0,0,0,1,1,1,1
0x06036BB8,FUN_0600EBB8,14,B5,1,4,0,KILL_LIST,12,12,12,12,0,0,0,0
0x06036BC6,FUN_0600EBC6,306,B5,1,4,0,KILL_LIST,256,256,256,256,0,0,0,0
0x06036CF8,FUN_0600ECF8,90,B3,1,4,0,KILL_LIST,56,56,56,56,0,0,0,0
0x06036D52,FUN_0600ED52,42,B3,1,4,0,KILL_LIST,32,32,32,32,0,0,0,0
0x06036D7C,FUN_0600ED7C,42,B1,1,0,0,COVERAGE_BLIND,0,0,0,0,0,0,0,0
0x06036DA6,FUN_0600EDA6,198,B1,1,0,0,COVERAGE_BLIND,0,0,0,0,0,0,0,0
0x06036E6C,FUN_0600EE6C,36,B1,1,3,0,KILL_LIST,28,28,0,28,0,0,0,0
0x06036E90,FUN_0600EE90,36,B1,1,0,0,COVERAGE_BLIND,0,0,0,0,0,0,0,0
0x06036EB4,FUN_0600EEB4,540,B5,1,4,0,KILL_LIST,228,236,228,228,0,0,0,0
0x060370D0,FUN_0600F0D0,150,B5,1,4,0,KILL_LIST,82,82,82,82,0,0,0,0
0x06037166,FUN_0600F166,810,B5,1,4,0,KILL_LIST,104,104,94,104,0,0,0,0
0x06037490,FUN_0600F490,456,B5,1,4,0,KILL_LIST,214,214,2,214,0,0,0,0
0x06037658,FUN_0600F658,4,B5,1,4,0,KILL_LIST,4,4,4,4,0,0,0,0
0x0603765C,FUN_0600F65C,1340,B5,1,4,0,KILL_LIST,516,736,680,768,0,0,0,0
0x06037B98,FUN_0600FB98,96,B5,1,4,0,KILL_LIST,82,82,82,82,0,0,0,0
0x06037BF8,FUN_0600FBF8,560,,0,4,4,LIVE,30,40,40,40,1,1,1,1
0x06037E28,FUN_0600FE28,1692,B4,0,4,4,LIVE,534,534,370,534,1,1,1,1
0x060384C4,FUN_060104C4,266,,0,4,4,LIVE,232,232,232,232,1,1,1,1
0x060385CE,FUN_060105CE,266,,0,4,0,LIVE,128,128,174,128,0,0,0,0
0x060386D8,FUN_060106D8,938,B3,1,4,0,KILL_LIST,768,768,748,774,0,0,0,0
0x06038A82,FUN_06010A82,2,B2,1,0,0,COVERAGE_BLIND,0,0,0,0,0,0,0,0
0x06038A84,FUN_06010A84,320,B5,1,4,0,KILL_LIST,146,146,146,146,0,0,0,0
0x06038BC4,FUN_06010BC4,8,B2,1,0,0,COVERAGE_BLIND,0,0,0,0,0,0,0,0
0x06038BCC,FUN_06010BCC,152,B1,1,0,4,SWEEP_FALSE_DEAD,0,0,0,0,1,1,1,1
0x06038C64,FUN_06010C64,372,,0,4,4,LIVE,242,242,220,242,1,1,1,1
0x06038DD8,FUN_06010DD8,20,B2,1,4,0,KILL_LIST,18,18,18,18,0,0,0,0
0x06038DEC,FUN_06010DEC,552,B5,1,4,4,SWEEP_FALSE_DEAD,202,232,174,244,1,1,1,1
0x06039014,FUN_06011014,6,,0,4,4,LIVE,4,4,4,4,1,1,1,1
0x0603901A,FUN_0601101A,246,,0,4,4,LIVE,208,204,204,204,1,1,1,1
0x06039110,FUN_06011110,242,,0,4,0,LIVE,90,90,90,90,0,0,0,0
0x06039202,FUN_06011202,2,B1,1,0,0,COVERAGE_BLIND,0,0,0,0,0,0,0,0
0x06039204,FUN_06011204,390,B1,1,0,4,SWEEP_FALSE_DEAD,0,0,0,0,1,1,1,1
0x0603938A,FUN_0601138A,2,B1,1,0,0,COVERAGE_BLIND,0,0,0,0,0,0,0,0
0x0603938C,FUN_0601138C,284,,0,4,4,LIVE,68,68,68,68,1,1,1,1
0x060394A8,FUN_060114A8,708,B1,1,0,4,SWEEP_FALSE_DEAD,0,0,0,0,1,1,1,1
0x0603976C,FUN_0601176C,824,,0,4,4,LIVE,200,214,92,200,1,1,1,1
0x06039AA4,FUN_06011AA4,236,B5,1,4,0,KILL_LIST,48,48,48,48,0,0,0,0
0x06039B90,FUN_06011B90,84,B5,1,4,4,SWEEP_FALSE_DEAD,34,34,34,34,1,1,1,1
0x06039BE4,FUN_06011BE4,488,,0,4,4,LIVE,256,376,376,376,1,1,1,1
0x06039DCC,FUN_06011DCC,268,,0,4,4,LIVE,80,80,80,80,1,1,1,1
0x06039ED8,FUN_06011ED8,716,B5,1,4,0,KILL_LIST,156,156,156,156,0,0,0,0
0x0603A1A4,FUN_060121A4,932,B1,1,0,0,COVERAGE_BLIND,0,0,0,0,0,0,0,0
0x0603A548,FUN_06012548,8,B1,1,0,0,COVERAGE_BLIND,0,0,0,0,0,0,0,0
0x0603A550,FUN_06012550,256,,0,4,4,LIVE,56,56,56,56,1,1,1,1
0x0603A650,FUN_06012650,80,,0,0,0,LIVE,0,0,0,0,0,0,0,0
0x0603A6A0,FUN_060126A0,28,B1,1,0,0,COVERAGE_BLIND,0,0,0,0,0,0,0,0
0x0603A6BC,FUN_060126BC,212,B5,1,0,0,COVERAGE_BLIND,0,0,0,0,0,0,0,0
0x0603A790,FUN_06012790,48,B5,1,0,0,COVERAGE_BLIND,0,0,0,0,0,0,0,0
0x0603A7C0,FUN_060127C0,852,B5,1,0,0,COVERAGE_BLIND,0,0,0,0,0,0,0,0
0x0603AB14,FUN_06012B14,82,B5,1,0,0,COVERAGE_BLIND,0,0,0,0,0,0,0,0
0x0603AB66,FUN_06012B66,12,B5,1,0,0,COVERAGE_BLIND,0,0,0,0,0,0,0,0
0x0603AB72,FUN_06012B72,922,B5,1,0,0,COVERAGE_BLIND,0,0,0,0,0,0,0,0
0x0603AF0C,FUN_06012F0C,44,B1,1,0,0,COVERAGE_BLIND,0,0,0,0,0,0,0,0
0x0603AF38,FUN_06012F38,796,B5,1,0,0,COVERAGE_BLIND,0,0,0,0,0,0,0,0
0x0603B254,FUN_06013254,48,B5,1,0,0,COVERAGE_BLIND,0,0,0,0,0,0,0,0
0x0603B284,FUN_06013284,532,B5,1,0,0,COVERAGE_BLIND,0,0,0,0,0,0,0,0
0x0603B498,FUN_06013498,12,B5,1,0,0,COVERAGE_BLIND,0,0,0,0,0,0,0,0
0x0603B4A4,FUN_060134A4,600,B5,1,0,0,COVERAGE_BLIND,0,0,0,0,0,0,0,0
0x0603B6FC,FUN_060136FC,580,B1,1,0,0,COVERAGE_BLIND,0,0,0,0,0,0,0,0
0x0603B940,FUN_06013940,58,B1,1,0,0,COVERAGE_BLIND,0,0,0,0,0,0,0,0
0x0603B97A,FUN_0601397A,378,B1,1,0,0,COVERAGE_BLIND,0,0,0,0,0,0,0,0
0x0603BAF4,FUN_06013AF4,216,B1,1,0,0,COVERAGE_BLIND,0,0,0,0,0,0,0,0
0x0603BBCC,FUN_06013BCC,172,B1,1,0,0,COVERAGE_BLIND,0,0,0,0,0,0,0,0
0x0603BC78,FUN_06013C78,660,B1,1,0,0,COVERAGE_BLIND,0,0,0,0,0,0,0,0
0x0603BF0C,FUN_06013F0C,20,B1,1,0,0,COVERAGE_BLIND,0,0,0,0,0,0,0,0
0x0603BF20,FUN_06013F20,58,B1,1,0,0,COVERAGE_BLIND,0,0,0,0,0,0,0,0
0x0603BF5A,FUN_06013F5A,70,B1,1,0,0,COVERAGE_BLIND,0,0,0,0,0,0,0,0
0x0603BFA0,FUN_06013FA0,8,B1,1,0,0,COVERAGE_BLIND,0,0,0,0,0,0,0,0
0x0603BFA8,FUN_06013FA8,64,B1,1,0,0,COVERAGE_BLIND,0,0,0,0,0,0,0,0
0x0603BFE8,FUN_06013FE8,22,B1,1,0,0,COVERAGE_BLIND,0,0,0,0,0,0,0,0
0x0603BFFE,FUN_06013FFE,150,B1,1,0,0,COVERAGE_BLIND,0,0,0,0,0,0,0,0
0x0603C094,FUN_06014094,284,B1,1,0,0,COVERAGE_BLIND,0,0,0,0,0,0,0,0
0x0603C1B0,FUN_060141B0,196,B1,1,0,0,COVERAGE_BLIND,0,0,0,0,0,0,0,0
0x0603C274,FUN_06014274,72,B1,1,0,0,COVERAGE_BLIND,0,0,0,0,0,0,0,0
0x0603C2BC,FUN_060142BC,72,B1,1,0,0,COVERAGE_BLIND,0,0,0,0,0,0,0,0
0x0603C304,FUN_06014304,52,B1,1,0,0,COVERAGE_BLIND,0,0,0,0,0,0,0,0
0x0603C338,FUN_06014338,12,B1,1,0,0,COVERAGE_BLIND,0,0,0,0,0,0,0,0
0x0603C344,FUN_06014344,296,B1,1,0,0,COVERAGE_BLIND,0,0,0,0,0,0,0,0
0x0603C46C,FUN_0601446C,12,B1,1,0,0,COVERAGE_BLIND,0,0,0,0,0,0,0,0
0x0603C478,FUN_06014478,340,B1,1,0,4,SWEEP_FALSE_DEAD,0,0,0,0,1,1,1,1
0x0603C5CC,FUN_060145CC,212,,0,4,0,LIVE,108,108,68,108,0,0,0,0
0x0603C6A0,FUN_060146A0,246,B1,1,0,0,COVERAGE_BLIND,0,0,0,0,0,0,0,0
0x0603C796,FUN_06014796,14,B1,1,0,0,COVERAGE_BLIND,0,0,0,0,0,0,0,0
0x0603C7A4,FUN_060147A4,456,B1,1,0,0,COVERAGE_BLIND,0,0,0,0,0,0,0,0
0x0603C96C,FUN_0601496C,4,B1,1,0,0,COVERAGE_BLIND,0,0,0,0,0,0,0,0
0x0603C970,FUN_06014970,36,B1,1,0,0,COVERAGE_BLIND,0,0,0,0,0,0,0,0
0x0603C994,FUN_06014994,724,B1,1,0,0,COVERAGE_BLIND,0,0,0,0,0,0,0,0
0x0603CC68,FUN_06014C68,202,B1,1,0,0,COVERAGE_BLIND,0,0,0,0,0,0,0,0
0x0603CD32,FUN_06014D32,166,B1,1,0,0,COVERAGE_BLIND,0,0,0,0,0,0,0,0
0x0603CDD8,FUN_06014DD8,6,,0,0,0,LIVE,0,0,0,0,0,0,0,0
0x0603CDDE,FUN_06014DDE,170,,0,0,4,LIVE,0,0,0,0,1,1,1,1
0x0603CE88,FUN_06014E88,578,,0,0,4,LIVE,0,0,0,0,1,1,1,1
0x0603D0CA,FUN_060150CA,1028,,0,0,4,LIVE,0,0,0,0,1,1,1,1
0x0603D4CE,FUN_060154CE,2,,0,0,0,LIVE,0,0,0,0,0,0,0,0
0x0603D4D0,FUN_060154D0,4,,0,0,3,LIVE,0,0,0,0,1,0,1,1
0x0603D4D4,FUN_060154D4,132,,0,0,3,LIVE,0,0,0,0,1,0,1,1
0x0603D558,FUN_06015558,20,,0,0,0,LIVE,0,0,0,0,0,0,0,0
0x0603D56C,FUN_0601556C,376,,0,0,0,LIVE,0,0,0,0,0,0,0,0
0x0603D6E4,FUN_060156E4,32,B1,1,0,0,COVERAGE_BLIND,0,0,0,0,0,0,0,0
0x0603D704,FUN_06015704,636,B1,1,0,0,COVERAGE_BLIND,0,0,0,0,0,0,0,0
0x0603D980,FUN_06015980,24,B1,1,0,0,COVERAGE_BLIND,0,0,0,0,0,0,0,0
0x0603D998,FUN_06015998,224,,0,0,3,LIVE,0,0,0,0,1,0,1,1
0x0603DA78,FUN_06015A78,116,,0,0,3,LIVE,0,0,0,0,1,0,1,1
0x0603DAEC,FUN_06015AEC,176,,0,0,3,LIVE,0,0,0,0,1,0,1,1
0x0603DB9C,FUN_06015B9C,256,B1,1,0,0,COVERAGE_BLIND,0,0,0,0,0,0,0,0
0x0603DC9C,FUN_06015C9C,6,B5,1,0,0,COVERAGE_BLIND,0,0,0,0,0,0,0,0
0x0603DCA2,FUN_06015CA2,118,B5,1,0,0,COVERAGE_BLIND,0,0,0,0,0,0,0,0
0x0603DD18,FUN_06015D18,150,B1,1,0,0,COVERAGE_BLIND,0,0,0,0,0,0,0,0
0x0603DDAE,FUN_06015DAE,186,B5,1,0,0,COVERAGE_BLIND,0,0,0,0,0,0,0,0
0x0603DE68,FUN_06015E68,84,B5,1,0,0,COVERAGE_BLIND,0,0,0,0,0,0,0,0
0x0603DEBC,FUN_06015EBC,108,B5,1,0,0,COVERAGE_BLIND,0,0,0,0,0,0,0,0
0x0603DF28,FUN_06015F28,92,B1,1,0,0,COVERAGE_BLIND,0,0,0,0,0,0,0,0
0x0603DF84,FUN_06015F84,310,B1,1,0,0,COVERAGE_BLIND,0,0,0,0,0,0,0,0
0x0603E0BA,FUN_060160BA,146,B1,1,0,0,COVERAGE_BLIND,0,0,0,0,0,0,0,0
0x0603E14C,FUN_0601614C,500,B5,1,0,0,COVERAGE_BLIND,0,0,0,0,0,0,0,0
0x0603E340,FUN_06016340,16,B5,1,0,0,COVERAGE_BLIND,0,0,0,0,0,0,0,0
0x0603E350,FUN_06016350,84,B5,1,0,0,COVERAGE_BLIND,0,0,0,0,0,0,0,0
0x0603E3A4,FUN_060163A4,68,B5,1,0,0,COVERAGE_BLIND,0,0,0,0,0,0,0,0
0x0603E3E8,FUN_060163E8,114,B1,1,0,0,COVERAGE_BLIND,0,0,0,0,0,0,0,0
0x0603E45A,FUN_0601645A,24,B1,1,0,0,COVERAGE_BLIND,0,0,0,0,0,0,0,0
0x0603E472,FUN_06016472,22,B1,1,0,3,SWEEP_FALSE_DEAD,0,0,0,0,1,0,1,1
0x0603E488,FUN_06016488,28,,0,0,3,LIVE,0,0,0,0,1,0,1,1
0x0603E4A4,FUN_060164A4,360,,0,0,3,LIVE,0,0,0,0,1,0,1,1
0x0603E60C,FUN_0601660C,360,B5,1,0,0,COVERAGE_BLIND,0,0,0,0,0,0,0,0
0x0603E774,FUN_06016774,20,B1,1,0,0,COVERAGE_BLIND,0,0,0,0,0,0,0,0
0x0603E788,FUN_06016788,40,B1,1,0,0,COVERAGE_BLIND,0,0,0,0,0,0,0,0
0x0603E7B0,FUN_060167B0,356,B5,1,0,0,COVERAGE_BLIND,0,0,0,0,0,0,0,0
0x0603E914,FUN_06016914,20,B1,1,0,0,COVERAGE_BLIND,0,0,0,0,0,0,0,0
0x0603E928,FUN_06016928,42,B1,1,0,0,COVERAGE_BLIND,0,0,0,0,0,0,0,0
0x0603E952,FUN_06016952,82,B5,1,0,0,COVERAGE_BLIND,0,0,0,0,0,0,0,0
0x0603E9A4,FUN_060169A4,20,,0,0,0,LIVE,0,0,0,0,0,0,0,0
0x0603E9B8,FUN_060169B8,42,,0,0,0,LIVE,0,0,0,0,0,0,0,0
0x0603E9E2,FUN_060169E2,138,,0,0,0,LIVE,0,0,0,0,0,0,0,0
0x0603EA6C,FUN_06016A6C,20,,0,0,0,LIVE,0,0,0,0,0,0,0,0
0x0603EA80,FUN_06016A80,42,B1,1,0,0,COVERAGE_BLIND,0,0,0,0,0,0,0,0
0x0603EAAA,FUN_06016AAA,312,B5,1,0,0,COVERAGE_BLIND,0,0,0,0,0,0,0,0
0x0603EBE2,FUN_06016BE2,20,B5,1,0,0,COVERAGE_BLIND,0,0,0,0,0,0,0,0
0x0603EBF6,FUN_06016BF6,80,,0,0,3,LIVE,0,0,0,0,1,0,1,1
0x0603EC46,FUN_06016C46,14,,0,0,3,LIVE,0,0,0,0,1,0,1,1
0x0603EC54,FUN_06016C54,50,,0,0,3,LIVE,0,0,0,0,1,0,1,1
0x0603EC86,FUN_06016C86,14,,0,0,3,LIVE,0,0,0,0,1,0,1,1
0x0603EC94,FUN_06016C94,92,,0,0,3,LIVE,0,0,0,0,1,0,1,1
0x0603ECF0,FUN_06016CF0,16,,0,0,0,LIVE,0,0,0,0,0,0,0,0
0x0603ED00,FUN_06016D00,92,B5,1,0,3,SWEEP_FALSE_DEAD,0,0,0,0,1,0,1,1
0x0603ED5C,FUN_06016D5C,20,,0,0,3,LIVE,0,0,0,0,1,0,1,1
0x0603ED70,FUN_06016D70,34,,0,0,3,LIVE,0,0,0,0,1,0,1,1
0x0603ED92,FUN_06016D92,20,,0,0,0,LIVE,0,0,0,0,0,0,0,0
0x0603EDA6,FUN_06016DA6,34,B1,1,0,0,COVERAGE_BLIND,0,0,0,0,0,0,0,0
0x0603EDC8,FUN_06016DC8,14,,0,0,0,LIVE,0,0,0,0,0,0,0,0
0x0603EDD6,FUN_06016DD6,96,,0,0,0,LIVE,0,0,0,0,0,0,0,0
0x0603EE36,FUN_06016E36,2,,0,0,0,LIVE,0,0,0,0,0,0,0,0
0x0603EE38,FUN_06016E38,16,,0,0,0,LIVE,0,0,0,0,0,0,0,0
0x0603EE48,FUN_06016E48,28,,0,0,0,LIVE,0,0,0,0,0,0,0,0
0x0603EE64,FUN_06016E64,88,,0,0,0,LIVE,0,0,0,0,0,0,0,0
0x0603EEBC,FUN_06016EBC,202,,0,0,0,LIVE,0,0,0,0,0,0,0,0
0x0603EF86,FUN_06016F86,182,,0,0,0,LIVE,0,0,0,0,0,0,0,0
0x0603F03C,FUN_0601703C,24,B5,1,0,0,COVERAGE_BLIND,0,0,0,0,0,0,0,0
0x0603F054,FUN_06017054,96,B1,1,0,0,COVERAGE_BLIND,0,0,0,0,0,0,0,0
0x0603F0B4,FUN_060170B4,14,B5,1,0,0,COVERAGE_BLIND,0,0,0,0,0,0,0,0
0x0603F0C2,FUN_060170C2,76,B5,1,0,3,SWEEP_FALSE_DEAD,0,0,0,0,1,0,1,1
0x0603F10E,FUN_0601710E,8,,0,0,3,LIVE,0,0,0,0,1,0,1,1
0x0603F116,FUN_06017116,30,,0,0,3,LIVE,0,0,0,0,1,0,1,1
0x0603F134,FUN_06017134,18,,0,0,3,LIVE,0,0,0,0,1,0,1,1
0x0603F146,FUN_06017146,32,,0,0,3,LIVE,0,0,0,0,1,0,1,1
0x0603F166,FUN_06017166,842,,0,0,3,LIVE,0,0,0,0,1,0,1,1
0x0603F4B0,FUN_060174B0,16,B1,1,0,0,COVERAGE_BLIND,0,0,0,0,0,0,0,0
0x0603F4C0,FUN_060174C0,68,B5,1,0,0,COVERAGE_BLIND,0,0,0,0,0,0,0,0
0x0603F504,FUN_06017504,2,B1,1,0,0,COVERAGE_BLIND,0,0,0,0,0,0,0,0
0x0603F506,FUN_06017506,2,B5,1,0,0,COVERAGE_BLIND,0,0,0,0,0,0,0,0
0x0603F508,FUN_06017508,44,B5,1,0,0,COVERAGE_BLIND,0,0,0,0,0,0,0,0
0x0603F534,FUN_06017534,10,,0,0,0,LIVE,0,0,0,0,0,0,0,0
0x0603F53E,FUN_0601753E,78,,0,0,0,LIVE,0,0,0,0,0,0,0,0
0x0603F58C,FUN_0601758C,114,B5,1,0,0,COVERAGE_BLIND,0,0,0,0,0,0,0,0
0x0603F5FE,FUN_060175FE,30,B1,1,0,0,COVERAGE_BLIND,0,0,0,0,0,0,0,0
0x0603F61C,FUN_0601761C,162,,0,0,3,LIVE,0,0,0,0,1,0,1,1
0x0603F6BE,FUN_060176BE,20,,0,0,3,LIVE,0,0,0,0,1,0,1,1
0x0603F6D2,FUN_060176D2,38,,0,0,3,LIVE,0,0,0,0,1,0,1,1
0x0603F6F8,FUN_060176F8,106,,0,0,3,LIVE,0,0,0,0,1,0,1,1
0x0603F762,FUN_06017762,14,,0,0,0,LIVE,0,0,0,0,0,0,0,0
0x0603F770,FUN_06017770,72,,0,0,0,LIVE,0,0,0,0,0,0,0,0
0x0603F7B8,FUN_060177B8,244,,0,0,3,LIVE,0,0,0,0,1,0,1,1
0x0603F8AC,FUN_060178AC,242,,0,0,3,LIVE,0,0,0,0,1,0,1,1
0x0603F99E,FUN_0601799E,20,,0,0,3,LIVE,0,0,0,0,1,0,1,1
0x0603F9B2,FUN_060179B2,54,,0,0,3,LIVE,0,0,0,0,1,0,1,1
0x0603F9E8,FUN_060179E8,20,B5,1,0,0,COVERAGE_BLIND,0,0,0,0,0,0,0,0
0x0603F9FC,FUN_060179FC,34,B5,1,0,0,COVERAGE_BLIND,0,0,0,0,0,0,0,0
0x0603FA1E,FUN_06017A1E,20,B1,1,0,0,COVERAGE_BLIND,0,0,0,0,0,0,0,0
0x0603FA32,FUN_06017A32,34,B1,1,0,0,COVERAGE_BLIND,0,0,0,0,0,0,0,0
0x0603FA54,FUN_06017A54,8,B5,1,0,0,COVERAGE_BLIND,0,0,0,0,0,0,0,0
0x0603FA5C,FUN_06017A5C,76,B5,1,0,0,COVERAGE_BLIND,0,0,0,0,0,0,0,0
0x0603FAA8,FUN_06017AA8,340,B5,1,0,0,COVERAGE_BLIND,0,0,0,0,0,0,0,0
0x0603FBFC,FUN_06017BFC,2,B1,1,0,0,COVERAGE_BLIND,0,0,0,0,0,0,0,0
0x0603FBFE,FUN_06017BFE,18,B1,1,0,0,COVERAGE_BLIND,0,0,0,0,0,0,0,0
0x0603FC10,FUN_06017C10,162,B5,1,0,0,COVERAGE_BLIND,0,0,0,0,0,0,0,0
0x0603FCB2,FUN_06017CB2,44,B1,1,0,0,COVERAGE_BLIND,0,0,0,0,0,0,0,0
0x0603FCDE,FUN_06017CDE,22,B1,1,0,0,COVERAGE_BLIND,0,0,0,0,0,0,0,0
0x0603FCF4,FUN_06017CF4,24,B1,1,0,0,COVERAGE_BLIND,0,0,0,0,0,0,0,0
0x0603FD0C,FUN_06017D0C,20,B1,1,0,0,COVERAGE_BLIND,0,0,0,0,0,0,0,0
0x0603FD20,FUN_06017D20,184,B1,1,0,0,COVERAGE_BLIND,0,0,0,0,0,0,0,0
0x0603FDD8,FUN_06017DD8,188,B1,1,0,0,COVERAGE_BLIND,0,0,0,0,0,0,0,0
0x0603FE94,FUN_06017E94,84,B1,1,0,0,COVERAGE_BLIND,0,0,0,0,0,0,0,0
0x0603FEE8,FUN_06017EE8,170,B1,1,0,0,COVERAGE_BLIND,0,0,0,0,0,0,0,0
0x0603FF92,FUN_06017F92,50,,0,0,0,LIVE,0,0,0,0,0,0,0,0
0x0603FFC4,FUN_06017FC4,12,,0,0,0,LIVE,0,0,0,0,0,0,0,0
0x0603FFD0,FUN_06017FD0,80,,0,0,0,LIVE,0,0,0,0,0,0,0,0
0x06040020,FUN_06018020,12,B1,1,0,0,COVERAGE_BLIND,0,0,0,0,0,0,0,0
0x0604002C,FUN_0601802C,72,B5,1,0,0,COVERAGE_BLIND,0,0,0,0,0,0,0,0
0x06040074,FUN_06018074,12,B1,1,0,0,COVERAGE_BLIND,0,0,0,0,0,0,0,0
0x06040080,FUN_06018080,54,B1,1,0,0,COVERAGE_BLIND,0,0,0,0,0,0,0,0
0x060400B6,FUN_060180B6,14,B1,1,0,0,COVERAGE_BLIND,0,0,0,0,0,0,0,0
0x060400C4,FUN_060180C4,52,B1,1,0,0,COVERAGE_BLIND,0,0,0,0,0,0,0,0
0x060400F8,FUN_060180F8,356,,0,0,4,LIVE,0,0,0,0,1,1,1,1
0x0604025C,FUN_0601825C,36,,0,0,4,LIVE,0,0,0,0,1,1,1,1
0x06040280,FUN_06018280,36,,0,0,4,LIVE,0,0,0,0,1,1,1,1
0x060402A4,FUN_060182A4,372,,0,0,4,LIVE,0,0,0,0,1,1,1,1
0x06040418,FUN_06018418,104,,0,0,4,LIVE,0,0,0,0,1,1,1,1
0x06040480,FUN_06018480,446,,0,4,4,LIVE,6,6,6,8,1,1,1,1
0x0604063E,FUN_0601863E,16,,0,4,4,LIVE,14,14,14,14,1,1,1,1
0x0604064E,FUN_0601864E,390,,0,4,4,LIVE,274,274,274,274,1,1,1,1
0x060407D4,FUN_060187D4,140,,0,4,4,LIVE,82,82,82,82,1,1,1,1
0x06040860,FUN_06018860,516,,0,4,4,LIVE,160,158,124,156,1,1,1,1
0x06040A64,FUN_06018A64,26,B1,1,0,0,COVERAGE_BLIND,0,0,0,0,0,0,0,0
0x06040A7E,FUN_06018A7E,270,B5,1,3,3,SWEEP_FALSE_DEAD,4,4,0,4,1,0,1,1
0x06040B8C,FUN_06018B8C,16,,0,0,3,LIVE,0,0,0,0,1,0,1,1
0x06040B9C,FUN_06018B9C,340,,0,0,3,LIVE,0,0,0,0,1,0,1,1
0x06040CF0,FUN_06018CF0,220,B5,1,0,0,COVERAGE_BLIND,0,0,0,0,0,0,0,0
0x06040DCC,FUN_06018DCC,32,B1,1,0,0,COVERAGE_BLIND,0,0,0,0,0,0,0,0
0x06040DEC,FUN_06018DEC,48,B1,1,0,0,COVERAGE_BLIND,0,0,0,0,0,0,0,0
0x06040E1C,FUN_06018E1C,48,B1,1,0,0,COVERAGE_BLIND,0,0,0,0,0,0,0,0
0x06040E4C,FUN_06018E4C,68,,0,4,4,LIVE,12,12,12,12,1,1,1,1
0x06040E90,FUN_06018E90,16,B1,1,0,0,COVERAGE_BLIND,0,0,0,0,0,0,0,0
0x06040EA0,FUN_06018EA0,324,B1,1,0,0,COVERAGE_BLIND,0,0,0,0,0,0,0,0
0x06040FE4,FUN_06018FE4,54,B1,1,0,4,SWEEP_FALSE_DEAD,0,0,0,0,1,1,1,1
0x0604101A,FUN_0601901A,152,B1,1,0,4,SWEEP_FALSE_DEAD,0,0,0,0,1,1,1,1
0x060410B2,FUN_060190B2,986,,0,0,4,LIVE,0,0,0,0,1,1,1,1
0x0604148C,FUN_0601948C,614,,0,0,4,LIVE,0,0,0,0,1,1,1,1
0x060416F2,FUN_060196F2,138,,0,4,4,LIVE,52,52,52,52,1,1,1,1
0x0604177C,FUN_0601977C,2320,,0,4,4,LIVE,304,226,578,322,1,1,1,1
0x0604208C,FUN_0601A08C,848,,0,4,4,LIVE,84,158,258,320,1,1,1,1
0x060423DC,FUN_0601A3DC,120,,0,4,4,LIVE,114,114,114,114,1,1,1,1
0x06042454,FUN_0601A454,100,,0,2,2,LIVE,0,84,84,0,0,0,1,1
0x060424B8,FUN_0601A4B8,180,B5,1,3,4,SWEEP_FALSE_DEAD,0,38,104,104,1,1,1,1
0x0604256C,FUN_0601A56C,112,,0,0,4,LIVE,0,0,0,0,1,1,1,1
0x060425DC,FUN_0601A5DC,112,,0,4,4,LIVE,68,68,68,68,1,1,1,1
0x0604264C,FUN_0601A64C,844,,0,4,4,LIVE,130,130,130,130,1,1,1,1
0x06042998,FUN_0601A998,54,B1,1,0,1,SWEEP_FALSE_DEAD,0,0,0,0,0,1,0,0
0x060429CE,FUN_0601A9CE,8,B1,1,1,1,SWEEP_FALSE_DEAD,0,6,0,0,0,1,0,0
0x060429D6,FUN_0601A9D6,290,B1,1,1,1,SWEEP_FALSE_DEAD,0,166,0,0,0,1,0,0
0x06042AF8,FUN_0601AAF8,124,B1,1,1,1,SWEEP_FALSE_DEAD,0,102,0,0,0,1,0,0
0x06042B74,FUN_0601AB74,10,B1,1,1,1,SWEEP_FALSE_DEAD,0,8,0,0,0,1,0,0
0x06042B7E,FUN_0601AB7E,230,B1,1,1,1,SWEEP_FALSE_DEAD,0,140,0,0,0,1,0,0
0x06042C64,FUN_0601AC64,12,B1,1,1,0,KILL_LIST,0,10,0,0,0,0,0,0
0x06042C70,FUN_0601AC70,116,B1,1,1,1,SWEEP_FALSE_DEAD,0,32,0,0,0,1,0,0
0x06042CE4,FUN_0601ACE4,224,B1,1,1,1,SWEEP_FALSE_DEAD,0,168,0,0,0,1,0,0
0x06042DC4,FUN_0601ADC4,52,B1,1,0,0,COVERAGE_BLIND,0,0,0,0,0,0,0,0
0x06042DF8,FUN_0601ADF8,28,B1,1,0,0,COVERAGE_BLIND,0,0,0,0,0,0,0,0
0x06042E14,FUN_0601AE14,280,B1,1,0,0,COVERAGE_BLIND,0,0,0,0,0,0,0,0
0x06042F2C,FUN_0601AF2C,484,B1,1,0,0,COVERAGE_BLIND,0,0,0,0,0,0,0,0
0x06043110,FUN_0601B110,20,B1,1,0,0,COVERAGE_BLIND,0,0,0,0,0,0,0,0
0x06043124,FUN_0601B124,212,,0,0,4,LIVE,0,0,0,0,1,1,1,1
0x060431F8,FUN_0601B1F8,396,,0,4,4,LIVE,308,308,300,308,1,1,1,1
0x06043384,FUN_0601B384,108,,0,4,4,LIVE,66,66,66,66,1,1,1,1
0x060433F0,FUN_0601B3F0,112,,0,0,0,LIVE,0,0,0,0,0,0,0,0
0x06043460,FUN_0601B460,112,,0,0,1,LIVE,0,0,0,0,1,0,0,0
0x060434D0,FUN_0601B4D0,352,B1,1,1,2,SWEEP_FALSE_DEAD,128,0,0,0,1,1,0,0
0x06043630,FUN_0601B630,160,B1,1,1,2,SWEEP_FALSE_DEAD,0,94,0,0,0,1,1,0
0x060436D0,FUN_0601B6D0,120,B1,1,1,1,SWEEP_FALSE_DEAD,0,0,70,0,0,0,1,0
0x06043748,FUN_0601B748,200,B1,1,1,1,SWEEP_FALSE_DEAD,0,0,124,0,0,0,1,0
0x06043810,FUN_0601B810,68,B1,1,1,1,SWEEP_FALSE_DEAD,0,0,36,0,0,0,0,1
0x06043854,FUN_0601B854,116,B1,1,1,1,SWEEP_FALSE_DEAD,0,0,0,70,0,0,0,1
0x060438C8,FUN_0601B8C8,108,B1,1,1,1,SWEEP_FALSE_DEAD,0,0,0,66,0,0,0,1
0x06043934,FUN_0601B934,88,B1,1,1,2,SWEEP_FALSE_DEAD,0,0,0,60,0,1,0,1
0x0604398C,FUN_0601B98C,104,B1,1,1,2,SWEEP_FALSE_DEAD,0,58,0,0,0,1,1,0
0x060439F4,FUN_0601B9F4,272,,0,4,4,LIVE,18,30,80,12,1,1,1,1
0x06043B04,FUN_0601BB04,140,,0,4,4,LIVE,82,86,82,82,1,1,1,1
0x06043B90,FUN_0601BB90,144,B1,1,1,0,KILL_LIST,0,70,0,0,0,0,0,0
0x06043C20,FUN_0601BC20,172,B1,1,0,0,COVERAGE_BLIND,0,0,0,0,0,0,0,0
0x06043CCC,FUN_0601BCCC,16,B1,1,0,0,COVERAGE_BLIND,0,0,0,0,0,0,0,0
0x06043CDC,FUN_0601BCDC,564,B1,1,0,0,COVERAGE_BLIND,0,0,0,0,0,0,0,0
0x06043F10,FUN_0601BF10,20,B1,1,0,0,COVERAGE_BLIND,0,0,0,0,0,0,0,0
0x06043F24,FUN_0601BF24,316,B1,1,0,4,SWEEP_FALSE_DEAD,0,0,0,0,1,1,1,1
0x06044060,FUN_0601C060,128,B1,1,4,4,SWEEP_FALSE_DEAD,72,72,72,72,1,1,1,1
0x060440E0,FUN_0601C0E0,88,B1,1,4,4,SWEEP_FALSE_DEAD,62,62,62,62,1,1,1,1
0x06044138,FUN_0601C138,524,,0,0,4,LIVE,0,0,0,0,1,1,1,1
0x06044344,FUN_0601C344,580,,0,4,4,LIVE,306,306,306,306,1,1,1,1
0x06044588,FUN_0601C588,364,,0,0,3,LIVE,0,0,0,0,1,0,1,1
0x060446F4,FUN_0601C6F4,148,,0,0,3,LIVE,0,0,0,0,1,0,1,1
0x06044788,FUN_0601C788,172,,0,0,4,LIVE,0,0,0,0,1,1,1,1
0x06044834,FUN_0601C834,20,,0,4,4,LIVE,18,18,18,18,1,1,1,1
0x06044848,FUN_0601C848,344,,0,4,4,LIVE,92,92,92,92,1,1,1,1
0x060449A0,FUN_0601C9A0,12,B1,1,0,4,SWEEP_FALSE_DEAD,0,0,0,0,1,1,1,1
0x060449AC,FUN_0601C9AC,10,,0,4,4,LIVE,8,8,8,8,1,1,1,1
0x060449B6,FUN_0601C9B6,228,,0,4,4,LIVE,160,160,160,160,1,1,1,1
0x06044A9A,FUN_0601CA9A,134,B1,1,0,0,COVERAGE_BLIND,0,0,0,0,0,0,0,0
0x06044B20,FUN_0601CB20,172,B1,1,0,4,SWEEP_FALSE_DEAD,0,0,0,0,1,1,1,1
0x06044BCC,FUN_0601CBCC,408,,0,0,4,LIVE,0,0,0,0,1,1,1,1
0x06044D64,FUN_0601CD64,16,B1,1,0,4,SWEEP_FALSE_DEAD,0,0,0,0,1,1,1,1
0x06044D74,FUN_0601CD74,12,,0,4,4,LIVE,10,10,10,10,1,1,1,1
0x06044D80,FUN_0601CD80,40,,0,4,4,LIVE,32,32,32,32,1,1,1,1
0x06044DA8,FUN_0601CDA8,16,B1,1,0,4,SWEEP_FALSE_DEAD,0,0,0,0,1,1,1,1
0x06044DB8,FUN_0601CDB8,112,,0,4,4,LIVE,104,104,104,104,1,1,1,1
0x06044E28,FUN_0601CE28,20,,0,4,4,LIVE,16,16,16,16,1,1,1,1
0x06044E3C,FUN_0601CE3C,458,,0,4,4,LIVE,106,106,140,106,1,1,1,1
0x06045006,FUN_0601D006,120,,0,4,4,LIVE,86,86,86,86,1,1,1,1
0x0604507E,FUN_0601D07E,116,,0,4,4,LIVE,86,86,86,86,1,1,1,1
0x060450F2,FUN_0601D0F2,166,,0,4,4,LIVE,82,82,82,82,1,1,1,1
0x06045198,FUN_0601D198,18,B1,1,0,0,COVERAGE_BLIND,0,0,0,0,0,0,0,0
0x060451AA,FUN_0601D1AA,18,B1,1,0,0,COVERAGE_BLIND,0,0,0,0,0,0,0,0
0x060451BC,FUN_0601D1BC,2,B1,1,0,0,COVERAGE_BLIND,0,0,0,0,0,0,0,0
0x060451BE,FUN_0601D1BE,60,B1,1,0,0,COVERAGE_BLIND,0,0,0,0,0,0,0,0
0x060451FA,FUN_0601D1FA,32,B1,1,0,0,COVERAGE_BLIND,0,0,0,0,0,0,0,0
0x0604521A,FUN_0601D21A,32,B1,1,0,0,COVERAGE_BLIND,0,0,0,0,0,0,0,0
0x0604523A,FUN_0601D23A,182,,0,0,4,LIVE,0,0,0,0,1,1,1,1
0x060452F0,FUN_0601D2F0,40,B1,1,0,0,COVERAGE_BLIND,0,0,0,0,0,0,0,0
0x06045318,FUN_0601D318,40,B1,1,0,0,COVERAGE_BLIND,0,0,0,0,0,0,0,0
0x06045340,FUN_0601D340,40,B1,1,0,4,SWEEP_FALSE_DEAD,0,0,0,0,1,1,1,1
0x06045368,FUN_0601D368,16,,0,0,4,LIVE,0,0,0,0,1,1,1,1
0x06045378,FUN_0601D378,64,,0,0,4,LIVE,0,0,0,0,1,1,1,1
0x060453B8,FUN_0601D3B8,16,B1,1,0,0,COVERAGE_BLIND,0,0,0,0,0,0,0,0
0x060453C8,FUN_0601D3C8,4,B1,1,0,4,SWEEP_FALSE_DEAD,0,0,0,0,1,1,1,1
0x060453CC,FUN_0601D3CC,416,,0,0,4,LIVE,0,0,0,0,1,1,1,1
0x0604556C,FUN_0601D56C,48,B1,1,0,0,COVERAGE_BLIND,0,0,0,0,0,0,0,0
0x0604559C,FUN_0601D59C,52,B1,1,0,0,COVERAGE_BLIND,0,0,0,0,0,0,0,0
0x060455D0,FUN_0601D5D0,18,B1,1,0,4,SWEEP_FALSE_DEAD,0,0,0,0,1,1,1,1
0x060455E2,FUN_0601D5E2,50,,0,4,4,LIVE,8,8,8,8,1,1,1,1
0x06045614,FUN_0601D614,12,B1,1,0,0,COVERAGE_BLIND,0,0,0,0,0,0,0,0
0x06045620,FUN_0601D620,12,B1,1,0,4,SWEEP_FALSE_DEAD,0,0,0,0,1,1,1,1
0x0604562C,FUN_0601D62C,36,,0,4,4,LIVE,16,16,16,16,1,1,1,1
0x06045650,FUN_0601D650,20,,0,4,4,LIVE,18,18,18,18,1,1,1,1
0x06045664,FUN_0601D664,20,,0,4,0,LIVE,18,18,18,18,0,0,0,0
0x06045678,FUN_0601D678,32,B1,1,0,4,SWEEP_FALSE_DEAD,0,0,0,0,1,1,1,1
0x06045698,FUN_0601D698,18,,0,4,4,LIVE,14,14,14,14,1,1,1,1
0x060456AA,FUN_0601D6AA,2,,0,0,0,LIVE,0,0,0,0,0,0,0,0
0x060456AC,FUN_0601D6AC,22,,0,0,4,LIVE,0,0,0,0,1,1,1,1
0x060456C2,FUN_0601D6C2,10,,0,4,4,LIVE,2,2,2,2,1,1,1,1
0x060456CC,FUN_0601D6CC,222,,0,4,4,LIVE,22,22,22,22,1,1,1,1
0x060457AA,FUN_0601D7AA,2,B5,1,3,0,KILL_LIST,2,2,0,2,0,0,0,0
0x060457AC,FUN_0601D7AC,50,,0,3,4,LIVE,10,10,0,10,1,1,1,1
0x060457DE,FUN_0601D7DE,4,,0,4,4,LIVE,4,4,4,4,1,1,1,1
0x060457E2,FUN_0601D7E2,118,,0,4,4,LIVE,68,68,68,68,1,1,1,1
0x06045858,FUN_0601D858,4,B1,1,0,0,COVERAGE_BLIND,0,0,0,0,0,0,0,0
0x0604585C,FUN_0601D85C,126,B1,1,0,0,COVERAGE_BLIND,0,0,0,0,0,0,0,0
0x060458DA,FUN_0601D8DA,4,B1,1,0,0,COVERAGE_BLIND,0,0,0,0,0,0,0,0
0x060458DE,FUN_0601D8DE,124,,0,0,4,LIVE,0,0,0,0,1,1,1,1
0x0604595A,FUN_0601D95A,4,,0,4,4,LIVE,4,4,4,4,1,1,1,1
0x0604595E,FUN_0601D95E,102,,0,4,4,LIVE,82,82,82,82,1,1,1,1
0x060459C4,FUN_0601D9C4,104,,0,4,4,LIVE,100,100,100,100,1,1,1,1
0x06045A2C,FUN_0601DA2C,82,,0,4,4,LIVE,68,68,68,68,1,1,1,1
0x06045A7E,FUN_0601DA7E,66,,0,4,4,LIVE,46,46,46,50,1,1,1,1
0x06045AC0,FUN_0601DAC0,28,,0,4,4,LIVE,24,24,24,24,1,1,1,1
0x06045ADC,FUN_0601DADC,24,,0,4,4,LIVE,22,22,22,22,1,1,1,1
0x06045AF4,FUN_0601DAF4,28,,0,0,4,LIVE,0,0,0,0,1,1,1,1
0x06045B10,FUN_0601DB10,56,,0,4,4,LIVE,50,50,50,50,1,1,1,1
0x06045B48,FUN_0601DB48,44,,0,4,4,LIVE,38,38,38,38,1,1,1,1
0x06045B74,FUN_0601DB74,44,,0,4,4,LIVE,10,10,10,10,1,1,1,1
0x06045BA0,FUN_0601DBA0,36,,0,4,4,LIVE,14,14,14,14,1,1,1,1
0x06045BC4,FUN_0601DBC4,60,,0,4,4,LIVE,46,46,46,46,1,1,1,1
0x06045C00,FUN_0601DC00,156,B5,1,4,4,SWEEP_FALSE_DEAD,104,118,104,118,1,1,1,1
0x06045C9C,FUN_0601DC9C,48,,0,4,4,LIVE,46,46,46,46,1,1,1,1
0x06045CCC,FUN_0601DCCC,112,,0,4,4,LIVE,44,44,44,44,1,1,1,1
0x06045D3C,FUN_0601DD3C,46,,0,4,4,LIVE,42,42,42,42,1,1,1,1
0x06045D6A,FUN_0601DD6A,64,,0,4,4,LIVE,36,36,36,36,1,1,1,1
0x06045DAA,FUN_0601DDAA,34,,0,4,4,LIVE,30,30,30,30,1,1,1,1
0x06045DCC,FUN_0601DDCC,58,,0,0,4,LIVE,0,0,0,0,1,1,1,1
0x06045E06,FUN_0601DE06,62,,0,4,4,LIVE,52,52,52,52,1,1,1,1
0x06045E44,FUN_0601DE44,100,,0,4,4,LIVE,56,56,56,56,1,1,1,1
0x06045EA8,FUN_0601DEA8,32,B1,1,0,4,SWEEP_FALSE_DEAD,0,0,0,0,1,1,1,1
0x06045EC8,FUN_0601DEC8,32,,0,4,4,LIVE,30,30,30,30,1,1,1,1
0x06045EE8,FUN_0601DEE8,36,,0,0,0,LIVE,0,0,0,0,0,0,0,0
0x06045F0C,FUN_0601DF0C,180,B1,1,0,0,COVERAGE_BLIND,0,0,0,0,0,0,0,0
0x06045FC0,FUN_0601DFC0,1060,,0,4,4,LIVE,796,796,792,796,1,1,1,1
0x060463E4,FUN_0601E3E4,148,,0,4,4,LIVE,144,144,144,144,1,1,1,1
0x06046478,FUN_0601E478,168,,0,0,4,LIVE,0,0,0,0,1,1,1,1
0x06046520,FUN_0601E520,226,,0,4,4,LIVE,218,218,218,218,1,1,1,1
0x06046602,FUN_0601E602,8,,0,4,4,LIVE,6,6,6,6,1,1,1,1
0x0604660A,FUN_0601E60A,148,,0,4,0,LIVE,4,4,4,4,0,0,0,0
0x0604669E,FUN_0601E69E,2,B1,1,0,0,COVERAGE_BLIND,0,0,0,0,0,0,0,0
0x060466A0,FUN_0601E6A0,108,B1,1,0,0,COVERAGE_BLIND,0,0,0,0,0,0,0,0
0x0604670C,FUN_0601E70C,66,B1,1,0,0,COVERAGE_BLIND,0,0,0,0,0,0,0,0
0x0604674E,FUN_0601E74E,100,B1,1,0,1,SWEEP_FALSE_DEAD,0,0,0,0,0,0,0,1
0x060467B2,FUN_0601E7B2,2,B1,1,1,0,KILL_LIST,0,0,0,2,0,0,0,0
0x060467B4,FUN_0601E7B4,88,B1,1,1,1,SWEEP_FALSE_DEAD,0,0,0,82,0,0,0,1
0x0604680C,FUN_0601E80C,162,B1,1,1,1,SWEEP_FALSE_DEAD,0,0,0,98,0,0,0,1
0x060468AE,FUN_0601E8AE,2,B1,1,0,0,COVERAGE_BLIND,0,0,0,0,0,0,0,0
0x060468B0,FUN_0601E8B0,88,B1,1,0,0,COVERAGE_BLIND,0,0,0,0,0,0,0,0
0x06046908,FUN_0601E908,132,B1,1,0,4,SWEEP_FALSE_DEAD,0,0,0,0,1,1,1,1
0x0604698C,FUN_0601E98C,4,,0,4,4,LIVE,2,2,2,2,1,1,1,1
0x06046990,FUN_0601E990,144,,0,4,4,LIVE,92,94,92,94,1,1,1,1
0x06046A20,FUN_0601EA20,4,,0,4,4,LIVE,2,2,2,2,1,1,1,1
0x06046A24,FUN_0601EA24,108,,0,4,4,LIVE,78,80,78,80,1,1,1,1
0x06046A90,FUN_0601EA90,88,,0,2,4,LIVE,0,62,0,62,1,1,1,1
0x06046AE8,FUN_0601EAE8,84,,0,2,4,LIVE,0,64,0,64,1,1,1,1
0x06046B3C,FUN_0601EB3C,40,,0,4,4,LIVE,34,34,34,34,1,1,1,1
0x06046B64,FUN_0601EB64,12,,0,4,4,LIVE,10,10,10,10,1,1,1,1
0x06046B70,FUN_0601EB70,100,,0,4,4,LIVE,96,96,96,96,1,1,1,1
0x06046BD4,FUN_0601EBD4,32,,0,4,4,LIVE,26,26,26,26,1,1,1,1
0x06046BF4,FUN_0601EBF4,32,,0,4,4,LIVE,26,26,26,26,1,1,1,1
0x06046C14,FUN_0601EC14,284,,0,4,4,LIVE,112,112,112,112,1,1,1,1
0x06046D30,FUN_0601ED30,72,,0,4,4,LIVE,52,52,52,52,1,1,1,1
0x06046D78,FUN_0601ED78,32,,0,4,4,LIVE,26,26,26,26,1,1,1,1
0x06046D98,FUN_0601ED98,118,,0,4,4,LIVE,116,116,116,116,1,1,1,1
0x06046E0E,FUN_0601EE0E,86,,0,4,4,LIVE,56,56,56,56,1,1,1,1
0x06046E64,FUN_0601EE64,88,,0,2,4,LIVE,0,74,0,58,1,1,1,1
0x06046EBC,FUN_0601EEBC,280,,0,4,4,LIVE,266,266,266,266,1,1,1,1
0x06046FD4,FUN_0601EFD4,64,,0,4,4,LIVE,62,62,62,62,1,1,1,1
0x06047014,FUN_0601F014,120,,0,4,4,LIVE,80,80,80,80,1,1,1,1
0x0604708C,FUN_0601F08C,28,,0,4,4,LIVE,24,24,24,24,1,1,1,1
0x060470A8,FUN_0601F0A8,28,,0,4,4,LIVE,24,24,24,24,1,1,1,1
0x060470C4,FUN_0601F0C4,18,,0,4,4,LIVE,14,14,14,14,1,1,1,1
0x060470D6,FUN_0601F0D6,22,,0,0,4,LIVE,0,0,0,0,1,1,1,1
0x060470EC,FUN_0601F0EC,18,,0,4,4,LIVE,14,14,14,14,1,1,1,1
0x060470FE,FUN_0601F0FE,26,,0,4,4,LIVE,2,18,2,2,1,1,1,1
0x06047118,FUN_0601F118,40,,0,4,4,LIVE,36,36,36,36,1,1,1,1
0x06047140,FUN_0601F140,68,,0,4,4,LIVE,60,60,60,60,1,1,1,1
0x06047184,FUN_0601F184,108,,0,4,4,LIVE,68,68,68,68,1,1,1,1
0x060471F0,FUN_0601F1F0,28,,0,4,4,LIVE,24,24,24,24,1,1,1,1
0x0604720C,FUN_0601F20C,28,,0,4,4,LIVE,24,24,24,24,1,1,1,1
0x06047228,FUN_0601F228,18,,0,4,4,LIVE,14,14,14,14,1,1,1,1
0x0604723A,FUN_0601F23A,22,,0,4,4,LIVE,16,16,16,16,1,1,1,1
0x06047250,FUN_0601F250,18,,0,4,4,LIVE,14,14,14,14,1,1,1,1
0x06047262,FUN_0601F262,26,,0,4,4,LIVE,18,18,18,18,1,1,1,1
0x0604727C,FUN_0601F27C,18,,0,4,4,LIVE,14,14,14,14,1,1,1,1
0x0604728E,FUN_0601F28E,62,,0,4,4,LIVE,54,54,54,54,1,1,1,1
0x060472CC,FUN_0601F2CC,102,,0,4,4,LIVE,62,62,62,62,1,1,1,1
0x06047332,FUN_0601F332,72,,0,4,4,LIVE,68,68,68,68,1,1,1,1
0x0604737A,FUN_0601F37A,80,,0,4,4,LIVE,70,70,70,70,1,1,1,1
0x060473CA,FUN_0601F3CA,74,,0,4,4,LIVE,70,70,70,70,1,1,1,1
0x06047414,FUN_0601F414,76,,0,2,4,LIVE,0,68,68,0,1,1,1,1
0x06047460,FUN_0601F460,116,B1,1,0,4,SWEEP_FALSE_DEAD,0,0,0,0,1,1,1,1
0x060474D4,FUN_0601F4D4,180,B5,1,4,4,SWEEP_FALSE_DEAD,34,34,34,34,1,1,1,1
0x06047588,FUN_0601F588,448,,0,4,4,LIVE,310,310,310,310,1,1,1,1
0x06047748,FUN_0601F748,40,,0,4,4,LIVE,34,34,34,34,1,1,1,1
0x06047770,FUN_0601F770,100,,0,0,4,LIVE,0,0,0,0,1,1,1,1
0x060477D4,FUN_0601F7D4,2,,0,0,0,LIVE,0,0,0,0,0,0,0,0
0x060477D6,FUN_0601F7D6,38,,0,4,4,LIVE,36,36,36,36,1,1,1,1
0x060477FC,FUN_0601F7FC,106,,0,4,4,LIVE,92,92,92,92,1,1,1,1
0x06047866,FUN_0601F866,180,,0,4,0,LIVE,26,26,26,26,0,0,0,0
0x0604791A,FUN_0601F91A,82,B1,1,0,4,SWEEP_FALSE_DEAD,0,0,0,0,1,1,1,1
0x0604796C,FUN_0601F96C,26,,0,4,4,LIVE,22,22,22,22,1,1,1,1
0x06047986,FUN_0601F986,26,,0,4,4,LIVE,14,14,14,14,1,1,1,1
0x060479A0,FUN_0601F9A0,54,B1,1,0,4,SWEEP_FALSE_DEAD,0,0,0,0,1,1,1,1
0x060479D6,FUN_0601F9D6,50,,0,0,4,LIVE,0,0,0,0,1,1,1,1
0x06047A08,FUN_0601FA08,124,B1,1,0,4,SWEEP_FALSE_DEAD,0,0,0,0,1,1,1,1
0x06047A84,FUN_0601FA84,92,,0,0,4,LIVE,0,0,0,0,1,1,1,1
0x06047AE0,FUN_0601FAE0,32,,0,0,4,LIVE,0,0,0,0,1,1,1,1
0x06047B00,FUN_0601FB00,52,,0,0,4,LIVE,0,0,0,0,1,1,1,1
0x06047B34,FUN_0601FB34,520,,0,4,4,LIVE,90,90,90,90,1,1,1,1
0x06047D3C,FUN_0601FD3C,180,B4,0,4,4,LIVE,40,40,102,40,1,1,1,1
0x06047DF0,FUN_0601FDF0,28,B1,1,0,4,SWEEP_FALSE_DEAD,0,0,0,0,1,1,1,1
0x06047E0C,FUN_0601FE0C,156,,0,4,4,LIVE,106,106,106,106,1,1,1,1
0x06047EA8,FUN_0601FEA8,72,B1,1,0,0,COVERAGE_BLIND,0,0,0,0,0,0,0,0
0x06047EF0,FUN_0601FEF0,352,B5,1,4,0,KILL_LIST,54,54,54,54,0,0,0,0
0x06048050,FUN_06020050,12,B1,1,0,0,COVERAGE_BLIND,0,0,0,0,0,0,0,0
0x0604805C,FUN_0602005C,104,B1,1,0,0,COVERAGE_BLIND,0,0,0,0,0,0,0,0
0x060480C4,FUN_060200C4,18,B1,1,0,0,COVERAGE_BLIND,0,0,0,0,0,0,0,0
0x060480D6,FUN_060200D6,418,,0,4,4,LIVE,122,122,122,122,1,1,1,1
0x06048278,FUN_06020278,20,,0,0,4,LIVE,0,0,0,0,1,1,1,1
0x0604828C,FUN_0602028C,28,,0,0,4,LIVE,0,0,0,0,1,1,1,1
0x060482A8,FUN_060202A8,17604,,0,0,4,LIVE,0,0,0,0,1,1,1,1
0x0604C76C,FUN_0602476C,2154,,0,4,4,LIVE,380,380,354,380,1,1,1,1
0x0604CFD6,FUN_06024FD6,8,,0,0,0,LIVE,0,0,0,0,0,0,0,0
0x0604CFDE,FUN_06024FDE,46,,0,4,4,LIVE,34,34,34,34,1,1,1,1
0x0604D00C,FUN_0602500C,884,,0,4,4,LIVE,232,232,232,232,1,1,1,1
0x0604D380,FUN_06025380,236,,0,4,4,LIVE,118,118,118,118,1,1,1,1
0x0604D46C,FUN_0602546C,180,,0,0,0,LIVE,0,0,0,0,0,0,0,0
0x0604D520,FUN_06025520,32,,0,0,0,LIVE,0,0,0,0,0,0,0,0
0x0604D540,FUN_06025540,48,,0,0,0,LIVE,0,0,0,0,0,0,0,0
0x0604D570,FUN_06025570,16,,0,3,0,LIVE,10,10,0,10,0,0,0,0
0x0604D580,FUN_06025580,852,B4,0,4,0,LIVE,506,500,498,500,0,0,0,0
0x0604D8D4,FUN_060258D4,120,,0,4,0,LIVE,84,84,84,84,0,0,0,0
0x0604D94C,FUN_0602594C,452,,0,4,0,LIVE,26,26,26,26,0,0,0,0
0x0604DB10,FUN_06025B10,304,B4,0,4,0,LIVE,254,254,254,254,0,0,0,0
0x0604DC40,FUN_06025C40,196,,0,4,0,LIVE,84,84,84,84,0,0,0,0
0x0604DD04,FUN_06025D04,66,B4,0,4,0,LIVE,56,56,56,56,0,0,0,0
0x0604DD46,FUN_06025D46,4,,0,4,0,LIVE,4,4,4,4,0,0,0,0
0x0604DD4A,FUN_06025D4A,226,,0,4,0,LIVE,94,94,94,94,0,0,0,0
0x0604DE2C,FUN_06025E2C,110,B5,1,0,0,COVERAGE_BLIND,0,0,0,0,0,0,0,0
0x0604DE9A,FUN_06025E9A,100,,0,0,0,LIVE,0,0,0,0,0,0,0,0
0x0604DEFE,FUN_06025EFE,4,,0,0,0,LIVE,0,0,0,0,0,0,0,0
0x0604DF02,FUN_06025F02,318,,0,0,0,LIVE,0,0,0,0,0,0,0,0
0x0604E040,FUN_06026040,90,,0,0,0,LIVE,0,0,0,0,0,0,0,0
0x0604E09A,FUN_0602609A,34,,0,0,0,LIVE,0,0,0,0,0,0,0,0
0x0604E0BC,FUN_060260BC,58,,0,0,0,LIVE,0,0,0,0,0,0,0,0
0x0604E0F6,FUN_060260F6,10574,B1,1,0,0,COVERAGE_BLIND,0,0,0,0,0,0,0,0
