addr,name,symbol_class,runtime_tier,direct_callers,shifted_callers,shift_detail,verdict_hint
0x06028DCA,FUN_06028DCA,global-FUN,real-call,1,0,,has-direct-caller
0x060291E0,FUN_060291E0,global-FUN,real-call,2,0,,has-direct-caller
0x06029810,FUN_06029810,global-FUN,real-call,1,0,,has-direct-caller
0x06029998,FUN_06029998,global-FUN,real-call,2,0,,has-direct-caller
0x06029A60,DAT_06029A60,PROVIDE-alias,real-call,1,0,,has-direct-caller
0x06029A78,FUN_06029A78,global-FUN,real-call,2,2,-4:2,has-direct-caller
0x06029CA0,FUN_06029CA0,global-FUN,real-call,2,0,,has-direct-caller
0x06029D8C,FUN_06029D8C,global-FUN,real-call,1,0,,has-direct-caller
0x06029E90,FUN_06029E90,global-FUN,real-call,1,0,,has-direct-caller
0x06029F74,FUN_06029F74,global-FUN,real-call,1,0,,has-direct-caller
0x06029FE8,FUN_06029FE8,global-FUN,real-call,1,0,,has-direct-caller
0x0602A118,FUN_0602A118,global-FUN,real-call,1,0,,has-direct-caller
0x0602A2FC,FUN_0602A2FC,global-FUN,real-call,1,0,,has-direct-caller
0x0602A370,FUN_0602A370,global-FUN,real-call,1,0,,has-direct-caller
0x0602A544,FUN_0602A544,global-FUN,real-call,1,0,,has-direct-caller
0x0602A6EC,FUN_0602A6EC,global-FUN,real-call,3,0,,has-direct-caller
0x0602A818,FUN_0602A818,global-FUN,real-call,4,0,,has-direct-caller
0x0602A958,FUN_0602A958,global-FUN,real-call,2,0,,has-direct-caller
0x0602AA84,DAT_0602AA84,PROVIDE-alias,real-call,2,1,-4:1,has-direct-caller
0x0602AAA8,FUN_0602AAA8,global-FUN,real-call,3,0,,has-direct-caller
0x0602B21C,DAT_0602B21C,PROVIDE-alias,real-call,5,0,,has-direct-caller
0x0602B22C,FUN_0602B22C,global-FUN,real-call,2,0,,has-direct-caller
0x0602B6D4,FUN_0602B6D4,global-FUN,real-call,3,0,,has-direct-caller
0x0602BAB8,FUN_0602BAB8,global-FUN,real-call,1,0,,has-direct-caller
0x0602BDDC,FUN_0602BDDC,global-FUN,real-call,2,0,,has-direct-caller
0x0602BEBE,FUN_0602BEBE,global-FUN,real-call,1,0,,has-direct-caller
0x0602C020,DAT_0602C020,PROVIDE-alias,real-call,1,0,,has-direct-caller
0x0602C044,DAT_0602C044,PROVIDE-alias,real-call,3,0,,has-direct-caller
0x0602C0A2,FUN_0602C0A2,global-FUN,real-call,1,0,,has-direct-caller
0x0602C3B4,DAT_0602C3B4,PROVIDE-alias,real-call,1,0,,has-direct-caller
0x0602C3BE,DAT_0602C3BE,PROVIDE-alias,real-call,3,0,,has-direct-caller
0x0602C3DE,DAT_0602C3DE,PROVIDE-alias,real-call,1,0,,has-direct-caller
0x0602C764,FUN_0602C764,global-FUN,real-call,1,0,,has-direct-caller
0x0602CB28,FUN_0602CB28,global-FUN,real-call,0,1,-2:1,callsite-shifted
0x0602CC74,FUN_0602CC74,global-FUN,real-call,4,0,,has-direct-caller
0x0602CC84,DAT_0602CC84,PROVIDE-alias,real-call,3,1,-2:1,has-direct-caller
0x0602CD62,DAT_0602CD62,PROVIDE-alias,real-call,1,0,,has-direct-caller
0x0602CD98,FUN_0602CD98,global-FUN,real-call,2,0,,has-direct-caller
0x0602CF10,FUN_0602CF10,global-FUN,real-call,2,0,,has-direct-caller
0x0602D03A,DAT_0602D03A,PROVIDE-alias,real-call,2,0,,has-direct-caller
0x0602D046,DAT_0602D046,PROVIDE-alias,real-call,2,0,,has-direct-caller
0x0602D052,FUN_0602D052,global-FUN,real-call,54,0,,has-direct-caller
0x0602D090,DAT_0602D090,PROVIDE-alias,real-call,5,0,,has-direct-caller
0x0602D102,FUN_0602D102,global-FUN,real-call,21,0,,has-direct-caller
0x0602D13A,FUN_0602D13A,global-FUN,real-call,3,0,,has-direct-caller
0x0602D270,FUN_0602D270,global-FUN,tail-call,1,0,,has-direct-caller
0x0602D392,FUN_0602D392,global-FUN,tail-call,1,0,,has-direct-caller
0x0602D4D0,FUN_0602D4D0,global-FUN,real-call,2,0,,has-direct-caller
0x0602D9F0,FUN_0602D9F0,global-FUN,real-call,7,0,,has-direct-caller
0x0602DAAE,FUN_0602DAAE,global-FUN,real-call,3,0,,has-direct-caller
0x0602DBDC,FUN_0602DBDC,global-FUN,real-call,2,0,,has-direct-caller
0x0602DD42,FUN_0602DD42,global-FUN,real-call,2,0,,has-direct-caller
0x0602DD50,FUN_0602DD50,global-FUN,real-call,10,0,,has-direct-caller
0x0602DEE0,FUN_0602DEE0,global-FUN,real-call,6,0,,has-direct-caller
0x0602DF9C,FUN_0602DF9C,global-FUN,real-call,3,0,,has-direct-caller
0x0602E03C,FUN_0602E03C,global-FUN,real-call,4,0,,has-direct-caller
0x0602E094,FUN_0602E094,global-FUN,real-call,3,0,,has-direct-caller
0x0602E3F4,FUN_0602E3F4,global-FUN,real-call,1,0,,has-direct-caller
0x0602E538,FUN_0602E538,global-FUN,real-call,3,0,,has-direct-caller
0x0602E610,FUN_0602E610,global-FUN,real-call,6,0,,has-direct-caller
0x0602E738,DAT_0602E738,PROVIDE-alias,tail-call,2,0,,has-direct-caller
0x0602E770,FUN_0602E770,global-FUN,real-call,3,0,,has-direct-caller
0x0602E928,DAT_0602E928,PROVIDE-alias,real-call,1,0,,has-direct-caller
0x0602E988,FUN_0602E988,global-FUN,real-call,2,0,,has-direct-caller
0x0602ED5A,DAT_0602ED5A,PROVIDE-alias,real-call,1,0,,has-direct-caller
0x0602EDB4,DAT_0602EDB4,PROVIDE-alias,real-call,1,0,,has-direct-caller
0x0602EE64,FUN_0602EE64,global-FUN,real-call,1,0,,has-direct-caller
0x0602EEA4,FUN_0602EEA4,global-FUN,real-call,1,0,,has-direct-caller
0x0602EED0,FUN_0602EED0,global-FUN,real-call,1,0,,has-direct-caller
0x0602EF5C,FUN_0602EF5C,global-FUN,tail-call,3,0,,has-direct-caller
0x0602F114,FUN_0602F114,global-FUN,real-call,2,0,,has-direct-caller
0x0602F168,DAT_0602F168,PROVIDE-alias,real-call,5,0,,has-direct-caller
0x0602F34A,FUN_0602F34A,global-FUN,real-call,3,0,,has-direct-caller
0x0602F34A,DAT_0602F34A,PROVIDE-alias,real-call,3,0,,has-direct-caller
0x0602F42C,DAT_0602F42C,PROVIDE-alias,real-call,1,0,,has-direct-caller
0x0602F4A6,FUN_0602F4A6,global-FUN,real-call,1,1,-2:1,has-direct-caller
0x0602F81E,DAT_0602F81E,PROVIDE-alias,real-call,2,0,,has-direct-caller
0x0602F8E8,FUN_0602F8E8,global-FUN,real-call,1,0,,has-direct-caller
0x0602FA76,FUN_0602FA76,global-FUN,tail-call,3,0,,has-direct-caller
0x0602FA88,FUN_0602FA88,global-FUN,real-call,2,0,,has-direct-caller
0x0602FACC,DAT_0602FACC,PROVIDE-alias,real-call,6,0,,has-direct-caller
0x0602FAEC,FUN_0602FAEC,global-FUN,tail-call,5,0,,has-direct-caller
0x0602FB94,FUN_0602FB94,global-FUN,real-call,2,1,-4:1,has-direct-caller
0x0602FCD4,FUN_0602FCD4,global-FUN,real-call,3,0,,has-direct-caller
0x0602FCFE,FUN_0602FCFE,global-FUN,real-call,3,0,,has-direct-caller
0x0602FFC0,FUN_0602FFC0,global-FUN,real-call,5,0,,has-direct-caller
0x0603004C,DAT_0603004C,PROVIDE-alias,real-call,8,0,,has-direct-caller
0x06030090,FUN_06030090,global-FUN,real-call,3,0,,has-direct-caller
0x0603043A,DAT_0603043A,PROVIDE-alias,real-call,1,0,,has-direct-caller
0x06030488,DAT_06030488,PROVIDE-alias,real-call,1,0,,has-direct-caller
0x06030520,FUN_06030520,global-FUN,tail-call,2,1,-8:1,has-direct-caller
0x0603072A,FUN_0603072A,global-FUN,real-call,2,0,,has-direct-caller
0x06030742,DAT_06030742,PROVIDE-alias,real-call,1,0,,has-direct-caller
0x060307A0,FUN_060307A0,global-FUN,real-call,1,0,,has-direct-caller
0x06030824,FUN_06030824,global-FUN,real-call,6,0,,has-direct-caller
0x060308C0,FUN_060308C0,global-FUN,real-call,9,0,,has-direct-caller
0x06030A1C,FUN_06030A1C,global-FUN,real-call,5,0,,has-direct-caller
0x06030A48,FUN_06030A48,global-FUN,real-call,1,0,,has-direct-caller
0x06030AD8,FUN_06030AD8,global-FUN,real-call,1,0,,has-direct-caller
0x06030AFA,FUN_06030AFA,global-FUN,real-call,3,0,,has-direct-caller
0x06030B7C,FUN_06030B7C,global-FUN,tail-call,1,0,,has-direct-caller
0x06030C7C,FUN_06030C7C,global-FUN,real-call,3,0,,has-direct-caller
0x06030C9E,FUN_06030C9E,global-FUN,real-call,14,0,,has-direct-caller
0x06030CE6,DAT_06030CE6,PROVIDE-alias,real-call,4,0,,has-direct-caller
0x06030D20,FUN_06030D20,global-FUN,real-call,3,0,,has-direct-caller
0x06030EC8,FUN_06030EC8,global-FUN,real-call,1,0,,has-direct-caller
0x06030FEA,FUN_06030FEA,global-FUN,tail-call,2,0,,has-direct-caller
0x06031008,FUN_06031008,global-FUN,real-call,4,0,,has-direct-caller
0x060312E0,FUN_060312E0,global-FUN,real-call,1,0,,has-direct-caller
0x060313FC,FUN_060313FC,global-FUN,real-call,4,0,,has-direct-caller
0x0603164A,FUN_0603164A,global-FUN,real-call,4,0,,has-direct-caller
0x060317AC,FUN_060317AC,global-FUN,tail-call,1,0,,has-direct-caller
0x060317DC,FUN_060317DC,global-FUN,tail-call,7,0,,has-direct-caller
0x06031B0C,FUN_06031B0C,global-FUN,real-call,1,0,,has-direct-caller
0x06031CC2,FUN_06031CC2,global-FUN,real-call,2,0,,has-direct-caller
0x06031DFA,FUN_06031DFA,global-FUN,real-call,1,1,-2:1,has-direct-caller
0x06031F2C,FUN_06031F2C,global-FUN,real-call,2,0,,has-direct-caller
0x06032010,FUN_06032010,global-FUN,real-call,3,0,,has-direct-caller
0x0603234C,FUN_0603234C,global-FUN,real-call,3,0,,has-direct-caller
0x060324E8,FUN_060324E8,global-FUN,real-call,7,0,,has-direct-caller
0x06032AB0,FUN_06032AB0,global-FUN,tail-call,2,0,,has-direct-caller
0x06032BAC,FUN_06032BAC,global-FUN,real-call,2,0,,has-direct-caller
0x06032E14,FUN_06032E14,global-FUN,real-call,9,0,,has-direct-caller
0x06032E44,FUN_06032E44,global-FUN,real-call,1,0,,has-direct-caller
0x060330B0,FUN_060330B0,global-FUN,real-call,3,0,,has-direct-caller
0x0603336C,FUN_0603336C,global-FUN,real-call,1,0,,has-direct-caller
0x0603353C,FUN_0603353C,global-FUN,real-call,2,0,,has-direct-caller
0x06033830,FUN_06033830,global-FUN,real-call,1,0,,has-direct-caller
0x06033970,FUN_06033970,global-FUN,real-call,1,0,,has-direct-caller
0x06033A78,FUN_06033A78,global-FUN,real-call,1,0,,has-direct-caller
0x06033AAC,FUN_06033AAC,global-FUN,real-call,2,0,,has-direct-caller
0x06033AFA,FUN_06033AFA,global-FUN,real-call,1,0,,has-direct-caller
0x06033B64,FUN_06033B64,global-FUN,real-call,0,1,-2:1,callsite-shifted
0x06034CEC,FUN_06034CEC,global-FUN,real-call,2,0,,has-direct-caller
0x06034D32,FUN_06034D32,global-FUN,real-call,2,0,,has-direct-caller
0x06034D90,FUN_06034D90,global-FUN,real-call,1,0,,has-direct-caller
0x06034F3C,FUN_06034F3C,global-FUN,real-call,2,0,,has-direct-caller
0x060351CC,FUN_060351CC,global-FUN,real-call,3,0,,has-direct-caller
0x060352E8,DAT_060352E8,PROVIDE-alias,real-call,1,0,,has-direct-caller
0x0603533C,DAT_0603533C,PROVIDE-alias,tail-call,1,0,,has-direct-caller
0x060354A0,FUN_060354A0,global-FUN,real-call,1,0,,has-direct-caller
0x06035624,FUN_06035624,global-FUN,real-call,2,0,,has-direct-caller
0x06035748,FUN_06035748,global-FUN,tail-call,1,0,,has-direct-caller
0x06035750,FUN_06035750,global-FUN,real-call,1,0,,has-direct-caller
0x06035904,FUN_06035904,global-FUN,real-call,1,0,,has-direct-caller
0x06035B0E,FUN_06035B0E,global-FUN,real-call,1,0,,has-direct-caller
0x06035B30,FUN_06035B30,global-FUN,real-call,1,0,,has-direct-caller
0x06035C58,FUN_06035C58,global-FUN,real-call,3,0,,has-direct-caller
0x06035C98,FUN_06035C98,global-FUN,real-call,1,0,,has-direct-caller
0x06035EE8,FUN_06035EE8,global-FUN,real-call,2,0,,has-direct-caller
0x06035F48,FUN_06035F48,global-FUN,real-call,1,0,,has-direct-caller
0x060366EC,DAT_060366EC,PROVIDE-alias,real-call,2,0,,has-direct-caller
0x06036790,FUN_06036790,global-FUN,real-call,3,0,,has-direct-caller
0x0603679A,FUN_0603679A,global-FUN,isr-entered,0,0,,zero-caller
0x060368D4,FUN_060368D4,global-FUN,real-call,1,0,,has-direct-caller
0x06036914,FUN_06036914,global-FUN,real-call,1,0,,has-direct-caller
0x06036948,FUN_06036948,global-FUN,real-call,1,0,,has-direct-caller
0x06036990,FUN_06036990,global-FUN,tail-call,1,0,,has-direct-caller
0x06036A0E,FUN_06036A0E,global-FUN,isr-entered,1,0,,has-direct-caller
0x06036A70,FUN_06036A70,global-FUN,real-call,2,0,,has-direct-caller
0x06036AA8,FUN_06036AA8,global-FUN,real-call,6,0,,has-direct-caller
0x06036AB6,FUN_06036AB6,global-FUN,isr-entered,0,0,,zero-caller
0x06036B60,FUN_06036B60,global-FUN,real-call,1,0,,has-direct-caller
0x06036BB8,FUN_06036BB8,global-FUN,real-call,1,0,,has-direct-caller
0x06036CEC,DAT_06036CEC,PROVIDE-alias,real-call,1,0,,has-direct-caller
0x06036D52,FUN_06036D52,global-FUN,real-call,1,0,,has-direct-caller
0x06036E6C,FUN_06036E6C,global-FUN,real-call,1,0,,has-direct-caller
0x06036F40,DAT_06036F40,PROVIDE-alias,real-call,3,4,-2:4,has-direct-caller
0x06036FDE,DAT_06036FDE,PROVIDE-alias,real-call,1,0,,has-direct-caller
0x0603704A,DAT_0603704A,PROVIDE-alias,real-call,2,0,,has-direct-caller
0x060370A0,DAT_060370A0,PROVIDE-alias,real-call,2,0,,has-direct-caller
0x060371FC,FUN_060371FC,global-FUN,tail-call,2,0,,has-direct-caller
0x06037484,DAT_06037484,PROVIDE-alias,real-call,2,0,,has-direct-caller
0x060374F2,DAT_060374F2,PROVIDE-alias,real-call,1,0,,has-direct-caller
0x06037592,DAT_06037592,PROVIDE-alias,real-call,1,0,,has-direct-caller
0x06037654,DAT_06037654,PROVIDE-alias,real-call,1,0,,has-direct-caller
0x06037B98,FUN_06037B98,global-FUN,real-call,3,0,,has-direct-caller
0x06037D58,DAT_06037D58,PROVIDE-alias,real-call,4,0,,has-direct-caller
0x06037D74,DAT_06037D74,PROVIDE-alias,real-call,4,0,,has-direct-caller
0x06037E28,FUN_06037E28,global-FUN,real-call,5,5,-4:5,has-direct-caller
0x060384C4,FUN_060384C4,global-FUN,real-call,9,0,,has-direct-caller
0x060385CE,FUN_060385CE,global-FUN,real-call,7,0,,has-direct-caller
0x060386D8,FUN_060386D8,global-FUN,real-call,4,0,,has-direct-caller
0x06038A84,FUN_06038A84,global-FUN,real-call,0,8,-2:8,callsite-shifted
0x06038BC4,FUN_06038BC4,global-FUN,real-call,3,0,,has-direct-caller
0x06038C64,FUN_06038C64,global-FUN,real-call,7,0,,has-direct-caller
0x06038DD8,FUN_06038DD8,global-FUN,real-call,4,0,,has-direct-caller
0x06039014,FUN_06039014,global-FUN,real-call,1,0,,has-direct-caller
0x06039110,FUN_06039110,global-FUN,real-call,2,0,,has-direct-caller
0x0603938C,FUN_0603938C,global-FUN,real-call,0,2,-2:2,callsite-shifted
0x0603976C,FUN_0603976C,global-FUN,real-call,4,0,,has-direct-caller
0x06039AA4,FUN_06039AA4,global-FUN,real-call,22,0,,has-direct-caller
0x06039B90,FUN_06039B90,global-FUN,real-call,2,0,,has-direct-caller
0x06039BE4,FUN_06039BE4,global-FUN,real-call,1,0,,has-direct-caller
0x06039DCC,FUN_06039DCC,global-FUN,real-call,4,0,,has-direct-caller
0x06039ED8,FUN_06039ED8,global-FUN,real-call,1,0,,has-direct-caller
0x0603A1A4,FUN_0603A1A4,global-FUN,real-call,1,0,,has-direct-caller
0x0603A548,FUN_0603A548,global-FUN,real-call,0,2,-2:2,callsite-shifted
0x0603A614,DAT_0603A614,PROVIDE-alias,real-call,3,0,,has-direct-caller
0x0603A650,FUN_0603A650,global-FUN,real-call,1,0,,has-direct-caller
0x0603A784,DAT_0603A784,PROVIDE-alias,real-call,1,2,-8:2,has-direct-caller
0x0603AAFE,FUN_0603AAFE,global-FUN,tail-call,4,0,,has-direct-caller
0x0603AB14,FUN_0603AB14,global-FUN,real-call,3,0,,has-direct-caller
0x0603AB66,FUN_0603AB66,global-FUN,tail-call,1,0,,has-direct-caller
0x0603B248,DAT_0603B248,PROVIDE-alias,real-call,1,0,,has-direct-caller
0x0603B484,FUN_0603B484,global-FUN,tail-call,2,0,,has-direct-caller
0x0603B498,FUN_0603B498,global-FUN,tail-call,1,0,,has-direct-caller
0x0603B940,FUN_0603B940,global-FUN,real-call,1,0,,has-direct-caller
0x0603BBCC,FUN_0603BBCC,global-FUN,tail-call,1,0,,has-direct-caller
0x0603BEF4,FUN_0603BEF4,global-FUN,tail-call,1,0,,has-direct-caller
0x0603BF0C,FUN_0603BF0C,global-FUN,tail-call,1,0,,has-direct-caller
0x0603BF20,FUN_0603BF20,global-FUN,tail-call,1,0,,has-direct-caller
0x0603BF5A,FUN_0603BF5A,global-FUN,tail-call,5,0,,has-direct-caller
0x0603C094,FUN_0603C094,global-FUN,real-call,22,0,,has-direct-caller
0x0603C274,FUN_0603C274,global-FUN,real-call,1,0,,has-direct-caller
0x0603C2BC,FUN_0603C2BC,global-FUN,real-call,5,0,,has-direct-caller
0x0603CDD8,FUN_0603CDD8,global-FUN,real-call,1,0,,has-direct-caller
0x0603CE88,FUN_0603CE88,global-FUN,real-call,2,0,,has-direct-caller
0x0603D0CA,FUN_0603D0CA,global-FUN,tail-call,4,0,,has-direct-caller
0x0603D4D0,FUN_0603D4D0,global-FUN,real-call,0,4,-2:4,callsite-shifted
0x0603D558,FUN_0603D558,global-FUN,real-call,4,0,,has-direct-caller
0x0603D980,FUN_0603D980,global-FUN,real-call,2,0,,has-direct-caller
0x0603DA52,DAT_0603DA52,PROVIDE-alias,real-call,1,0,,has-direct-caller
0x0603DA78,FUN_0603DA78,global-FUN,real-call,2,0,,has-direct-caller
0x0603DAEC,FUN_0603DAEC,global-FUN,real-call,1,0,,has-direct-caller
0x0603DC9C,FUN_0603DC9C,global-FUN,real-call,1,0,,has-direct-caller
0x0603DDAE,FUN_0603DDAE,global-FUN,real-call,5,0,,has-direct-caller
0x0603DE68,FUN_0603DE68,global-FUN,real-call,2,0,,has-direct-caller
0x0603DEBC,FUN_0603DEBC,global-FUN,real-call,3,0,,has-direct-caller
0x0603E14C,FUN_0603E14C,global-FUN,real-call,1,0,,has-direct-caller
0x0603E340,FUN_0603E340,global-FUN,real-call,2,0,,has-direct-caller
0x0603E488,FUN_0603E488,global-FUN,real-call,1,0,,has-direct-caller
0x0603E4A4,FUN_0603E4A4,global-FUN,real-call,1,0,,has-direct-caller
0x0603E7B0,FUN_0603E7B0,global-FUN,real-call,5,0,,has-direct-caller
0x0603E952,FUN_0603E952,global-FUN,real-call,5,0,,has-direct-caller
0x0603E9A4,FUN_0603E9A4,global-FUN,real-call,3,0,,has-direct-caller
0x0603E9E2,FUN_0603E9E2,global-FUN,real-call,3,0,,has-direct-caller
0x0603EAAA,FUN_0603EAAA,global-FUN,real-call,3,0,,has-direct-caller
0x0603EBE2,FUN_0603EBE2,global-FUN,real-call,3,0,,has-direct-caller
0x0603EC40,DAT_0603EC40,PROVIDE-alias,real-call,2,0,,has-direct-caller
0x0603EC54,FUN_0603EC54,global-FUN,real-call,2,0,,has-direct-caller
0x0603EC86,FUN_0603EC86,global-FUN,real-call,2,0,,has-direct-caller
0x0603EC94,FUN_0603EC94,global-FUN,real-call,1,0,,has-direct-caller
0x0603ECB6,FUN_0603ECB6,global-FUN,tail-call,1,0,,has-direct-caller
0x0603ECF0,FUN_0603ECF0,global-FUN,real-call,6,0,,has-direct-caller
0x0603ED24,FUN_0603ED24,global-FUN,tail-call,1,0,,has-direct-caller
0x0603ED5C,FUN_0603ED5C,global-FUN,real-call,1,0,,has-direct-caller
0x0603EDC8,FUN_0603EDC8,global-FUN,real-call,1,0,,has-direct-caller
0x0603EDF8,FUN_0603EDF8,global-FUN,tail-call,1,0,,has-direct-caller
0x0603EE36,FUN_0603EE36,global-FUN,real-call,0,1,-2:1,callsite-shifted
0x0603EE48,FUN_0603EE48,global-FUN,real-call,7,0,,has-direct-caller
0x0603EE64,FUN_0603EE64,global-FUN,real-call,4,0,,has-direct-caller
0x0603EEBC,FUN_0603EEBC,global-FUN,tail-call,3,0,,has-direct-caller
0x0603EF86,FUN_0603EF86,global-FUN,tail-call,1,0,,has-direct-caller
0x0603EF8E,DAT_0603EF8E,PROVIDE-alias,real-call,1,1,-8:1,has-direct-caller
0x0603F0B4,FUN_0603F0B4,global-FUN,real-call,2,0,,has-direct-caller
0x0603F0D0,FUN_0603F0D0,global-FUN,tail-call,1,0,,has-direct-caller
0x0603F134,FUN_0603F134,global-FUN,real-call,0,2,-2:2,callsite-shifted
0x0603F166,FUN_0603F166,global-FUN,real-call,2,0,,has-direct-caller
0x0603F4C0,FUN_0603F4C0,global-FUN,real-call,0,4,-2:4,callsite-shifted
0x0603F506,FUN_0603F506,global-FUN,real-call,0,0,,zero-caller
0x0603F512,FUN_0603F512,global-FUN,tail-call,1,0,,has-direct-caller
0x0603F534,FUN_0603F534,global-FUN,real-call,3,0,,has-direct-caller
0x0603F58C,FUN_0603F58C,global-FUN,real-call,2,0,,has-direct-caller
0x0603F61C,FUN_0603F61C,global-FUN,real-call,7,0,,has-direct-caller
0x0603F6BE,FUN_0603F6BE,global-FUN,tail-call,2,0,,has-direct-caller
0x0603F6F8,FUN_0603F6F8,global-FUN,real-call,2,0,,has-direct-caller
0x0603F75C,DAT_0603F75C,PROVIDE-alias,real-call,1,0,,has-direct-caller
0x0603F770,FUN_0603F770,global-FUN,real-call,1,0,,has-direct-caller
0x0603F7B8,FUN_0603F7B8,global-FUN,real-call,3,0,,has-direct-caller
0x0603F8AC,FUN_0603F8AC,global-FUN,real-call,1,0,,has-direct-caller
0x0603F99E,FUN_0603F99E,global-FUN,real-call,0,3,-2:3,callsite-shifted
0x0603F9E8,FUN_0603F9E8,global-FUN,tail-call,1,0,,has-direct-caller
0x0603FA54,FUN_0603FA54,global-FUN,real-call,3,0,,has-direct-caller
0x0603FAA8,FUN_0603FAA8,global-FUN,real-call,2,0,,has-direct-caller
0x0603FABE,DAT_0603FABE,PROVIDE-alias,real-call,2,0,,has-direct-caller
0x0603FAEA,DAT_0603FAEA,PROVIDE-alias,real-call,3,0,,has-direct-caller
0x0603FBD0,DAT_0603FBD0,PROVIDE-alias,real-call,3,0,,has-direct-caller
0x0603FC10,FUN_0603FC10,global-FUN,real-call,3,0,,has-direct-caller
0x0603FFBC,DAT_0603FFBC,PROVIDE-alias,real-call,1,0,,has-direct-caller
0x0603FFD0,FUN_0603FFD0,global-FUN,real-call,2,0,,has-direct-caller
0x0604002C,FUN_0604002C,global-FUN,real-call,2,0,,has-direct-caller
0x060400F8,FUN_060400F8,global-FUN,real-call,2,0,,has-direct-caller
0x0604016C,DAT_0604016C,PROVIDE-alias,real-call,2,0,,has-direct-caller
0x06040200,DAT_06040200,PROVIDE-alias,isr-entered,3,0,,has-direct-caller
0x0604025C,FUN_0604025C,global-FUN,real-call,2,0,,has-direct-caller
0x06040280,FUN_06040280,global-FUN,real-call,2,0,,has-direct-caller
0x06040418,FUN_06040418,global-FUN,real-call,1,0,,has-direct-caller
0x06040480,FUN_06040480,global-FUN,real-call,1,0,,has-direct-caller
0x060407D4,FUN_060407D4,global-FUN,real-call,1,0,,has-direct-caller
0x06040860,FUN_06040860,global-FUN,real-call,1,0,,has-direct-caller
0x06040B8C,FUN_06040B8C,global-FUN,real-call,3,0,,has-direct-caller
0x06040CF0,FUN_06040CF0,global-FUN,real-call,1,0,,has-direct-caller
0x06040E80,DAT_06040E80,PROVIDE-alias,real-call,1,0,,has-direct-caller
0x060410B2,FUN_060410B2,global-FUN,real-call,1,0,,has-direct-caller
0x0604148C,FUN_0604148C,global-FUN,real-call,2,0,,has-direct-caller
0x0604177C,FUN_0604177C,global-FUN,real-call,3,0,,has-direct-caller
0x0604208C,FUN_0604208C,global-FUN,real-call,2,0,,has-direct-caller
0x060423DC,FUN_060423DC,global-FUN,real-call,1,0,,has-direct-caller
0x060424B8,FUN_060424B8,global-FUN,real-call,4,0,,has-direct-caller
0x0604256C,FUN_0604256C,global-FUN,real-call,2,0,,has-direct-caller
0x060425DC,FUN_060425DC,global-FUN,tail-call,1,0,,has-direct-caller
0x0604264C,FUN_0604264C,global-FUN,real-call,1,0,,has-direct-caller
0x06042DC4,FUN_06042DC4,global-FUN,real-call,2,0,,has-direct-caller
0x06042DF8,FUN_06042DF8,global-FUN,tail-call,1,0,,has-direct-caller
0x06042F2C,FUN_06042F2C,global-FUN,real-call,1,0,,has-direct-caller
0x06043110,FUN_06043110,global-FUN,real-call,2,0,,has-direct-caller
0x06043178,DAT_06043178,PROVIDE-alias,tail-call,1,0,,has-direct-caller
0x060431BC,DAT_060431BC,PROVIDE-alias,real-call,1,0,,has-direct-caller
0x060431F8,FUN_060431F8,global-FUN,real-call,1,0,,has-direct-caller
0x06043384,FUN_06043384,global-FUN,real-call,2,0,,has-direct-caller
0x060433F0,FUN_060433F0,global-FUN,real-call,1,0,,has-direct-caller
0x06043460,FUN_06043460,global-FUN,real-call,1,0,,has-direct-caller
0x06043A54,DAT_06043A54,PROVIDE-alias,real-call,1,0,,has-direct-caller
0x06043B04,FUN_06043B04,global-FUN,tail-call,11,0,,has-direct-caller
0x06043CCC,FUN_06043CCC,global-FUN,real-call,1,0,,has-direct-caller
0x06043F10,FUN_06043F10,global-FUN,real-call,13,0,,has-direct-caller
0x06043F24,FUN_06043F24,global-FUN,real-call,2,0,,has-direct-caller
0x06044138,FUN_06044138,global-FUN,real-call,3,0,,has-direct-caller
0x06044344,FUN_06044344,global-FUN,real-call,2,0,,has-direct-caller
0x060446F4,FUN_060446F4,global-FUN,real-call,2,0,,has-direct-caller
0x06044788,FUN_06044788,global-FUN,real-call,2,0,,has-direct-caller
0x06044834,FUN_06044834,global-FUN,real-call,6,0,,has-direct-caller
0x06044848,FUN_06044848,global-FUN,real-call,1,0,,has-direct-caller
0x060449AC,FUN_060449AC,global-FUN,real-call,4,0,,has-direct-caller
0x060449B6,FUN_060449B6,global-FUN,isr-entered,1,0,,has-direct-caller
0x06044BCC,FUN_06044BCC,global-FUN,real-call,2,0,,has-direct-caller
0x06044D74,FUN_06044D74,global-FUN,real-call,5,0,,has-direct-caller
0x06044D80,FUN_06044D80,global-FUN,real-call,13,0,,has-direct-caller
0x06044DBA,DAT_06044DBA,PROVIDE-alias,real-call,27,4,-2:4,has-direct-caller
0x06044DF4,DAT_06044DF4,PROVIDE-alias,real-call,3,0,,has-direct-caller
0x06044E28,FUN_06044E28,global-FUN,real-call,7,0,,has-direct-caller
0x06044E3C,FUN_06044E3C,global-FUN,real-call,34,0,,has-direct-caller
0x06044EF4,DAT_06044EF4,PROVIDE-alias,real-call,2,0,,has-direct-caller
0x06044F30,DAT_06044F30,PROVIDE-alias,real-call,11,0,,has-direct-caller
0x06045008,FUN_06045008,global-FUN,real-call,1,18,-2:18,has-direct-caller
0x06045080,FUN_06045080,global-FUN,real-call,4,29,-2:29,has-direct-caller
0x06045080,DAT_06045080,PROVIDE-alias,real-call,4,29,-2:29,has-direct-caller
0x060450F4,FUN_060450F4,global-FUN,real-call,1,20,-2:20,has-direct-caller
0x0604510C,FUN_0604510C,global-FUN,isr-entered,1,0,,has-direct-caller
0x060452D0,DAT_060452D0,PROVIDE-alias,real-call,1,0,,has-direct-caller
0x06045368,FUN_06045368,global-FUN,real-call,2,0,,has-direct-caller
0x060453CC,FUN_060453CC,global-FUN,real-call,3,1,-4:1,has-direct-caller
0x060455E2,FUN_060455E2,global-FUN,real-call,1,0,,has-direct-caller
0x0604562C,FUN_0604562C,global-FUN,real-call,1,0,,has-direct-caller
0x06045650,FUN_06045650,global-FUN,real-call,2,0,,has-direct-caller
0x06045698,FUN_06045698,global-FUN,real-call,6,0,,has-direct-caller
0x060456AA,FUN_060456AA,global-FUN,real-call,0,5,-2:5,callsite-shifted
0x060456C8,DAT_060456C8,PROVIDE-alias,real-call,4,0,,has-direct-caller
0x060456CC,FUN_060456CC,global-FUN,real-call,4,4,-4:4,has-direct-caller
0x060457AA,FUN_060457AA,global-FUN,real-call,0,4,-2:4,callsite-shifted
0x060457DE,FUN_060457DE,global-FUN,real-call,0,26,-2:26,callsite-shifted
0x060457E4,FUN_060457E4,global-FUN,tail-call,1,26,-8:26,has-direct-caller
0x0604595A,FUN_0604595A,global-FUN,real-call,0,16,-2:16,callsite-shifted
0x060459C4,FUN_060459C4,global-FUN,real-call,6,0,,has-direct-caller
0x06045A2C,FUN_06045A2C,global-FUN,real-call,4,0,,has-direct-caller
0x06045A7E,FUN_06045A7E,global-FUN,real-call,2,0,,has-direct-caller
0x06045AC0,FUN_06045AC0,global-FUN,real-call,3,0,,has-direct-caller
0x06045ADC,FUN_06045ADC,global-FUN,real-call,3,0,,has-direct-caller
0x06045B10,FUN_06045B10,global-FUN,real-call,1,0,,has-direct-caller
0x06045B48,FUN_06045B48,global-FUN,real-call,1,0,,has-direct-caller
0x06045B74,FUN_06045B74,global-FUN,real-call,1,0,,has-direct-caller
0x06045BA0,FUN_06045BA0,global-FUN,real-call,1,0,,has-direct-caller
0x06045BC6,FUN_06045BC6,global-FUN,real-call,7,9,-2:9,has-direct-caller
0x06045C02,FUN_06045C02,global-FUN,tail-call,15,1,-2:1,has-direct-caller
0x06045C3C,FUN_06045C3C,global-FUN,real-call,6,0,,has-direct-caller
0x06045C9C,FUN_06045C9C,global-FUN,real-call,6,0,,has-direct-caller
0x06045CC2,DAT_06045CC2,PROVIDE-alias,isr-entered,1,0,,has-direct-caller
0x06045CCC,FUN_06045CCC,global-FUN,real-call,3,0,,has-direct-caller
0x06045D04,FUN_06045D04,global-FUN,real-call,3,0,,has-direct-caller
0x06045D3C,FUN_06045D3C,global-FUN,tail-call,2,0,,has-direct-caller
0x06045D80,FUN_06045D80,global-FUN,real-call,3,0,,has-direct-caller
0x06045DAA,FUN_06045DAA,global-FUN,tail-call,2,0,,has-direct-caller
0x06045E06,FUN_06045E06,global-FUN,real-call,6,0,,has-direct-caller
0x06045E44,FUN_06045E44,global-FUN,real-call,6,0,,has-direct-caller
0x06045EC8,FUN_06045EC8,global-FUN,tail-call,6,0,,has-direct-caller
0x060463E4,FUN_060463E4,global-FUN,real-call,2,0,,has-direct-caller
0x06046520,FUN_06046520,global-FUN,real-call,1,0,,has-direct-caller
0x06046602,FUN_06046602,global-FUN,real-call,4,0,,has-direct-caller
0x06046990,FUN_06046990,global-FUN,isr-entered,0,1,-4:1,callsite-shifted
0x06046A24,FUN_06046A24,global-FUN,isr-entered,0,1,-4:1,callsite-shifted
0x06046A90,FUN_06046A90,global-FUN,tail-call,1,0,,has-direct-caller
0x06046AE8,FUN_06046AE8,global-FUN,tail-call,1,0,,has-direct-caller
0x06046B3C,FUN_06046B3C,global-FUN,real-call,14,0,,has-direct-caller
0x06046B64,FUN_06046B64,global-FUN,real-call,2,0,,has-direct-caller
0x06046B70,FUN_06046B70,global-FUN,real-call,2,0,,has-direct-caller
0x06046B96,FUN_06046B96,global-FUN,tail-call,1,0,,has-direct-caller
0x06046BD4,FUN_06046BD4,global-FUN,real-call,4,0,,has-direct-caller
0x06046BF4,FUN_06046BF4,global-FUN,real-call,4,0,,has-direct-caller
0x06046C14,FUN_06046C14,global-FUN,real-call,2,0,,has-direct-caller
0x06046CD0,FUN_06046CD0,global-FUN,tail-call,1,0,,has-direct-caller
0x06046CF0,FUN_06046CF0,global-FUN,tail-call,1,0,,has-direct-caller
0x06046D10,FUN_06046D10,global-FUN,tail-call,2,0,,has-direct-caller
0x06046D30,FUN_06046D30,global-FUN,real-call,14,0,,has-direct-caller
0x06046D78,FUN_06046D78,global-FUN,real-call,4,0,,has-direct-caller
0x06046D98,FUN_06046D98,global-FUN,real-call,1,0,,has-direct-caller
0x06046E0E,FUN_06046E0E,global-FUN,tail-call,2,0,,has-direct-caller
0x06046E64,FUN_06046E64,global-FUN,tail-call,2,0,,has-direct-caller
0x06046EBC,FUN_06046EBC,global-FUN,real-call,1,0,,has-direct-caller
0x06046FD4,FUN_06046FD4,global-FUN,real-call,2,0,,has-direct-caller
0x06047014,FUN_06047014,global-FUN,real-call,2,0,,has-direct-caller
0x0604708C,FUN_0604708C,global-FUN,real-call,1,0,,has-direct-caller
0x060470A8,FUN_060470A8,global-FUN,real-call,1,0,,has-direct-caller
0x060470C4,FUN_060470C4,global-FUN,real-call,1,0,,has-direct-caller
0x060470D6,FUN_060470D6,global-FUN,real-call,1,0,,has-direct-caller
0x060470EC,FUN_060470EC,global-FUN,real-call,1,0,,has-direct-caller
0x06047118,FUN_06047118,global-FUN,real-call,8,0,,has-direct-caller
0x06047140,FUN_06047140,global-FUN,real-call,1,0,,has-direct-caller
0x06047184,FUN_06047184,global-FUN,real-call,2,0,,has-direct-caller
0x060471F0,FUN_060471F0,global-FUN,real-call,1,0,,has-direct-caller
0x0604720C,FUN_0604720C,global-FUN,real-call,1,0,,has-direct-caller
0x06047228,FUN_06047228,global-FUN,real-call,1,0,,has-direct-caller
0x0604723A,FUN_0604723A,global-FUN,real-call,1,0,,has-direct-caller
0x06047250,FUN_06047250,global-FUN,real-call,1,0,,has-direct-caller
0x06047262,FUN_06047262,global-FUN,real-call,1,0,,has-direct-caller
0x0604727C,FUN_0604727C,global-FUN,real-call,8,0,,has-direct-caller
0x0604728E,FUN_0604728E,global-FUN,real-call,1,0,,has-direct-caller
0x060472CC,FUN_060472CC,global-FUN,real-call,2,0,,has-direct-caller
0x06047548,FUN_06047548,global-FUN,real-call,1,0,,has-direct-caller
0x06047588,FUN_06047588,global-FUN,tail-call,2,0,,has-direct-caller
0x06047670,DAT_06047670,PROVIDE-alias,real-call,22,0,,has-direct-caller
0x06047748,FUN_06047748,global-FUN,real-call,2,0,,has-direct-caller
0x060477B4,DAT_060477B4,PROVIDE-alias,real-call,2,0,,has-direct-caller
0x060477D6,FUN_060477D6,global-FUN,real-call,0,2,-2:2,callsite-shifted
0x060477FC,FUN_060477FC,global-FUN,real-call,1,0,,has-direct-caller
0x0604796C,FUN_0604796C,global-FUN,real-call,3,0,,has-direct-caller
0x06047986,FUN_06047986,global-FUN,real-call,1,0,,has-direct-caller
0x060479D6,FUN_060479D6,global-FUN,real-call,1,0,,has-direct-caller
0x06047A84,FUN_06047A84,global-FUN,real-call,2,0,,has-direct-caller
0x06047AE0,FUN_06047AE0,global-FUN,real-call,2,0,,has-direct-caller
0x06047B00,FUN_06047B00,global-FUN,real-call,3,0,,has-direct-caller
0x06047B90,DAT_06047B90,PROVIDE-alias,isr-entered,1,0,,has-direct-caller
0x06047D20,DAT_06047D20,PROVIDE-alias,real-call,25,0,,has-direct-caller
0x06047D3C,FUN_06047D3C,global-FUN,real-call,25,0,,has-direct-caller
0x06047D46,FUN_06047D46,global-FUN,isr-entered,1,0,,has-direct-caller
0x06047D68,DAT_06047D68,PROVIDE-alias,real-call,3,0,,has-direct-caller
0x06047DBC,DAT_06047DBC,PROVIDE-alias,real-call,3,0,,has-direct-caller
0x06047E0C,FUN_06047E0C,global-FUN,real-call,29,0,,has-direct-caller
0x06047F18,DAT_06047F18,PROVIDE-alias,real-call,1,0,,has-direct-caller
0x06048160,DAT_06048160,PROVIDE-alias,real-call,11,0,,has-direct-caller
0x06048180,DAT_06048180,PROVIDE-alias,real-call,16,0,,has-direct-caller
0x0604818C,DAT_0604818C,PROVIDE-alias,real-call,15,0,,has-direct-caller
0x060481A8,DAT_060481A8,PROVIDE-alias,real-call,1,0,,has-direct-caller
0x060481FC,DAT_060481FC,PROVIDE-alias,real-call,3,0,,has-direct-caller
0x06048278,FUN_06048278,global-FUN,real-call,4,0,,has-direct-caller
0x0604828C,FUN_0604828C,global-FUN,real-call,4,0,,has-direct-caller
0x060482A8,FUN_060482A8,global-FUN,real-call,2,0,,has-direct-caller
0x060482F8,DAT_060482F8,PROVIDE-alias,real-call,5,0,,has-direct-caller
0x0604C824,DAT_0604C824,PROVIDE-alias,real-call,2,0,,has-direct-caller
0x0604C88C,DAT_0604C88C,PROVIDE-alias,real-call,15,0,,has-direct-caller
0x0604C954,DAT_0604C954,PROVIDE-alias,real-call,1,0,,has-direct-caller
0x0604CE64,DAT_0604CE64,PROVIDE-alias,real-call,6,0,,has-direct-caller
0x0604CEF0,DAT_0604CEF0,PROVIDE-alias,real-call,6,0,,has-direct-caller
0x0604CFE8,DAT_0604CFE8,PROVIDE-alias,real-call,6,0,,has-direct-caller
0x0604D112,FUN_0604D112,global-FUN,tail-call,1,0,,has-direct-caller
0x0604D380,FUN_0604D380,global-FUN,tail-call,1,0,,has-direct-caller
0x0604D388,DAT_0604D388,PROVIDE-alias,tail-call,2,1,-8:1,has-direct-caller
0x0604D46C,FUN_0604D46C,global-FUN,tail-call,4,0,,has-direct-caller
0x0604D540,FUN_0604D540,global-FUN,tail-call,2,0,,has-direct-caller
0x0604D580,FUN_0604D580,global-FUN,real-call,2,0,,has-direct-caller
0x0604D6B8,DAT_0604D6B8,PROVIDE-alias,real-call,2,0,,has-direct-caller
0x0604D758,DAT_0604D758,PROVIDE-alias,real-call,1,0,,has-direct-caller
0x0604D83C,DAT_0604D83C,PROVIDE-alias,real-call,2,0,,has-direct-caller
0x0604D8E4,FUN_0604D8E4,global-FUN,tail-call,2,0,,has-direct-caller
0x0604DAD8,DAT_0604DAD8,PROVIDE-alias,real-call,1,0,,has-direct-caller
0x0604DB10,FUN_0604DB10,global-FUN,real-call,2,0,,has-direct-caller
0x0604DC40,FUN_0604DC40,global-FUN,real-call,1,0,,has-direct-caller
0x0604DD04,FUN_0604DD04,global-FUN,real-call,1,0,,has-direct-caller
0x0604DD34,DAT_0604DD34,PROVIDE-alias,real-call,1,0,,has-direct-caller
0x0604DE2C,FUN_0604DE2C,global-FUN,real-call,2,0,,has-direct-caller
