addr,name,symbol_class,predecessor,pred_last_insns,status,decision,confidence,style,kind,R1,R2,R3,R4,R5,R6,H1,H2,H3,H4,H5,notes,batch_id,decided_at,kind_predicted,direct_callers,shifted_callers,shift_detail,predecessor_terminates,orphan_count,bypass_detected,kind_hint,verdict_hint
0x06029958,DAT_06029958,PROVIDE-alias,,,decided,KEEP,HIGH,N/A,data,-,-,-,-,-,-,Y,Y,Y,-,-,byte address-pair data table after FUN_06029810 pools,B001,2026-05-10,data,1,0,,,,,,has-direct-caller
0x06029A48,DAT_06029A48,PROVIDE-alias,,,decided,KEEP,HIGH,N/A,sibling-lost,-,-,-,-,Y,Y,Y,-,Y,-,-,unlabeled memclr leaf; jsr @r1 from FUN_06028000 pool; standalone (no labeled sibling at +/-N) so Style N/A,B001,2026-05-10,sibling-lost,1,0,,,,,,has-direct-caller
0x06029F68,DAT_06029F68,PROVIDE-alias,,,decided,KEEP,HIGH,N/A,data,-,-,-,-,-,-,Y,Y,Y,-,-,head of 12-byte signed-byte table; byte-indexed load consumer,B001,2026-05-10,data,2,0,,,,,,has-direct-caller
0x06029F6D,DAT_06029F6D,PROVIDE-alias,,,decided,KEEP,HIGH,N/A,data,-,-,-,-,-,-,Y,Y,Y,-,-,5 bytes into same byte table as 0x06029F68; byte-indexed load consumer,B001,2026-05-10,data,1,0,,,,,,has-direct-caller
0x0602A3A4,DAT_0602A3A4,PROVIDE-alias,,,decided,KEEP,HIGH,N/A,data,-,-,-,-,-,-,Y,Y,Y,-,-,head of 16-bit delta table after FUN_0602A370 rts,B001,2026-05-10,data,2,0,,,,,,has-direct-caller
0x0602A8FA,FUN_0602A8FA,global-FUN,FUN_0602A8F8,sts,decided,MERGE,HIGH,B,altentry,Y,-,-,-,-,Y,-,-,Y,-,-,skip-PR-save altentry; 2-byte parent FUN_0602A8F8 saves PR then falls through,B002,2026-05-11,altentry,0,0,,N,0,-,dispatch-target,zero-caller
0x0602AC56,FUN_0602AC56,global-FUN,FUN_0602AC38,mov|mov,decided,MERGE,HIGH,B,altentry,Y,-,-,-,-,Y,-,-,Y,-,-,skip-context-save altentry; predecessor pushes r0-r2 then falls through,B002,2026-05-11,altentry,0,0,,N,0,-,dispatch-target,zero-caller
0x0602C6F2,FUN_0602C6F2,global-FUN,FUN_0602C59A,mov|mov,decided,MERGE,MEDIUM,N/A,callsite-shifted,Y,-,-,-,-,Y,-,-,Y,-,-,sub-case B (no live caller); pred rts at 0x0602C6EA; 2 insns before us (mov r4 r1 + mov.l .L_pool r3) look like arg-shuffle + fn-ptr load; real entry plausibly at 0x0602C6EE per Ghidra-prologue-bias; flagged TRACK_DEAD by prior workstream,B002,2026-05-11,altentry,0,0,,Y,2,-,callsite-shifted-B,zero-caller
0x0602D382,FUN_0602D382,global-FUN,FUN_0602D270,mov|mov,decided,KEEP,HIGH,N/A,callsite-shifted,-,-,-,-,-,-,-,Y,Y,-,-,DAT_0602D37E (this -4) is the live sibling; called via pool+jsr from FUN_060336C8; merge into sibling asm block when D37E is lifted; Style N/A since body absorbed into sibling,B002,2026-05-11,altentry,0,1,-4:1,Y,2,-,callsite-shifted-A,callsite-shifted
0x0602D7AC,FUN_0602D7AC,global-FUN,FUN_0602D78C,mov|mov,decided,KEEP,HIGH,B,altentry,-,Y,-,-,-,-,Y,-,Y,Y,-,post-prologue body altentry; predecessor builds frame; bra inbound from FUN_0602B22C:5487,B002,2026-05-11,altentry,1,0,,N,0,-,,has-direct-caller
0x0602D81A,FUN_0602D81A,global-FUN,FUN_0602D7AC,bsr|shll,decided,MERGE,HIGH,N/A,dispatch-target,-,-,-,-,-,-,Y,Y,Y,Y,-,intra-fn state label in FUN_0602D7AC body; reached via bsr/delay-slot trampoline from .L_0602D806 (first insn add r13 r5 doubles as delay slot of bsr FUN_0602D052); zero external callers (checked binary: pool at 060291BC emits 0x0600581A not 0x0602D81A so the apparent ref is misleading comment),B003,2026-05-13,altentry,0,0,,N,0,Y,dispatch-target,zero-caller
0x0602D850,FUN_0602D850,global-FUN,FUN_0602D81A,mov|bsr,decided,KEEP,HIGH,N/A,dispatch-target,-,-,-,-,-,-,Y,Y,Y,Y,-,intra-fn dispatch label in FUN_0602D7AC body; reached by intra-fn bra FUN_0602D850 from line 5314 + fall-through from FUN_0602D81A; uses parent r8/r11; zero external callers; no sym_-trap,B003,2026-05-14,altentry,1,0,,N,0,-,,has-direct-caller
0x0602D876,FUN_0602D876,global-FUN,FUN_0602D850,mov|add,decided,MERGE,HIGH,N/A,dispatch-target,-,-,-,-,-,-,Y,Y,Y,Y,-,intra-fn dispatch label in FUN_0602D7AC body; reached by sequential fall-through from FUN_0602D850; uses parent r9/r3/r0; zero external callers; verified pool at 06028E58 emits 0x06005876 (init addr) not 0x0602D876 -- sym_-trap confirmed false-positive,B003,2026-05-14,altentry,0,0,,N,0,-,dispatch-target,zero-caller
0x0602D8B4,FUN_0602D8B4,global-FUN,FUN_0602D876,mov|mov,decided,MERGE,HIGH,N/A,dispatch-target,-,-,-,-,-,-,Y,Y,Y,Y,-,intra-fn dispatch label in FUN_0602D7AC body; reached by sequential fall-through from FUN_0602D876; uses parent r6/r5/r7; zero external callers; 6 sym_060058B4 pool sites verified as init cross-refs (fixed) not race-internal,B003,2026-05-14,altentry,0,0,,N,0,-,dispatch-target,zero-caller
0x0602E7F6,FUN_0602E7F6,global-FUN,FUN_0602E7EC,mov|mov,decided,MERGE,HIGH,N/A,dispatch-target,-,-,-,-,-,-,Y,Y,Y,Y,-,Ghidra prologue-bias hallucination -- sts.l pr at this addr is mid-body of FUN_0602E7EC not a separate function; Ghidra decomp signature has in_r1/in_r2/in_r3 (non-compilable as standalone C); live entry is FUN_0602E7EC (clean 2-param signature + 3 cross-fn callers); merge into FUN_0602E7EC asm block,B003,2026-05-14,altentry,0,0,,N,0,-,dispatch-target,zero-caller
0x0602E888,FUN_0602E888,global-FUN,FUN_0602E7F6,mul|mov,pending,MERGE,,,,,,,,,,,,,,,,,,altentry,0,0,,Y,20,Y,dispatch-target,zero-caller
0x0602E89E,FUN_0602E89E,global-FUN,FUN_0602E888,shll2|shll2,pending,MERGE,,,,,,,,,,,,,,,,,,altentry,0,0,,N,0,-,dispatch-target,zero-caller
0x0602E8B8,FUN_0602E8B8,global-FUN,FUN_0602E8B0,extu|mov,pending,KEEP,,,,,,,,,,,,,,,,,,altentry,0,1,-8:1,N,0,-,callsite-shifted-A,callsite-shifted
0x0602EA6C,FUN_0602EA6C,global-FUN,FUN_0602E988,extu|mov,pending,KEEP,,,,,,,,,,,,,,,,,,altentry,0,1,-2:1,Y,1,-,callsite-shifted-A,callsite-shifted
0x0602EAE2,FUN_0602EAE2,global-FUN,FUN_0602EA6C,shll8|mov,pending,KEEP,,,,,,,,,,,,,,,,,,altentry,0,2,-2:2,N,0,Y,callsite-shifted-A,callsite-shifted
0x0602EC96,FUN_0602EC96,global-FUN,FUN_0602EC80,add|bf/s,pending,KEEP,,,,,,,,,,,,,,,,,,altentry,1,0,,N,0,-,,has-direct-caller
0x0602EDDA,DAT_0602EDDA,PROVIDE-alias,,,pending,KEEP,,,,,,,,,,,,,,,,,,sibling-lost,1,0,,,,,,has-direct-caller
0x0602F036,DAT_0602F036,PROVIDE-alias,,,pending,KEEP,,,,,,,,,,,,,,,,,,sibling-lost,1,0,,,,,,has-direct-caller
0x0602F054,DAT_0602F054,PROVIDE-alias,,,pending,KEEP,,,,,,,,,,,,,,,,,,sibling-lost,1,0,,,,,,has-direct-caller
0x0602F1D4,DAT_0602F1D4,PROVIDE-alias,,,pending,KEEP,,,,,,,,,,,,,,,,,,sibling-lost,3,0,,,,,,has-direct-caller
0x0602F274,FUN_0602F274,global-FUN,FUN_0602F20C,add|jsr,pending,KEEP,,,,,,,,,,,,,,,,,,altentry,1,0,,N,0,Y,,has-direct-caller
0x0602F30A,FUN_0602F30A,global-FUN,FUN_0602F2B8,shll2|shll2,pending,MERGE,,,,,,,,,,,,,,,,,,altentry,0,0,,N,0,-,dispatch-target,zero-caller
0x0602F312,DAT_0602F312,PROVIDE-alias,,,pending,KEEP,,,,,,,,,,,,,,,,,,sibling-lost,2,0,,,,,,has-direct-caller
0x0602F322,FUN_0602F322,global-FUN,FUN_0602F30A,mov|nop,pending,KEEP,,,,,,,,,,,,,,,,,,altentry,1,0,,Y,8,Y,,has-direct-caller
0x0602F32A,DAT_0602F32A,PROVIDE-alias,,,pending,KEEP,,,,,,,,,,,,,,,,,,sibling-lost,1,0,,,,,,has-direct-caller
0x0602F332,FUN_0602F332,global-FUN,FUN_0602F322,mov|mov,pending,KEEP,,,,,,,,,,,,,,,,,,altentry,0,1,-8:1,Y,4,-,callsite-shifted-A,callsite-shifted
0x0602F500,FUN_0602F500,global-FUN,FUN_0602F4A6,tst|mov,pending,KEEP,,,,,,,,,,,,,,,,,,altentry,0,1,-38:1,Y,19,-,callsite-shifted-A,callsite-shifted
0x0602F564,DAT_0602F564,PROVIDE-alias,,,pending,KEEP,,,,,,,,,,,,,,,,,,sibling-lost,1,0,,,,,,has-direct-caller
0x0602F814,DAT_0602F814,PROVIDE-alias,,,pending,KEEP,,,,,,,,,,,,,,,,,,sibling-lost,1,0,,,,,,has-direct-caller
0x0602FA08,FUN_0602FA08,global-FUN,FUN_0602F9E8,shll|mov,pending,MERGE,,,,,,,,,,,,,,,,,,altentry,0,0,,Y,7,-,callsite-shifted-B,zero-caller
0x0602FA74,FUN_0602FA74,global-FUN,FUN_0602FA08,mov|bf,pending,MERGE,,,,,,,,,,,,,,,,,,altentry,0,0,,N,0,-,dispatch-target,zero-caller
0x0602FD44,FUN_0602FD44,global-FUN,FUN_0602FD38,mov|mov,pending,MERGE,,,,,,,,,,,,,,,,,,altentry,0,0,,N,0,-,dispatch-target,zero-caller
0x0602FD94,FUN_0602FD94,global-FUN,FUN_0602FD44,shll|mov,pending,MERGE,,,,,,,,,,,,,,,,,,altentry,0,0,,N,0,-,dispatch-target,zero-caller
0x06030200,DAT_06030200,PROVIDE-alias,,,pending,KEEP,,,,,,,,,,,,,,,,,,unknown,1,0,,,,,,has-direct-caller
0x06030A8E,FUN_06030A8E,global-FUN,FUN_06030A80,mov|mov,pending,MERGE,,,,,,,,,,,,,,,,,,altentry,0,0,,N,0,-,dispatch-target,zero-caller
0x06030BB8,FUN_06030BB8,global-FUN,FUN_06030BA4,extu|mov,pending,MERGE,,,,,,,,,,,,,,,,,,altentry,0,0,,N,0,-,dispatch-target,zero-caller
0x06030DAA,DAT_06030DAA,PROVIDE-alias,,,pending,KEEP,,,,,,,,,,,,,,,,,,sibling-lost,1,0,,,,,,has-direct-caller
0x06030E48,FUN_06030E48,global-FUN,FUN_06030E32,mov|mov,pending,MERGE,,,,,,,,,,,,,,,,,,altentry,0,0,,Y,2,-,callsite-shifted-B,zero-caller
0x06030F54,FUN_06030F54,global-FUN,FUN_06030EC8,tst|mov,pending,MERGE,,,,,,,,,,,,,,,,,,altentry,0,0,,Y,8,-,callsite-shifted-B,zero-caller
0x06031B8C,FUN_06031B8C,global-FUN,FUN_06031B84,mov|mov,pending,KEEP,,,,,,,,,,,,,,,,,,altentry,0,1,-8:1,N,0,-,callsite-shifted-A,callsite-shifted
0x06031BCE,DAT_06031BCE,PROVIDE-alias,,,pending,KEEP,,,,,,,,,,,,,,,,,,sibling-lost,1,0,,,,,,has-direct-caller
0x06031C84,DAT_06031C84,PROVIDE-alias,,,pending,KEEP,,,,,,,,,,,,,,,,,,sibling-lost,1,0,,,,,,has-direct-caller
0x06032DDC,FUN_06032DDC,global-FUN,FUN_06032DC8,mov|mov,pending,MERGE,,,,,,,,,,,,,,,,,,altentry,0,0,,N,0,-,dispatch-target,zero-caller
0x06033466,FUN_06033466,global-FUN,FUN_0603344E,mov|mov,pending,MERGE,,,,,,,,,,,,,,,,,,altentry,0,0,,N,0,-,dispatch-target,zero-caller
0x060335B4,DAT_060335B4,PROVIDE-alias,,,pending,KEEP,,,,,,,,,,,,,,,,,,sibling-lost,1,0,,,,,,has-direct-caller
0x06033656,DAT_06033656,PROVIDE-alias,,,pending,KEEP,,,,,,,,,,,,,,,,,,sibling-lost,1,0,,,,,,has-direct-caller
0x060336FA,DAT_060336FA,PROVIDE-alias,,,pending,KEEP,,,,,,,,,,,,,,,,,,sibling-lost,1,0,,,,,,has-direct-caller
0x06033B62,DAT_06033B62,PROVIDE-alias,,,pending,KEEP,,,,,,,,,,,,,,,,,,sibling-lost,1,0,,,,,,has-direct-caller
0x06033BD8,FUN_06033BD8,global-FUN,FUN_06033B64,extu|mov,pending,KEEP,,,,,,,,,,,,,,,,,,altentry,0,1,-2:1,Y,1,-,callsite-shifted-A,callsite-shifted
0x06034600,DAT_06034600,PROVIDE-alias,,,pending,KEEP,,,,,,,,,,,,,,,,,,sibling-lost,1,0,,,,,,has-direct-caller
0x0603468E,DAT_0603468E,PROVIDE-alias,,,pending,KEEP,,,,,,,,,,,,,,,,,,sibling-lost,1,0,,,,,,has-direct-caller
0x06034A56,DAT_06034A56,PROVIDE-alias,,,pending,KEEP,,,,,,,,,,,,,,,,,,sibling-lost,1,0,,,,,,has-direct-caller
0x06034BDC,FUN_06034BDC,global-FUN,FUN_06034BA2,mov|mov,pending,MERGE,,,,,,,,,,,,,,,,,,altentry,0,0,,N,0,Y,dispatch-target,zero-caller
0x06034BE0,FUN_06034BE0,global-FUN,FUN_06034BDC,mov|mov,pending,MERGE,,,,,,,,,,,,,,,,,,altentry,0,0,,N,0,-,dispatch-target,zero-caller
0x06035314,DAT_06035314,PROVIDE-alias,,,pending,KEEP,,,,,,,,,,,,,,,,,,data,3,0,,,,,,has-direct-caller
0x06036608,FUN_06036608,global-FUN,FUN_0603631C,muls|mov,pending,KEEP,,,,,,,,,,,,,,,,,,altentry,1,3,-22:3,Y,83,Y,,has-direct-caller
0x06036770,FUN_06036770,global-FUN,FUN_06036608,mov|mov,pending,MERGE,,,,,,,,,,,,,,,,,,altentry,0,0,,Y,6,-,callsite-shifted-B,zero-caller
0x06036E14,FUN_06036E14,global-FUN,FUN_06036DA6,and|mov,pending,KEEP,,,,,,,,,,,,,,,,,,altentry,1,0,,N,0,Y,,has-direct-caller
0x0603726C,DAT_0603726C,PROVIDE-alias,,,pending,KEEP,,,,,,,,,,,,,,,,,,data,1,0,,,,,,has-direct-caller
0x06037364,DAT_06037364,PROVIDE-alias,,,pending,KEEP,,,,,,,,,,,,,,,,,,sibling-lost,1,1,-8:1,,,,,has-direct-caller
0x0603740E,DAT_0603740E,PROVIDE-alias,,,pending,KEEP,,,,,,,,,,,,,,,,,,sibling-lost,2,0,,,,,,has-direct-caller
0x06037442,DAT_06037442,PROVIDE-alias,,,pending,KEEP,,,,,,,,,,,,,,,,,,sibling-lost,2,0,,,,,,has-direct-caller
0x060375F6,DAT_060375F6,PROVIDE-alias,,,pending,KEEP,,,,,,,,,,,,,,,,,,data,2,0,,,,,,has-direct-caller
0x06037D94,DAT_06037D94,PROVIDE-alias,,,pending,KEEP,,,,,,,,,,,,,,,,,,data,1,0,,,,,,has-direct-caller
0x06037DB8,DAT_06037DB8,PROVIDE-alias,,,pending,KEEP,,,,,,,,,,,,,,,,,,data,1,0,,,,,,has-direct-caller
0x06037DDC,DAT_06037DDC,PROVIDE-alias,,,pending,KEEP,,,,,,,,,,,,,,,,,,data,1,0,,,,,,has-direct-caller
0x06037E00,DAT_06037E00,PROVIDE-alias,,,pending,KEEP,,,,,,,,,,,,,,,,,,data,1,1,-4:1,,,,,has-direct-caller
0x06037E24,DAT_06037E24,PROVIDE-alias,,,pending,KEEP,,,,,,,,,,,,,,,,,,data,5,1,-6:1,,,,,has-direct-caller
0x06038202,FUN_06038202,global-FUN,FUN_06037FD6,mov|mov,pending,KEEP,,,,,,,,,,,,,,,,,,altentry,1,2,-118:2,Y,92,Y,,has-direct-caller
0x0603833C,FUN_0603833C,global-FUN,FUN_06038202,mov|jsr,pending,KEEP,,,,,,,,,,,,,,,,,,altentry,1,0,,Y,21,-,,has-direct-caller
0x06039204,FUN_06039204,global-FUN,FUN_06039202,mov,pending,KEEP,,,,,,,,,,,,,,,,,,altentry,0,1,-2:1,N,0,-,callsite-shifted-A,callsite-shifted
0x0603AF00,DAT_0603AF00,PROVIDE-alias,,,pending,KEEP,,,,,,,,,,,,,,,,,,sibling-lost,1,0,,,,,,has-direct-caller
0x0603AF0C,FUN_0603AF0C,global-FUN,FUN_0603AB72,mov|mov,pending,KEEP,,,,,,,,,,,,,,,,,,altentry,0,1,-12:1,Y,6,-,callsite-shifted-A,callsite-shifted
0x0603AF38,FUN_0603AF38,global-FUN,FUN_0603AF0C,mov|sub,pending,MERGE,,,,,,,,,,,,,,,,,,altentry,0,0,,N,0,-,dispatch-target,zero-caller
0x0603B6F8,DAT_0603B6F8,PROVIDE-alias,,,pending,KEEP,,,,,,,,,,,,,,,,,,data,4,0,,,,,,has-direct-caller
0x0603BC78,FUN_0603BC78,global-FUN,FUN_0603BBCC,add|add,pending,MERGE,,,,,,,,,,,,,,,,,,altentry,0,0,,N,0,-,dispatch-target,zero-caller
0x0603C344,FUN_0603C344,global-FUN,FUN_0603C338,add|mov,pending,MERGE,,,,,,,,,,,,,,,,,,altentry,0,0,,N,0,-,dispatch-target,zero-caller
0x0603C478,FUN_0603C478,global-FUN,FUN_0603C46C,add|mov,pending,MERGE,,,,,,,,,,,,,,,,,,altentry,0,0,,N,0,-,dispatch-target,zero-caller
0x0603C7A4,FUN_0603C7A4,global-FUN,FUN_0603C796,add|mov,pending,MERGE,,,,,,,,,,,,,,,,,,altentry,0,0,,N,0,-,dispatch-target,zero-caller
0x0603C970,FUN_0603C970,global-FUN,FUN_0603C96C,mov|mov,pending,KEEP,,,,,,,,,,,,,,,,,,altentry,0,2,-4:2,N,0,-,callsite-shifted-A,callsite-shifted
0x0603D704,FUN_0603D704,global-FUN,FUN_0603D6E4,add|mov,pending,MERGE,,,,,,,,,,,,,,,,,,altentry,0,0,,N,0,-,dispatch-target,zero-caller
0x0603E394,DAT_0603E394,PROVIDE-alias,,,pending,KEEP,,,,,,,,,,,,,,,,,,sibling-lost,2,0,,,,,,has-direct-caller
0x0603E788,FUN_0603E788,global-FUN,FUN_0603E774,mov|mov,pending,MERGE,,,,,,,,,,,,,,,,,,altentry,0,0,,N,0,-,dispatch-target,zero-caller
0x0603E928,FUN_0603E928,global-FUN,FUN_0603E914,mov|mov,pending,MERGE,,,,,,,,,,,,,,,,,,altentry,0,0,,N,0,-,dispatch-target,zero-caller
0x0603EA80,FUN_0603EA80,global-FUN,FUN_0603EA6C,mov|mov,pending,MERGE,,,,,,,,,,,,,,,,,,altentry,0,0,,N,0,-,dispatch-target,zero-caller
0x0603EDA6,FUN_0603EDA6,global-FUN,FUN_0603ED92,mov|mov,pending,MERGE,,,,,,,,,,,,,,,,,,altentry,0,0,,N,0,-,dispatch-target,zero-caller
0x0603F132,DAT_0603F132,PROVIDE-alias,,,pending,KEEP,,,,,,,,,,,,,,,,,,sibling-lost,2,0,,,,,,has-direct-caller
0x0603F33C,DAT_0603F33C,PROVIDE-alias,,,pending,KEEP,,,,,,,,,,,,,,,,,,sibling-lost,1,0,,,,,,has-direct-caller
0x0603F4BE,DAT_0603F4BE,PROVIDE-alias,,,pending,KEEP,,,,,,,,,,,,,,,,,,sibling-lost,4,0,,,,,,has-direct-caller
0x0603FA32,FUN_0603FA32,global-FUN,FUN_0603FA1E,mov|mov,pending,MERGE,,,,,,,,,,,,,,,,,,altentry,0,0,,N,0,-,dispatch-target,zero-caller
0x0603FBFE,FUN_0603FBFE,global-FUN,FUN_0603FBFC,sts,pending,KEEP,,,,,,,,,,,,,,,,,,altentry,0,1,-2:1,N,0,-,callsite-shifted-A,callsite-shifted
0x0603FCF4,FUN_0603FCF4,global-FUN,FUN_0603FCDE,mov|add,pending,KEEP,,,,,,,,,,,,,,,,,,altentry,1,0,,Y,3,-,,has-direct-caller
0x0603FD0C,FUN_0603FD0C,global-FUN,FUN_0603FCF4,mov|add,pending,MERGE,,,,,,,,,,,,,,,,,,altentry,0,0,,Y,2,-,callsite-shifted-B,zero-caller
0x0603FF92,FUN_0603FF92,global-FUN,FUN_0603FEE8,xtrct|sts,pending,MERGE,,,,,,,,,,,,,,,,,,altentry,0,0,,Y,24,Y,dispatch-target,zero-caller
0x06040020,FUN_06040020,global-FUN,FUN_0603FFD0,mov|mov,pending,KEEP,,,,,,,,,,,,,,,,,,altentry,4,6,-2:1;-4:2;-6:1;-8:1;-10:1,Y,5,-,,has-direct-caller
0x06040074,FUN_06040074,global-FUN,FUN_0604002C,mov|mov,pending,MERGE,,,,,,,,,,,,,,,,,,altentry,0,0,,Y,4,-,callsite-shifted-B,zero-caller
0x060400B6,FUN_060400B6,global-FUN,FUN_06040080,mov|mov,pending,MERGE,,,,,,,,,,,,,,,,,,altentry,0,0,,Y,4,-,callsite-shifted-B,zero-caller
0x060405CC,DAT_060405CC,PROVIDE-alias,,,pending,KEEP,,,,,,,,,,,,,,,,,,sibling-lost,1,0,,,,,,has-direct-caller
0x06040634,DAT_06040634,PROVIDE-alias,,,pending,KEEP,,,,,,,,,,,,,,,,,,unknown,2,0,,,,,,has-direct-caller
0x06040B50,DAT_06040B50,PROVIDE-alias,,,pending,KEEP,,,,,,,,,,,,,,,,,,data,1,2,-8:2,,,,,has-direct-caller
0x06040B60,DAT_06040B60,PROVIDE-alias,,,pending,KEEP,,,,,,,,,,,,,,,,,,sibling-lost,1,0,,,,,,has-direct-caller
0x06040B6C,DAT_06040B6C,PROVIDE-alias,,,pending,KEEP,,,,,,,,,,,,,,,,,,sibling-lost,1,0,,,,,,has-direct-caller
0x06040B7C,DAT_06040B7C,PROVIDE-alias,,,pending,KEEP,,,,,,,,,,,,,,,,,,sibling-lost,1,0,,,,,,has-direct-caller
0x06040DA8,DAT_06040DA8,PROVIDE-alias,,,pending,KEEP,,,,,,,,,,,,,,,,,,sibling-lost,1,0,,,,,,has-direct-caller
0x06040DEC,FUN_06040DEC,global-FUN,FUN_06040DCC,bt|tst,pending,MERGE,,,,,,,,,,,,,,,,,,altentry,0,0,,N,0,-,dispatch-target,zero-caller
0x06040E4C,FUN_06040E4C,global-FUN,FUN_06040E1C,mov|add,pending,MERGE,,,,,,,,,,,,,,,,,,altentry,0,0,,N,0,-,dispatch-target,zero-caller
0x06040EA0,FUN_06040EA0,global-FUN,FUN_06040E90,stc|mov,pending,MERGE,,,,,,,,,,,,,,,,,,altentry,0,0,,N,0,-,dispatch-target,zero-caller
0x060429D6,FUN_060429D6,global-FUN,FUN_060429CE,mov|mov,pending,KEEP,,,,,,,,,,,,,,,,,,altentry,0,1,-8:1,N,0,-,callsite-shifted-A,callsite-shifted
0x06042B7E,FUN_06042B7E,global-FUN,FUN_06042B74,mov|mov,pending,MERGE,,,,,,,,,,,,,,,,,,altentry,0,0,,N,0,-,dispatch-target,zero-caller
0x06042C70,FUN_06042C70,global-FUN,FUN_06042C64,mov|mov,pending,MERGE,,,,,,,,,,,,,,,,,,altentry,0,0,,N,0,-,dispatch-target,zero-caller
0x06043588,DAT_06043588,PROVIDE-alias,,,pending,KEEP,,,,,,,,,,,,,,,,,,unknown,1,0,,,,,,has-direct-caller
0x06043A64,DAT_06043A64,PROVIDE-alias,,,pending,KEEP,,,,,,,,,,,,,,,,,,data,1,0,,,,,,has-direct-caller
0x06043A74,DAT_06043A74,PROVIDE-alias,,,pending,KEEP,,,,,,,,,,,,,,,,,,data,1,0,,,,,,has-direct-caller
0x06043A84,DAT_06043A84,PROVIDE-alias,,,pending,KEEP,,,,,,,,,,,,,,,,,,data,1,0,,,,,,has-direct-caller
0x06043A94,DAT_06043A94,PROVIDE-alias,,,pending,KEEP,,,,,,,,,,,,,,,,,,data,1,0,,,,,,has-direct-caller
0x06043AA4,DAT_06043AA4,PROVIDE-alias,,,pending,KEEP,,,,,,,,,,,,,,,,,,data,1,0,,,,,,has-direct-caller
0x06043AB4,DAT_06043AB4,PROVIDE-alias,,,pending,KEEP,,,,,,,,,,,,,,,,,,data,1,0,,,,,,has-direct-caller
0x06043AC4,DAT_06043AC4,PROVIDE-alias,,,pending,KEEP,,,,,,,,,,,,,,,,,,data,1,0,,,,,,has-direct-caller
0x06043AD4,DAT_06043AD4,PROVIDE-alias,,,pending,KEEP,,,,,,,,,,,,,,,,,,data,1,0,,,,,,has-direct-caller
0x06043AE4,DAT_06043AE4,PROVIDE-alias,,,pending,KEEP,,,,,,,,,,,,,,,,,,data,1,0,,,,,,has-direct-caller
0x06043AF4,DAT_06043AF4,PROVIDE-alias,,,pending,KEEP,,,,,,,,,,,,,,,,,,data,1,0,,,,,,has-direct-caller
0x06043B88,DAT_06043B88,PROVIDE-alias,,,pending,KEEP,,,,,,,,,,,,,,,,,,data,1,0,,,,,,has-direct-caller
0x06043B8E,DAT_06043B8E,PROVIDE-alias,,,pending,KEEP,,,,,,,,,,,,,,,,,,data,2,0,,,,,,has-direct-caller
0x06044060,FUN_06044060,global-FUN,FUN_06043F24,extu|mov,pending,KEEP,,,,,,,,,,,,,,,,,,altentry,1,0,,N,0,-,,has-direct-caller
0x06044660,DAT_06044660,PROVIDE-alias,,,pending,KEEP,,,,,,,,,,,,,,,,,,sibling-lost,1,0,,,,,,has-direct-caller
0x0604469E,DAT_0604469E,PROVIDE-alias,,,pending,KEEP,,,,,,,,,,,,,,,,,,sibling-lost,1,0,,,,,,has-direct-caller
0x06044ADA,FUN_06044ADA,global-FUN,FUN_06044A9A,add|mov,pending,MERGE,,,,,,,,,,,,,,,,,,altentry,0,0,,N,0,-,dispatch-target,zero-caller
0x06044DF0,DAT_06044DF0,PROVIDE-alias,,,pending,KEEP,,,,,,,,,,,,,,,,,,sibling-lost,3,0,,,,,,has-direct-caller
0x06044F14,DAT_06044F14,PROVIDE-alias,,,pending,KEEP,,,,,,,,,,,,,,,,,,sibling-lost,1,0,,,,,,has-direct-caller
0x06045006,FUN_06045006,global-FUN,FUN_06044E3C,sts|dmuls,pending,KEEP,,,,,,,,,,,,,,,,,,altentry,18,0,,Y,3,-,,has-direct-caller
0x0604507E,FUN_0604507E,global-FUN,FUN_06045020,sts|dmuls,pending,KEEP,,,,,,,,,,,,,,,,,,altentry,29,0,,Y,3,-,,has-direct-caller
0x060450F2,FUN_060450F2,global-FUN,FUN_06045098,sts|dmuls,pending,KEEP,,,,,,,,,,,,,,,,,,altentry,20,0,,Y,3,-,,has-direct-caller
0x06045154,DAT_06045154,PROVIDE-alias,,,pending,KEEP,,,,,,,,,,,,,,,,,,sibling-lost,1,0,,,,,,has-direct-caller
0x060451BE,FUN_060451BE,global-FUN,FUN_060451BC,mov,pending,KEEP,,,,,,,,,,,,,,,,,,altentry,1,1,-2:1,N,0,-,,has-direct-caller
0x060451FA,FUN_060451FA,global-FUN,FUN_060451BE,mov|nop,pending,MERGE,,,,,,,,,,,,,,,,,,altentry,0,0,,Y,1,-,callsite-shifted-B,zero-caller
0x0604521A,FUN_0604521A,global-FUN,FUN_060451FA,mov|lds,pending,MERGE,,,,,,,,,,,,,,,,,,altentry,0,0,,Y,1,-,callsite-shifted-B,zero-caller
0x0604523A,FUN_0604523A,global-FUN,FUN_0604521A,mov|lds,pending,MERGE,,,,,,,,,,,,,,,,,,altentry,0,0,,Y,1,-,callsite-shifted-B,zero-caller
0x060453EC,DAT_060453EC,PROVIDE-alias,,,pending,KEEP,,,,,,,,,,,,,,,,,,data,2,0,,,,,,has-direct-caller
0x060454AC,DAT_060454AC,PROVIDE-alias,,,pending,KEEP,,,,,,,,,,,,,,,,,,data,2,0,,,,,,has-direct-caller
0x060457A8,DAT_060457A8,PROVIDE-alias,,,pending,KEEP,,,,,,,,,,,,,,,,,,unknown,4,0,,,,,,has-direct-caller
0x060457DC,DAT_060457DC,PROVIDE-alias,,,pending,KEEP,,,,,,,,,,,,,,,,,,unknown,26,0,,,,,,has-direct-caller
0x06045858,FUN_06045858,global-FUN,FUN_060457E4,stc|nop,pending,MERGE,,,,,,,,,,,,,,,,,,altentry,0,0,,Y,1,-,callsite-shifted-B,zero-caller
0x0604585C,FUN_0604585C,global-FUN,FUN_06045858,bsr|sts,pending,MERGE,,,,,,,,,,,,,,,,,,altentry,0,0,,N,0,-,dispatch-target,zero-caller
0x060458DA,FUN_060458DA,global-FUN,FUN_0604585C,stc|nop,pending,MERGE,,,,,,,,,,,,,,,,,,altentry,0,0,,Y,1,-,callsite-shifted-B,zero-caller
0x060458DE,FUN_060458DE,global-FUN,FUN_060458DA,bsr|sts,pending,MERGE,,,,,,,,,,,,,,,,,,altentry,0,0,,N,0,-,dispatch-target,zero-caller
0x06045958,DAT_06045958,PROVIDE-alias,,,pending,KEEP,,,,,,,,,,,,,,,,,,unknown,16,0,,,,,,has-direct-caller
0x0604669E,FUN_0604669E,global-FUN,FUN_0604660A,stc|nop,pending,MERGE,,,,,,,,,,,,,,,,,,altentry,0,0,,Y,1,-,callsite-shifted-B,zero-caller
0x060466A0,FUN_060466A0,global-FUN,FUN_0604669E,sts,pending,MERGE,,,,,,,,,,,,,,,,,,altentry,0,0,,N,0,-,dispatch-target,zero-caller
0x060467B0,DAT_060467B0,PROVIDE-alias,,,pending,KEEP,,,,,,,,,,,,,,,,,,unknown,1,0,,,,,,has-direct-caller
0x060467B2,FUN_060467B2,global-FUN,FUN_0604674E,stc|nop,pending,KEEP,,,,,,,,,,,,,,,,,,altentry,0,1,-2:1,Y,1,-,callsite-shifted-A,callsite-shifted
0x060467B4,FUN_060467B4,global-FUN,FUN_060467B2,sts,pending,KEEP,,,,,,,,,,,,,,,,,,altentry,0,1,-4:1,N,0,-,callsite-shifted-A,callsite-shifted
0x0604680E,DAT_0604680E,PROVIDE-alias,,,pending,KEEP,,,,,,,,,,,,,,,,,,altentry,1,1,-2:1,,,,,has-direct-caller
0x060468AE,FUN_060468AE,global-FUN,FUN_0604680C,stc|nop,pending,MERGE,,,,,,,,,,,,,,,,,,altentry,0,0,,Y,1,-,callsite-shifted-B,zero-caller
0x060468B0,FUN_060468B0,global-FUN,FUN_060468AE,sts,pending,MERGE,,,,,,,,,,,,,,,,,,altentry,0,0,,N,0,-,dispatch-target,zero-caller
0x06046A20,FUN_06046A20,global-FUN,FUN_06046990,mov|nop,pending,KEEP,,,,,,,,,,,,,,,,,,altentry,1,0,,Y,1,-,,has-direct-caller
0x060479FC,DAT_060479FC,PROVIDE-alias,,,pending,KEEP,,,,,,,,,,,,,,,,,,data,1,0,,,,,,has-direct-caller
0x06047A6C,DAT_06047A6C,PROVIDE-alias,,,pending,KEEP,,,,,,,,,,,,,,,,,,data,1,0,,,,,,has-direct-caller
0x06047A78,DAT_06047A78,PROVIDE-alias,,,pending,KEEP,,,,,,,,,,,,,,,,,,data,1,0,,,,,,has-direct-caller
0x06047C64,DAT_06047C64,PROVIDE-alias,,,pending,KEEP,,,,,,,,,,,,,,,,,,sibling-lost,1,0,,,,,,has-direct-caller
0x06047C68,DAT_06047C68,PROVIDE-alias,,,pending,KEEP,,,,,,,,,,,,,,,,,,sibling-lost,1,1,-4:1,,,,,has-direct-caller
0x06047D50,DAT_06047D50,PROVIDE-alias,,,pending,KEEP,,,,,,,,,,,,,,,,,,sibling-lost,1,0,,,,,,has-direct-caller
0x06047EA8,FUN_06047EA8,global-FUN,FUN_06047E0C,bt|tst,pending,MERGE,,,,,,,,,,,,,,,,,,altentry,0,0,,Y,6,-,callsite-shifted-B,zero-caller
0x06048010,DAT_06048010,PROVIDE-alias,,,pending,KEEP,,,,,,,,,,,,,,,,,,sibling-lost,1,0,,,,,,has-direct-caller
0x06048248,DAT_06048248,PROVIDE-alias,,,pending,KEEP,,,,,,,,,,,,,,,,,,sibling-lost,1,0,,,,,,has-direct-caller
0x06048254,DAT_06048254,PROVIDE-alias,,,pending,KEEP,,,,,,,,,,,,,,,,,,sibling-lost,1,0,,,,,,has-direct-caller
0x0604833C,DAT_0604833C,PROVIDE-alias,,,pending,KEEP,,,,,,,,,,,,,,,,,,data,7,0,,,,,,has-direct-caller
0x0604833E,DAT_0604833E,PROVIDE-alias,,,pending,KEEP,,,,,,,,,,,,,,,,,,data,1,7,-2:7,,,,,has-direct-caller
0x0604C33C,DAT_0604C33C,PROVIDE-alias,,,pending,KEEP,,,,,,,,,,,,,,,,,,data,1,0,,,,,,has-direct-caller
0x0604C740,DAT_0604C740,PROVIDE-alias,,,pending,KEEP,,,,,,,,,,,,,,,,,,data,1,0,,,,,,has-direct-caller
0x0604C76C,FUN_0604C76C,global-FUN,FUN_060482A8,mov|mov,pending,KEEP-FLAG,,,,,,,,,,,,,,,,,,altentry,0,0,,N,0,-,head,zero-caller
0x0604C96A,DAT_0604C96A,PROVIDE-alias,,,pending,KEEP,,,,,,,,,,,,,,,,,,sibling-lost,1,0,,,,,,has-direct-caller
0x0604C96E,DAT_0604C96E,PROVIDE-alias,,,pending,KEEP,,,,,,,,,,,,,,,,,,sibling-lost,1,1,-4:1,,,,,has-direct-caller
0x0604C972,DAT_0604C972,PROVIDE-alias,,,pending,KEEP,,,,,,,,,,,,,,,,,,sibling-lost,1,2,-4:1;-8:1,,,,,has-direct-caller
0x0604C976,DAT_0604C976,PROVIDE-alias,,,pending,KEEP,,,,,,,,,,,,,,,,,,sibling-lost,1,2,-4:1;-8:1,,,,,has-direct-caller
0x0604C97A,DAT_0604C97A,PROVIDE-alias,,,pending,KEEP,,,,,,,,,,,,,,,,,,sibling-lost,1,2,-4:1;-8:1,,,,,has-direct-caller
0x0604C97E,DAT_0604C97E,PROVIDE-alias,,,pending,KEEP,,,,,,,,,,,,,,,,,,sibling-lost,1,2,-4:1;-8:1,,,,,has-direct-caller
0x0604C982,DAT_0604C982,PROVIDE-alias,,,pending,KEEP,,,,,,,,,,,,,,,,,,sibling-lost,1,2,-4:1;-8:1,,,,,has-direct-caller
0x0604C986,DAT_0604C986,PROVIDE-alias,,,pending,KEEP,,,,,,,,,,,,,,,,,,sibling-lost,1,2,-4:1;-8:1,,,,,has-direct-caller
0x0604C98A,DAT_0604C98A,PROVIDE-alias,,,pending,KEEP,,,,,,,,,,,,,,,,,,sibling-lost,1,2,-4:1;-8:1,,,,,has-direct-caller
0x0604C98E,DAT_0604C98E,PROVIDE-alias,,,pending,KEEP,,,,,,,,,,,,,,,,,,sibling-lost,1,2,-4:1;-8:1,,,,,has-direct-caller
0x0604C992,DAT_0604C992,PROVIDE-alias,,,pending,KEEP,,,,,,,,,,,,,,,,,,sibling-lost,1,2,-4:1;-8:1,,,,,has-direct-caller
0x0604C996,DAT_0604C996,PROVIDE-alias,,,pending,KEEP,,,,,,,,,,,,,,,,,,sibling-lost,1,2,-4:1;-8:1,,,,,has-direct-caller
0x0604C99A,DAT_0604C99A,PROVIDE-alias,,,pending,KEEP,,,,,,,,,,,,,,,,,,sibling-lost,1,2,-4:1;-8:1,,,,,has-direct-caller
0x0604C99E,DAT_0604C99E,PROVIDE-alias,,,pending,KEEP,,,,,,,,,,,,,,,,,,sibling-lost,1,2,-4:1;-8:1,,,,,has-direct-caller
0x0604C9A2,DAT_0604C9A2,PROVIDE-alias,,,pending,KEEP,,,,,,,,,,,,,,,,,,sibling-lost,1,2,-4:1;-8:1,,,,,has-direct-caller
0x0604C9A6,DAT_0604C9A6,PROVIDE-alias,,,pending,KEEP,,,,,,,,,,,,,,,,,,sibling-lost,1,2,-4:1;-8:1,,,,,has-direct-caller
0x0604C9AA,DAT_0604C9AA,PROVIDE-alias,,,pending,KEEP,,,,,,,,,,,,,,,,,,sibling-lost,1,2,-4:1;-8:1,,,,,has-direct-caller
0x0604C9B0,DAT_0604C9B0,PROVIDE-alias,,,pending,KEEP,,,,,,,,,,,,,,,,,,data,1,0,,,,,,has-direct-caller
0x0604CA34,DAT_0604CA34,PROVIDE-alias,,,pending,KEEP,,,,,,,,,,,,,,,,,,sibling-lost,4,0,,,,,,has-direct-caller
0x0604CA5E,DAT_0604CA5E,PROVIDE-alias,,,pending,KEEP,,,,,,,,,,,,,,,,,,sibling-lost,1,0,,,,,,has-direct-caller
0x0604CBA4,DAT_0604CBA4,PROVIDE-alias,,,pending,KEEP,,,,,,,,,,,,,,,,,,sibling-lost,1,0,,,,,,has-direct-caller
0x0604D0F4,FUN_0604D0F4,global-FUN,FUN_0604D042,add|rotcr,pending,KEEP,,,,,,,,,,,,,,,,,,altentry,2,0,,N,0,Y,,has-direct-caller
0x0604D158,DAT_0604D158,PROVIDE-alias,,,pending,KEEP,,,,,,,,,,,,,,,,,,data,1,0,,,,,,has-direct-caller
0x0604D16C,DAT_0604D16C,PROVIDE-alias,,,pending,KEEP,,,,,,,,,,,,,,,,,,data,1,0,,,,,,has-direct-caller
0x0604D174,DAT_0604D174,PROVIDE-alias,,,pending,KEEP,,,,,,,,,,,,,,,,,,data,1,1,-8:1,,,,,has-direct-caller
0x0604D180,DAT_0604D180,PROVIDE-alias,,,pending,KEEP,,,,,,,,,,,,,,,,,,data,1,0,,,,,,has-direct-caller
0x0604D190,DAT_0604D190,PROVIDE-alias,,,pending,KEEP,,,,,,,,,,,,,,,,,,data,1,0,,,,,,has-direct-caller
0x0604D1CC,DAT_0604D1CC,PROVIDE-alias,,,pending,KEEP,,,,,,,,,,,,,,,,,,data,2,0,,,,,,has-direct-caller
0x0604D204,DAT_0604D204,PROVIDE-alias,,,pending,KEEP,,,,,,,,,,,,,,,,,,data,1,0,,,,,,has-direct-caller
0x0604D220,DAT_0604D220,PROVIDE-alias,,,pending,KEEP,,,,,,,,,,,,,,,,,,data,1,0,,,,,,has-direct-caller
0x0604D22E,DAT_0604D22E,PROVIDE-alias,,,pending,KEEP,,,,,,,,,,,,,,,,,,data,1,0,,,,,,has-direct-caller
0x0604D23C,DAT_0604D23C,PROVIDE-alias,,,pending,KEEP,,,,,,,,,,,,,,,,,,data,1,0,,,,,,has-direct-caller
0x0604D24A,DAT_0604D24A,PROVIDE-alias,,,pending,KEEP,,,,,,,,,,,,,,,,,,data,1,0,,,,,,has-direct-caller
0x0604D258,DAT_0604D258,PROVIDE-alias,,,pending,KEEP,,,,,,,,,,,,,,,,,,data,1,0,,,,,,has-direct-caller
0x0604D268,DAT_0604D268,PROVIDE-alias,,,pending,KEEP,,,,,,,,,,,,,,,,,,data,1,0,,,,,,has-direct-caller
0x0604D2A0,DAT_0604D2A0,PROVIDE-alias,,,pending,KEEP,,,,,,,,,,,,,,,,,,data,1,0,,,,,,has-direct-caller
0x0604D310,DAT_0604D310,PROVIDE-alias,,,pending,KEEP,,,,,,,,,,,,,,,,,,data,1,0,,,,,,has-direct-caller
0x0604D780,DAT_0604D780,PROVIDE-alias,,,pending,KEEP,,,,,,,,,,,,,,,,,,data,2,0,,,,,,has-direct-caller
0x0604DA40,FUN_0604DA40,global-FUN,FUN_0604D94C,mov|bt,pending,KEEP,,,,,,,,,,,,,,,,,,altentry,1,0,,N,0,Y,,has-direct-caller
0x0604DA60,FUN_0604DA60,global-FUN,FUN_0604DA40,shll|shll2,pending,KEEP,,,,,,,,,,,,,,,,,,altentry,1,0,,N,0,-,,has-direct-caller
0x0604DAB8,DAT_0604DAB8,PROVIDE-alias,,,pending,KEEP,,,,,,,,,,,,,,,,,,data,2,0,,,,,,has-direct-caller
0x0604DEFE,FUN_0604DEFE,global-FUN,FUN_0604DEB0,mov|mov,pending,KEEP,,,,,,,,,,,,,,,,,,altentry,0,1,-18:1,Y,9,-,callsite-shifted-A,callsite-shifted
0x0604DF02,FUN_0604DF02,global-FUN,FUN_0604DEFE,mov|mov,pending,MERGE,,,,,,,,,,,,,,,,,,altentry,0,0,,N,0,-,dispatch-target,zero-caller
0x0604DF12,FUN_0604DF12,global-FUN,FUN_0604DF02,mov|bt,pending,KEEP,,,,,,,,,,,,,,,,,,altentry,1,0,,N,0,-,,has-direct-caller
0x0604DF58,FUN_0604DF58,global-FUN,FUN_0604DF12,mov|add,pending,KEEP,,,,,,,,,,,,,,,,,,altentry,1,0,,Y,11,-,,has-direct-caller
0x0604E040,FUN_0604E040,global-FUN,FUN_0604DF58,mov|mov,pending,MERGE,,,,,,,,,,,,,,,,,,altentry,0,0,,N,0,Y,dispatch-target,zero-caller
0x0604E078,FUN_0604E078,global-FUN,FUN_0604E040,mov|add,pending,KEEP,,,,,,,,,,,,,,,,,,altentry,1,0,,N,0,-,,has-direct-caller
0x0604E09A,FUN_0604E09A,global-FUN,FUN_0604E078,mov|mov,pending,MERGE,,,,,,,,,,,,,,,,,,altentry,0,0,,N,0,-,dispatch-target,zero-caller
0x0604E0BC,FUN_0604E0BC,global-FUN,FUN_0604E09A,mov|mov,pending,MERGE,,,,,,,,,,,,,,,,,,altentry,0,0,,N,0,-,dispatch-target,zero-caller
0x0604E0F6,FUN_0604E0F6,global-FUN,FUN_0604E0BC,mov|mov,pending,MERGE,,,,,,,,,,,,,,,,,,altentry,0,0,,N,0,-,dispatch-target,zero-caller
0x0604E138,DAT_0604E138,PROVIDE-alias,,,pending,KEEP,,,,,,,,,,,,,,,,,,data,2,0,,,,,,has-direct-caller
0x0604E144,DAT_0604E144,PROVIDE-alias,,,pending,KEEP,,,,,,,,,,,,,,,,,,data,1,0,,,,,,has-direct-caller
0x0604E1C4,DAT_0604E1C4,PROVIDE-alias,,,pending,KEEP,,,,,,,,,,,,,,,,,,data,1,0,,,,,,has-direct-caller
0x0604E1DC,DAT_0604E1DC,PROVIDE-alias,,,pending,KEEP,,,,,,,,,,,,,,,,,,data,2,0,,,,,,has-direct-caller
0x0604E1F0,DAT_0604E1F0,PROVIDE-alias,,,pending,KEEP,,,,,,,,,,,,,,,,,,data,1,0,,,,,,has-direct-caller
0x0604E200,DAT_0604E200,PROVIDE-alias,,,pending,KEEP,,,,,,,,,,,,,,,,,,data,1,0,,,,,,has-direct-caller
0x0604E210,DAT_0604E210,PROVIDE-alias,,,pending,KEEP,,,,,,,,,,,,,,,,,,data,1,0,,,,,,has-direct-caller
0x0604E220,DAT_0604E220,PROVIDE-alias,,,pending,KEEP,,,,,,,,,,,,,,,,,,data,1,0,,,,,,has-direct-caller
0x0604E230,DAT_0604E230,PROVIDE-alias,,,pending,KEEP,,,,,,,,,,,,,,,,,,data,1,0,,,,,,has-direct-caller
0x0604E240,DAT_0604E240,PROVIDE-alias,,,pending,KEEP,,,,,,,,,,,,,,,,,,data,1,0,,,,,,has-direct-caller
0x0604E2A0,DAT_0604E2A0,PROVIDE-alias,,,pending,KEEP,,,,,,,,,,,,,,,,,,data,1,0,,,,,,has-direct-caller
0x0604E340,DAT_0604E340,PROVIDE-alias,,,pending,KEEP,,,,,,,,,,,,,,,,,,data,1,0,,,,,,has-direct-caller
0x0604E3D8,DAT_0604E3D8,PROVIDE-alias,,,pending,KEEP,,,,,,,,,,,,,,,,,,data,1,0,,,,,,has-direct-caller
0x0604E4E8,DAT_0604E4E8,PROVIDE-alias,,,pending,KEEP,,,,,,,,,,,,,,,,,,data,1,0,,,,,,has-direct-caller
0x0604E630,DAT_0604E630,PROVIDE-alias,,,pending,KEEP,,,,,,,,,,,,,,,,,,data,1,0,,,,,,has-direct-caller
0x0604E8A0,DAT_0604E8A0,PROVIDE-alias,,,pending,KEEP,,,,,,,,,,,,,,,,,,data,1,0,,,,,,has-direct-caller
0x0604E930,DAT_0604E930,PROVIDE-alias,,,pending,KEEP,,,,,,,,,,,,,,,,,,data,1,0,,,,,,has-direct-caller
0x0604EA30,DAT_0604EA30,PROVIDE-alias,,,pending,KEEP,,,,,,,,,,,,,,,,,,data,1,0,,,,,,has-direct-caller
0x0604EAE8,DAT_0604EAE8,PROVIDE-alias,,,pending,KEEP,,,,,,,,,,,,,,,,,,data,1,0,,,,,,has-direct-caller
0x0604EC38,DAT_0604EC38,PROVIDE-alias,,,pending,KEEP,,,,,,,,,,,,,,,,,,data,1,0,,,,,,has-direct-caller
0x0604EC4C,DAT_0604EC4C,PROVIDE-alias,,,pending,KEEP,,,,,,,,,,,,,,,,,,data,1,0,,,,,,has-direct-caller
0x0604EC50,DAT_0604EC50,PROVIDE-alias,,,pending,KEEP,,,,,,,,,,,,,,,,,,data,1,1,-4:1,,,,,has-direct-caller
0x0604EC54,DAT_0604EC54,PROVIDE-alias,,,pending,KEEP,,,,,,,,,,,,,,,,,,data,1,2,-4:1;-8:1,,,,,has-direct-caller
0x0604EC56,DAT_0604EC56,PROVIDE-alias,,,pending,KEEP,,,,,,,,,,,,,,,,,,data,1,2,-2:1;-6:1,,,,,has-direct-caller
0x0604EC5F,DAT_0604EC5F,PROVIDE-alias,,,pending,KEEP,,,,,,,,,,,,,,,,,,data,1,0,,,,,,has-direct-caller
0x0604EC61,DAT_0604EC61,PROVIDE-alias,,,pending,KEEP,,,,,,,,,,,,,,,,,,data,1,1,-2:1,,,,,has-direct-caller
0x0604EC6C,DAT_0604EC6C,PROVIDE-alias,,,pending,KEEP,,,,,,,,,,,,,,,,,,data,1,0,,,,,,has-direct-caller
0x0604EC70,DAT_0604EC70,PROVIDE-alias,,,pending,KEEP,,,,,,,,,,,,,,,,,,data,1,1,-4:1,,,,,has-direct-caller
0x0604EC94,DAT_0604EC94,PROVIDE-alias,,,pending,KEEP,,,,,,,,,,,,,,,,,,data,1,0,,,,,,has-direct-caller
0x0604ECA0,DAT_0604ECA0,PROVIDE-alias,,,pending,KEEP,,,,,,,,,,,,,,,,,,data,1,0,,,,,,has-direct-caller
0x0604ECAD,DAT_0604ECAD,PROVIDE-alias,,,pending,KEEP,,,,,,,,,,,,,,,,,,data,1,0,,,,,,has-direct-caller
0x0604ECBA,DAT_0604ECBA,PROVIDE-alias,,,pending,KEEP,,,,,,,,,,,,,,,,,,data,1,0,,,,,,has-direct-caller
0x0604ECC8,DAT_0604ECC8,PROVIDE-alias,,,pending,KEEP,,,,,,,,,,,,,,,,,,data,1,0,,,,,,has-direct-caller
0x0604ECE0,DAT_0604ECE0,PROVIDE-alias,,,pending,KEEP,,,,,,,,,,,,,,,,,,data,1,0,,,,,,has-direct-caller
0x0604ECEA,DAT_0604ECEA,PROVIDE-alias,,,pending,KEEP,,,,,,,,,,,,,,,,,,data,1,0,,,,,,has-direct-caller
0x0604ECF0,DAT_0604ECF0,PROVIDE-alias,,,pending,KEEP,,,,,,,,,,,,,,,,,,data,1,1,-6:1,,,,,has-direct-caller
0x0604ECFC,DAT_0604ECFC,PROVIDE-alias,,,pending,KEEP,,,,,,,,,,,,,,,,,,data,1,0,,,,,,has-direct-caller
0x0604ED08,DAT_0604ED08,PROVIDE-alias,,,pending,KEEP,,,,,,,,,,,,,,,,,,data,1,0,,,,,,has-direct-caller
0x0604ED14,DAT_0604ED14,PROVIDE-alias,,,pending,KEEP,,,,,,,,,,,,,,,,,,data,1,0,,,,,,has-direct-caller
0x0604ED20,DAT_0604ED20,PROVIDE-alias,,,pending,KEEP,,,,,,,,,,,,,,,,,,data,2,0,,,,,,has-direct-caller
0x0604ED34,DAT_0604ED34,PROVIDE-alias,,,pending,KEEP,,,,,,,,,,,,,,,,,,data,1,0,,,,,,has-direct-caller
0x0604ED5C,DAT_0604ED5C,PROVIDE-alias,,,pending,KEEP,,,,,,,,,,,,,,,,,,data,1,0,,,,,,has-direct-caller
0x0604ED62,DAT_0604ED62,PROVIDE-alias,,,pending,KEEP,,,,,,,,,,,,,,,,,,data,1,1,-6:1,,,,,has-direct-caller
0x0604ED6C,DAT_0604ED6C,PROVIDE-alias,,,pending,KEEP,,,,,,,,,,,,,,,,,,data,1,0,,,,,,has-direct-caller
0x0604ED78,DAT_0604ED78,PROVIDE-alias,,,pending,KEEP,,,,,,,,,,,,,,,,,,data,1,0,,,,,,has-direct-caller
0x0604EDC8,DAT_0604EDC8,PROVIDE-alias,,,pending,KEEP,,,,,,,,,,,,,,,,,,data,2,0,,,,,,has-direct-caller
0x0604EDE0,DAT_0604EDE0,PROVIDE-alias,,,pending,KEEP,,,,,,,,,,,,,,,,,,data,1,0,,,,,,has-direct-caller
0x0604EE28,DAT_0604EE28,PROVIDE-alias,,,pending,KEEP,,,,,,,,,,,,,,,,,,data,1,0,,,,,,has-direct-caller
0x0604EE58,DAT_0604EE58,PROVIDE-alias,,,pending,KEEP,,,,,,,,,,,,,,,,,,data,1,0,,,,,,has-direct-caller
0x0604EE78,DAT_0604EE78,PROVIDE-alias,,,pending,KEEP,,,,,,,,,,,,,,,,,,data,1,0,,,,,,has-direct-caller
0x0604EEC0,DAT_0604EEC0,PROVIDE-alias,,,pending,KEEP,,,,,,,,,,,,,,,,,,data,1,0,,,,,,has-direct-caller
0x0604EF08,DAT_0604EF08,PROVIDE-alias,,,pending,KEEP,,,,,,,,,,,,,,,,,,data,6,0,,,,,,has-direct-caller
0x0604EF2B,DAT_0604EF2B,PROVIDE-alias,,,pending,KEEP,,,,,,,,,,,,,,,,,,data,1,0,,,,,,has-direct-caller
0x0604EF4E,DAT_0604EF4E,PROVIDE-alias,,,pending,KEEP,,,,,,,,,,,,,,,,,,data,1,0,,,,,,has-direct-caller
0x0604EFA8,DAT_0604EFA8,PROVIDE-alias,,,pending,KEEP,,,,,,,,,,,,,,,,,,data,1,0,,,,,,has-direct-caller
0x0604EFAD,DAT_0604EFAD,PROVIDE-alias,,,pending,KEEP,,,,,,,,,,,,,,,,,,data,1,0,,,,,,has-direct-caller
0x0604EFB2,DAT_0604EFB2,PROVIDE-alias,,,pending,KEEP,,,,,,,,,,,,,,,,,,data,2,0,,,,,,has-direct-caller
0x0604EFF0,DAT_0604EFF0,PROVIDE-alias,,,pending,KEEP,,,,,,,,,,,,,,,,,,data,1,0,,,,,,has-direct-caller
0x0604EFFA,DAT_0604EFFA,PROVIDE-alias,,,pending,KEEP,,,,,,,,,,,,,,,,,,data,1,0,,,,,,has-direct-caller
0x0604F000,DAT_0604F000,PROVIDE-alias,,,pending,KEEP,,,,,,,,,,,,,,,,,,data,1,1,-6:1,,,,,has-direct-caller
0x0604F028,DAT_0604F028,PROVIDE-alias,,,pending,KEEP,,,,,,,,,,,,,,,,,,data,1,0,,,,,,has-direct-caller
0x0604F050,DAT_0604F050,PROVIDE-alias,,,pending,KEEP,,,,,,,,,,,,,,,,,,data,1,0,,,,,,has-direct-caller
0x0604F078,DAT_0604F078,PROVIDE-alias,,,pending,KEEP,,,,,,,,,,,,,,,,,,data,1,0,,,,,,has-direct-caller
0x0604F0A0,DAT_0604F0A0,PROVIDE-alias,,,pending,KEEP,,,,,,,,,,,,,,,,,,data,3,0,,,,,,has-direct-caller
0x0604F0C0,DAT_0604F0C0,PROVIDE-alias,,,pending,KEEP,,,,,,,,,,,,,,,,,,data,1,0,,,,,,has-direct-caller
0x0604F0D0,DAT_0604F0D0,PROVIDE-alias,,,pending,KEEP,,,,,,,,,,,,,,,,,,data,3,0,,,,,,has-direct-caller
0x0604F0D8,DAT_0604F0D8,PROVIDE-alias,,,pending,KEEP,,,,,,,,,,,,,,,,,,data,1,3,-8:3,,,,,has-direct-caller
0x0604F128,DAT_0604F128,PROVIDE-alias,,,pending,KEEP,,,,,,,,,,,,,,,,,,data,1,0,,,,,,has-direct-caller
0x0604F12C,DAT_0604F12C,PROVIDE-alias,,,pending,KEEP,,,,,,,,,,,,,,,,,,data,1,1,-4:1,,,,,has-direct-caller
0x0604F164,DAT_0604F164,PROVIDE-alias,,,pending,KEEP,,,,,,,,,,,,,,,,,,data,1,0,,,,,,has-direct-caller
0x0604F168,DAT_0604F168,PROVIDE-alias,,,pending,KEEP,,,,,,,,,,,,,,,,,,data,1,1,-4:1,,,,,has-direct-caller
0x0604F180,DAT_0604F180,PROVIDE-alias,,,pending,KEEP,,,,,,,,,,,,,,,,,,data,1,0,,,,,,has-direct-caller
0x0604F184,DAT_0604F184,PROVIDE-alias,,,pending,KEEP,,,,,,,,,,,,,,,,,,data,1,1,-4:1,,,,,has-direct-caller
0x0604F1C4,DAT_0604F1C4,PROVIDE-alias,,,pending,KEEP,,,,,,,,,,,,,,,,,,data,1,0,,,,,,has-direct-caller
0x0604F1C8,DAT_0604F1C8,PROVIDE-alias,,,pending,KEEP,,,,,,,,,,,,,,,,,,data,1,1,-4:1,,,,,has-direct-caller
0x0604F1E0,DAT_0604F1E0,PROVIDE-alias,,,pending,KEEP,,,,,,,,,,,,,,,,,,data,1,0,,,,,,has-direct-caller
0x0604F1E4,DAT_0604F1E4,PROVIDE-alias,,,pending,KEEP,,,,,,,,,,,,,,,,,,data,1,1,-4:1,,,,,has-direct-caller
0x0604F214,DAT_0604F214,PROVIDE-alias,,,pending,KEEP,,,,,,,,,,,,,,,,,,data,1,0,,,,,,has-direct-caller
0x0604F218,DAT_0604F218,PROVIDE-alias,,,pending,KEEP,,,,,,,,,,,,,,,,,,data,1,1,-4:1,,,,,has-direct-caller
0x0604F238,DAT_0604F238,PROVIDE-alias,,,pending,KEEP,,,,,,,,,,,,,,,,,,data,1,0,,,,,,has-direct-caller
0x0604F23C,DAT_0604F23C,PROVIDE-alias,,,pending,KEEP,,,,,,,,,,,,,,,,,,data,1,1,-4:1,,,,,has-direct-caller
0x0604F2AC,DAT_0604F2AC,PROVIDE-alias,,,pending,KEEP,,,,,,,,,,,,,,,,,,data,1,0,,,,,,has-direct-caller
0x0604F2AE,DAT_0604F2AE,PROVIDE-alias,,,pending,KEEP,,,,,,,,,,,,,,,,,,data,1,1,-2:1,,,,,has-direct-caller
0x0604F2B0,DAT_0604F2B0,PROVIDE-alias,,,pending,KEEP,,,,,,,,,,,,,,,,,,data,1,2,-2:1;-4:1,,,,,has-direct-caller
0x0604F2D0,DAT_0604F2D0,PROVIDE-alias,,,pending,KEEP,,,,,,,,,,,,,,,,,,data,1,0,,,,,,has-direct-caller
0x0604F2D4,DAT_0604F2D4,PROVIDE-alias,,,pending,KEEP,,,,,,,,,,,,,,,,,,data,1,1,-4:1,,,,,has-direct-caller
0x0604F344,DAT_0604F344,PROVIDE-alias,,,pending,KEEP,,,,,,,,,,,,,,,,,,data,1,0,,,,,,has-direct-caller
0x0604F348,DAT_0604F348,PROVIDE-alias,,,pending,KEEP,,,,,,,,,,,,,,,,,,data,1,1,-4:1,,,,,has-direct-caller
0x0604F370,DAT_0604F370,PROVIDE-alias,,,pending,KEEP,,,,,,,,,,,,,,,,,,data,1,0,,,,,,has-direct-caller
0x0604F374,DAT_0604F374,PROVIDE-alias,,,pending,KEEP,,,,,,,,,,,,,,,,,,data,1,1,-4:1,,,,,has-direct-caller
0x0604F39C,DAT_0604F39C,PROVIDE-alias,,,pending,KEEP,,,,,,,,,,,,,,,,,,data,1,0,,,,,,has-direct-caller
0x0604F3A0,DAT_0604F3A0,PROVIDE-alias,,,pending,KEEP,,,,,,,,,,,,,,,,,,data,1,1,-4:1,,,,,has-direct-caller
0x0604F3B8,DAT_0604F3B8,PROVIDE-alias,,,pending,KEEP,,,,,,,,,,,,,,,,,,data,1,0,,,,,,has-direct-caller
0x0604F3BC,DAT_0604F3BC,PROVIDE-alias,,,pending,KEEP,,,,,,,,,,,,,,,,,,data,1,1,-4:1,,,,,has-direct-caller
0x0604F3C5,DAT_0604F3C5,PROVIDE-alias,,,pending,KEEP,,,,,,,,,,,,,,,,,,data,1,0,,,,,,has-direct-caller
0x0604F3CE,DAT_0604F3CE,PROVIDE-alias,,,pending,KEEP,,,,,,,,,,,,,,,,,,data,1,0,,,,,,has-direct-caller
0x0604F3D8,DAT_0604F3D8,PROVIDE-alias,,,pending,KEEP,,,,,,,,,,,,,,,,,,data,1,0,,,,,,has-direct-caller
0x0604F3E4,DAT_0604F3E4,PROVIDE-alias,,,pending,KEEP,,,,,,,,,,,,,,,,,,data,1,0,,,,,,has-direct-caller
0x0604F3F4,DAT_0604F3F4,PROVIDE-alias,,,pending,KEEP,,,,,,,,,,,,,,,,,,data,1,0,,,,,,has-direct-caller
0x0604F3F7,DAT_0604F3F7,PROVIDE-alias,,,pending,KEEP,,,,,,,,,,,,,,,,,,data,1,0,,,,,,has-direct-caller
0x0604F3F8,DAT_0604F3F8,PROVIDE-alias,,,pending,KEEP,,,,,,,,,,,,,,,,,,data,1,1,-4:1,,,,,has-direct-caller
0x0604F3FC,DAT_0604F3FC,PROVIDE-alias,,,pending,KEEP,,,,,,,,,,,,,,,,,,data,1,2,-4:1;-8:1,,,,,has-direct-caller
0x0604F44C,DAT_0604F44C,PROVIDE-alias,,,pending,KEEP,,,,,,,,,,,,,,,,,,data,1,0,,,,,,has-direct-caller
0x0604F49C,DAT_0604F49C,PROVIDE-alias,,,pending,KEEP,,,,,,,,,,,,,,,,,,data,1,0,,,,,,has-direct-caller
0x0604F4B0,DAT_0604F4B0,PROVIDE-alias,,,pending,KEEP,,,,,,,,,,,,,,,,,,data,1,0,,,,,,has-direct-caller
0x0604F4B6,DAT_0604F4B6,PROVIDE-alias,,,pending,KEEP,,,,,,,,,,,,,,,,,,data,1,1,-6:1,,,,,has-direct-caller
0x0604F4C8,DAT_0604F4C8,PROVIDE-alias,,,pending,KEEP,,,,,,,,,,,,,,,,,,data,1,0,,,,,,has-direct-caller
0x0604F4D4,DAT_0604F4D4,PROVIDE-alias,,,pending,KEEP,,,,,,,,,,,,,,,,,,data,1,0,,,,,,has-direct-caller
0x0604F4E4,DAT_0604F4E4,PROVIDE-alias,,,pending,KEEP,,,,,,,,,,,,,,,,,,data,1,0,,,,,,has-direct-caller
0x0604F4F4,DAT_0604F4F4,PROVIDE-alias,,,pending,KEEP,,,,,,,,,,,,,,,,,,data,1,0,,,,,,has-direct-caller
0x0604F504,DAT_0604F504,PROVIDE-alias,,,pending,KEEP,,,,,,,,,,,,,,,,,,data,1,0,,,,,,has-direct-caller
0x0604F50C,DAT_0604F50C,PROVIDE-alias,,,pending,KEEP,,,,,,,,,,,,,,,,,,data,1,1,-8:1,,,,,has-direct-caller
0x0604F518,DAT_0604F518,PROVIDE-alias,,,pending,KEEP,,,,,,,,,,,,,,,,,,data,1,0,,,,,,has-direct-caller
0x0604F524,DAT_0604F524,PROVIDE-alias,,,pending,KEEP,,,,,,,,,,,,,,,,,,data,1,0,,,,,,has-direct-caller
0x0604F52E,DAT_0604F52E,PROVIDE-alias,,,pending,KEEP,,,,,,,,,,,,,,,,,,data,1,0,,,,,,has-direct-caller
0x0604F53A,DAT_0604F53A,PROVIDE-alias,,,pending,KEEP,,,,,,,,,,,,,,,,,,data,1,0,,,,,,has-direct-caller
0x0604F544,DAT_0604F544,PROVIDE-alias,,,pending,KEEP,,,,,,,,,,,,,,,,,,data,1,0,,,,,,has-direct-caller
0x0604F54E,DAT_0604F54E,PROVIDE-alias,,,pending,KEEP,,,,,,,,,,,,,,,,,,data,1,0,,,,,,has-direct-caller
0x0604F55A,DAT_0604F55A,PROVIDE-alias,,,pending,KEEP,,,,,,,,,,,,,,,,,,data,1,0,,,,,,has-direct-caller
0x0604F568,DAT_0604F568,PROVIDE-alias,,,pending,KEEP,,,,,,,,,,,,,,,,,,data,1,0,,,,,,has-direct-caller
0x0604F575,DAT_0604F575,PROVIDE-alias,,,pending,KEEP,,,,,,,,,,,,,,,,,,data,1,0,,,,,,has-direct-caller
0x0604F57C,DAT_0604F57C,PROVIDE-alias,,,pending,KEEP,,,,,,,,,,,,,,,,,,data,1,0,,,,,,has-direct-caller
0x0604F588,DAT_0604F588,PROVIDE-alias,,,pending,KEEP,,,,,,,,,,,,,,,,,,data,1,0,,,,,,has-direct-caller
0x0604F594,DAT_0604F594,PROVIDE-alias,,,pending,KEEP,,,,,,,,,,,,,,,,,,data,1,0,,,,,,has-direct-caller
0x0604F5A0,DAT_0604F5A0,PROVIDE-alias,,,pending,KEEP,,,,,,,,,,,,,,,,,,data,1,0,,,,,,has-direct-caller
0x0604F5AC,DAT_0604F5AC,PROVIDE-alias,,,pending,KEEP,,,,,,,,,,,,,,,,,,data,1,0,,,,,,has-direct-caller
0x0604F5B8,DAT_0604F5B8,PROVIDE-alias,,,pending,KEEP,,,,,,,,,,,,,,,,,,data,1,0,,,,,,has-direct-caller
0x0604F5C4,DAT_0604F5C4,PROVIDE-alias,,,pending,KEEP,,,,,,,,,,,,,,,,,,data,1,0,,,,,,has-direct-caller
0x0604F5D0,DAT_0604F5D0,PROVIDE-alias,,,pending,KEEP,,,,,,,,,,,,,,,,,,data,1,0,,,,,,has-direct-caller
0x0604F5DC,DAT_0604F5DC,PROVIDE-alias,,,pending,KEEP,,,,,,,,,,,,,,,,,,data,1,0,,,,,,has-direct-caller
0x0604F5E4,DAT_0604F5E4,PROVIDE-alias,,,pending,KEEP,,,,,,,,,,,,,,,,,,data,1,1,-8:1,,,,,has-direct-caller
0x0604F5F4,DAT_0604F5F4,PROVIDE-alias,,,pending,KEEP,,,,,,,,,,,,,,,,,,data,1,0,,,,,,has-direct-caller
0x0604F604,DAT_0604F604,PROVIDE-alias,,,pending,KEEP,,,,,,,,,,,,,,,,,,data,1,0,,,,,,has-direct-caller
0x0604F614,DAT_0604F614,PROVIDE-alias,,,pending,KEEP,,,,,,,,,,,,,,,,,,data,1,0,,,,,,has-direct-caller
0x0604F624,DAT_0604F624,PROVIDE-alias,,,pending,KEEP,,,,,,,,,,,,,,,,,,data,1,0,,,,,,has-direct-caller
0x0604F630,DAT_0604F630,PROVIDE-alias,,,pending,KEEP,,,,,,,,,,,,,,,,,,data,1,0,,,,,,has-direct-caller
0x0604F63C,DAT_0604F63C,PROVIDE-alias,,,pending,KEEP,,,,,,,,,,,,,,,,,,data,1,0,,,,,,has-direct-caller
0x0604F64C,DAT_0604F64C,PROVIDE-alias,,,pending,KEEP,,,,,,,,,,,,,,,,,,data,1,0,,,,,,has-direct-caller
0x0604F65C,DAT_0604F65C,PROVIDE-alias,,,pending,KEEP,,,,,,,,,,,,,,,,,,data,1,0,,,,,,has-direct-caller
0x0604F668,DAT_0604F668,PROVIDE-alias,,,pending,KEEP,,,,,,,,,,,,,,,,,,data,1,0,,,,,,has-direct-caller
0x0604F678,DAT_0604F678,PROVIDE-alias,,,pending,KEEP,,,,,,,,,,,,,,,,,,data,1,0,,,,,,has-direct-caller
0x0604F684,DAT_0604F684,PROVIDE-alias,,,pending,KEEP,,,,,,,,,,,,,,,,,,sibling-lost,1,0,,,,,,has-direct-caller
0x0604F6A2,DAT_0604F6A2,PROVIDE-alias,,,pending,KEEP,,,,,,,,,,,,,,,,,,data,1,0,,,,,,has-direct-caller
0x0604F7E4,DAT_0604F7E4,PROVIDE-alias,,,pending,KEEP,,,,,,,,,,,,,,,,,,data,3,0,,,,,,has-direct-caller
0x0604F85C,DAT_0604F85C,PROVIDE-alias,,,pending,KEEP,,,,,,,,,,,,,,,,,,data,1,0,,,,,,has-direct-caller
0x0604F870,DAT_0604F870,PROVIDE-alias,,,pending,KEEP,,,,,,,,,,,,,,,,,,data,1,0,,,,,,has-direct-caller
0x0604F99C,DAT_0604F99C,PROVIDE-alias,,,pending,KEEP,,,,,,,,,,,,,,,,,,data,1,0,,,,,,has-direct-caller
0x0604F9AC,DAT_0604F9AC,PROVIDE-alias,,,pending,KEEP,,,,,,,,,,,,,,,,,,data,1,0,,,,,,has-direct-caller
0x0604F9B4,DAT_0604F9B4,PROVIDE-alias,,,pending,KEEP,,,,,,,,,,,,,,,,,,data,1,1,-8:1,,,,,has-direct-caller
0x0604F9BC,DAT_0604F9BC,PROVIDE-alias,,,pending,KEEP,,,,,,,,,,,,,,,,,,data,4,1,-8:1,,,,,has-direct-caller
0x0604F9D0,DAT_0604F9D0,PROVIDE-alias,,,pending,KEEP,,,,,,,,,,,,,,,,,,data,1,0,,,,,,has-direct-caller
0x0604F9F8,DAT_0604F9F8,PROVIDE-alias,,,pending,KEEP,,,,,,,,,,,,,,,,,,data,1,0,,,,,,has-direct-caller
0x0604FA48,DAT_0604FA48,PROVIDE-alias,,,pending,KEEP,,,,,,,,,,,,,,,,,,data,1,0,,,,,,has-direct-caller
0x0604FA98,DAT_0604FA98,PROVIDE-alias,,,pending,KEEP,,,,,,,,,,,,,,,,,,data,1,0,,,,,,has-direct-caller
0x0604FAD4,DAT_0604FAD4,PROVIDE-alias,,,pending,KEEP,,,,,,,,,,,,,,,,,,data,2,0,,,,,,has-direct-caller
0x0604FADE,DAT_0604FADE,PROVIDE-alias,,,pending,KEEP,,,,,,,,,,,,,,,,,,data,1,0,,,,,,has-direct-caller
0x0604FAE8,DAT_0604FAE8,PROVIDE-alias,,,pending,KEEP,,,,,,,,,,,,,,,,,,data,1,0,,,,,,has-direct-caller
0x0604FAF0,DAT_0604FAF0,PROVIDE-alias,,,pending,KEEP,,,,,,,,,,,,,,,,,,data,1,1,-8:1,,,,,has-direct-caller
0x0604FAF8,DAT_0604FAF8,PROVIDE-alias,,,pending,KEEP,,,,,,,,,,,,,,,,,,data,1,1,-8:1,,,,,has-direct-caller
0x0604FB00,DAT_0604FB00,PROVIDE-alias,,,pending,KEEP,,,,,,,,,,,,,,,,,,data,1,1,-8:1,,,,,has-direct-caller
0x0604FB08,DAT_0604FB08,PROVIDE-alias,,,pending,KEEP,,,,,,,,,,,,,,,,,,data,1,1,-8:1,,,,,has-direct-caller
0x0604FB10,DAT_0604FB10,PROVIDE-alias,,,pending,KEEP,,,,,,,,,,,,,,,,,,data,1,1,-8:1,,,,,has-direct-caller
0x0604FB28,DAT_0604FB28,PROVIDE-alias,,,pending,KEEP,,,,,,,,,,,,,,,,,,data,1,0,,,,,,has-direct-caller
0x0604FB40,DAT_0604FB40,PROVIDE-alias,,,pending,KEEP,,,,,,,,,,,,,,,,,,data,1,0,,,,,,has-direct-caller
0x0604FB58,DAT_0604FB58,PROVIDE-alias,,,pending,KEEP,,,,,,,,,,,,,,,,,,data,1,0,,,,,,has-direct-caller
0x0604FB70,DAT_0604FB70,PROVIDE-alias,,,pending,KEEP,,,,,,,,,,,,,,,,,,data,1,0,,,,,,has-direct-caller
0x0604FB88,DAT_0604FB88,PROVIDE-alias,,,pending,KEEP,,,,,,,,,,,,,,,,,,data,1,0,,,,,,has-direct-caller
0x0604FE5C,DAT_0604FE5C,PROVIDE-alias,,,pending,KEEP,,,,,,,,,,,,,,,,,,data,2,0,,,,,,has-direct-caller
0x0604FE64,DAT_0604FE64,PROVIDE-alias,,,pending,KEEP,,,,,,,,,,,,,,,,,,data,1,2,-8:2,,,,,has-direct-caller
0x0604FF4E,DAT_0604FF4E,PROVIDE-alias,,,pending,KEEP,,,,,,,,,,,,,,,,,,data,1,0,,,,,,has-direct-caller
0x0604FFC0,DAT_0604FFC0,PROVIDE-alias,,,pending,KEEP,,,,,,,,,,,,,,,,,,data,1,0,,,,,,has-direct-caller
0x0605006E,DAT_0605006E,PROVIDE-alias,,,pending,KEEP,,,,,,,,,,,,,,,,,,data,1,0,,,,,,has-direct-caller
0x060500E0,DAT_060500E0,PROVIDE-alias,,,pending,KEEP,,,,,,,,,,,,,,,,,,data,1,0,,,,,,has-direct-caller
0x06050154,DAT_06050154,PROVIDE-alias,,,pending,KEEP,,,,,,,,,,,,,,,,,,data,1,0,,,,,,has-direct-caller
0x06050160,DAT_06050160,PROVIDE-alias,,,pending,KEEP,,,,,,,,,,,,,,,,,,data,8,0,,,,,,has-direct-caller
0x06050228,DAT_06050228,PROVIDE-alias,,,pending,KEEP,,,,,,,,,,,,,,,,,,data,1,0,,,,,,has-direct-caller
0x06050230,DAT_06050230,PROVIDE-alias,,,pending,KEEP,,,,,,,,,,,,,,,,,,data,1,1,-8:1,,,,,has-direct-caller
0x06050244,DAT_06050244,PROVIDE-alias,,,pending,KEEP,,,,,,,,,,,,,,,,,,data,1,0,,,,,,has-direct-caller
0x06050288,DAT_06050288,PROVIDE-alias,,,pending,KEEP,,,,,,,,,,,,,,,,,,data,1,0,,,,,,has-direct-caller
0x06050298,DAT_06050298,PROVIDE-alias,,,pending,KEEP,,,,,,,,,,,,,,,,,,data,1,0,,,,,,has-direct-caller
0x060502AC,DAT_060502AC,PROVIDE-alias,,,pending,KEEP,,,,,,,,,,,,,,,,,,data,1,0,,,,,,has-direct-caller
0x060502B0,DAT_060502B0,PROVIDE-alias,,,pending,KEEP,,,,,,,,,,,,,,,,,,data,1,1,-4:1,,,,,has-direct-caller
0x060502B4,DAT_060502B4,PROVIDE-alias,,,pending,KEEP,,,,,,,,,,,,,,,,,,data,1,2,-4:1;-8:1,,,,,has-direct-caller
0x060502B8,DAT_060502B8,PROVIDE-alias,,,pending,KEEP,,,,,,,,,,,,,,,,,,data,1,2,-4:1;-8:1,,,,,has-direct-caller
0x060502BC,DAT_060502BC,PROVIDE-alias,,,pending,KEEP,,,,,,,,,,,,,,,,,,data,1,2,-4:1;-8:1,,,,,has-direct-caller
0x060502C0,DAT_060502C0,PROVIDE-alias,,,pending,KEEP,,,,,,,,,,,,,,,,,,data,1,2,-4:1;-8:1,,,,,has-direct-caller
0x060502C4,DAT_060502C4,PROVIDE-alias,,,pending,KEEP,,,,,,,,,,,,,,,,,,data,1,2,-4:1;-8:1,,,,,has-direct-caller
0x060502C8,DAT_060502C8,PROVIDE-alias,,,pending,KEEP,,,,,,,,,,,,,,,,,,data,1,2,-4:1;-8:1,,,,,has-direct-caller
0x060502CC,DAT_060502CC,PROVIDE-alias,,,pending,KEEP,,,,,,,,,,,,,,,,,,data,1,2,-4:1;-8:1,,,,,has-direct-caller
0x060502D0,DAT_060502D0,PROVIDE-alias,,,pending,KEEP,,,,,,,,,,,,,,,,,,data,1,2,-4:1;-8:1,,,,,has-direct-caller
0x060502DA,DAT_060502DA,PROVIDE-alias,,,pending,KEEP,,,,,,,,,,,,,,,,,,data,1,0,,,,,,has-direct-caller
0x060502E4,DAT_060502E4,PROVIDE-alias,,,pending,KEEP,,,,,,,,,,,,,,,,,,data,1,0,,,,,,has-direct-caller
0x060502EE,DAT_060502EE,PROVIDE-alias,,,pending,KEEP,,,,,,,,,,,,,,,,,,data,1,0,,,,,,has-direct-caller
0x060502F8,DAT_060502F8,PROVIDE-alias,,,pending,KEEP,,,,,,,,,,,,,,,,,,data,1,0,,,,,,has-direct-caller
0x06050302,DAT_06050302,PROVIDE-alias,,,pending,KEEP,,,,,,,,,,,,,,,,,,data,1,0,,,,,,has-direct-caller
0x0605030C,DAT_0605030C,PROVIDE-alias,,,pending,KEEP,,,,,,,,,,,,,,,,,,data,1,0,,,,,,has-direct-caller
0x06050316,DAT_06050316,PROVIDE-alias,,,pending,KEEP,,,,,,,,,,,,,,,,,,data,1,0,,,,,,has-direct-caller
0x06050320,DAT_06050320,PROVIDE-alias,,,pending,KEEP,,,,,,,,,,,,,,,,,,data,1,0,,,,,,has-direct-caller
0x0605032A,DAT_0605032A,PROVIDE-alias,,,pending,KEEP,,,,,,,,,,,,,,,,,,data,1,0,,,,,,has-direct-caller
0x0605033E,DAT_0605033E,PROVIDE-alias,,,pending,KEEP,,,,,,,,,,,,,,,,,,data,1,0,,,,,,has-direct-caller
0x06050352,DAT_06050352,PROVIDE-alias,,,pending,KEEP,,,,,,,,,,,,,,,,,,data,1,0,,,,,,has-direct-caller
0x06050366,DAT_06050366,PROVIDE-alias,,,pending,KEEP,,,,,,,,,,,,,,,,,,data,1,0,,,,,,has-direct-caller
0x0605037A,DAT_0605037A,PROVIDE-alias,,,pending,KEEP,,,,,,,,,,,,,,,,,,data,1,0,,,,,,has-direct-caller
0x0605038E,DAT_0605038E,PROVIDE-alias,,,pending,KEEP,,,,,,,,,,,,,,,,,,data,1,0,,,,,,has-direct-caller
0x060503A2,DAT_060503A2,PROVIDE-alias,,,pending,KEEP,,,,,,,,,,,,,,,,,,data,1,0,,,,,,has-direct-caller
0x060503B6,DAT_060503B6,PROVIDE-alias,,,pending,KEEP,,,,,,,,,,,,,,,,,,data,1,0,,,,,,has-direct-caller
0x060503CA,DAT_060503CA,PROVIDE-alias,,,pending,KEEP,,,,,,,,,,,,,,,,,,data,1,0,,,,,,has-direct-caller
0x060503DE,DAT_060503DE,PROVIDE-alias,,,pending,KEEP,,,,,,,,,,,,,,,,,,data,1,0,,,,,,has-direct-caller
0x060503E6,DAT_060503E6,PROVIDE-alias,,,pending,KEEP,,,,,,,,,,,,,,,,,,data,1,1,-8:1,,,,,has-direct-caller
0x060503EE,DAT_060503EE,PROVIDE-alias,,,pending,KEEP,,,,,,,,,,,,,,,,,,data,1,1,-8:1,,,,,has-direct-caller
0x060503F6,DAT_060503F6,PROVIDE-alias,,,pending,KEEP,,,,,,,,,,,,,,,,,,data,1,1,-8:1,,,,,has-direct-caller
0x060503FE,DAT_060503FE,PROVIDE-alias,,,pending,KEEP,,,,,,,,,,,,,,,,,,data,1,1,-8:1,,,,,has-direct-caller
0x06050406,DAT_06050406,PROVIDE-alias,,,pending,KEEP,,,,,,,,,,,,,,,,,,data,1,1,-8:1,,,,,has-direct-caller
0x0605040E,DAT_0605040E,PROVIDE-alias,,,pending,KEEP,,,,,,,,,,,,,,,,,,data,1,1,-8:1,,,,,has-direct-caller
0x06050416,DAT_06050416,PROVIDE-alias,,,pending,KEEP,,,,,,,,,,,,,,,,,,data,1,1,-8:1,,,,,has-direct-caller
0x0605041E,DAT_0605041E,PROVIDE-alias,,,pending,KEEP,,,,,,,,,,,,,,,,,,data,1,1,-8:1,,,,,has-direct-caller
0x06050426,DAT_06050426,PROVIDE-alias,,,pending,KEEP,,,,,,,,,,,,,,,,,,data,1,1,-8:1,,,,,has-direct-caller
0x0605043A,DAT_0605043A,PROVIDE-alias,,,pending,KEEP,,,,,,,,,,,,,,,,,,data,1,0,,,,,,has-direct-caller
0x0605044E,DAT_0605044E,PROVIDE-alias,,,pending,KEEP,,,,,,,,,,,,,,,,,,data,1,0,,,,,,has-direct-caller
0x06050462,DAT_06050462,PROVIDE-alias,,,pending,KEEP,,,,,,,,,,,,,,,,,,data,1,0,,,,,,has-direct-caller
0x06050476,DAT_06050476,PROVIDE-alias,,,pending,KEEP,,,,,,,,,,,,,,,,,,data,1,0,,,,,,has-direct-caller
0x0605048A,DAT_0605048A,PROVIDE-alias,,,pending,KEEP,,,,,,,,,,,,,,,,,,data,1,0,,,,,,has-direct-caller
0x0605049E,DAT_0605049E,PROVIDE-alias,,,pending,KEEP,,,,,,,,,,,,,,,,,,data,1,0,,,,,,has-direct-caller
0x060504B2,DAT_060504B2,PROVIDE-alias,,,pending,KEEP,,,,,,,,,,,,,,,,,,data,1,0,,,,,,has-direct-caller
0x060504C6,DAT_060504C6,PROVIDE-alias,,,pending,KEEP,,,,,,,,,,,,,,,,,,data,1,0,,,,,,has-direct-caller
0x060504DC,DAT_060504DC,PROVIDE-alias,,,pending,KEEP,,,,,,,,,,,,,,,,,,data,1,0,,,,,,has-direct-caller
0x06050590,DAT_06050590,PROVIDE-alias,,,pending,KEEP,,,,,,,,,,,,,,,,,,data,1,0,,,,,,has-direct-caller
0x06050644,DAT_06050644,PROVIDE-alias,,,pending,KEEP,,,,,,,,,,,,,,,,,,data,1,0,,,,,,has-direct-caller
0x06050B78,DAT_06050B78,PROVIDE-alias,,,pending,KEEP,,,,,,,,,,,,,,,,,,data,1,0,,,,,,has-direct-caller
0x06050B84,DAT_06050B84,PROVIDE-alias,,,pending,KEEP,,,,,,,,,,,,,,,,,,data,1,0,,,,,,has-direct-caller
0x06050B90,DAT_06050B90,PROVIDE-alias,,,pending,KEEP,,,,,,,,,,,,,,,,,,data,1,0,,,,,,has-direct-caller
0x06050B9C,DAT_06050B9C,PROVIDE-alias,,,pending,KEEP,,,,,,,,,,,,,,,,,,data,1,0,,,,,,has-direct-caller
0x06050BA8,DAT_06050BA8,PROVIDE-alias,,,pending,KEEP,,,,,,,,,,,,,,,,,,data,1,0,,,,,,has-direct-caller
0x06050BB4,DAT_06050BB4,PROVIDE-alias,,,pending,KEEP,,,,,,,,,,,,,,,,,,data,1,0,,,,,,has-direct-caller
0x06050BC0,DAT_06050BC0,PROVIDE-alias,,,pending,KEEP,,,,,,,,,,,,,,,,,,data,1,0,,,,,,has-direct-caller
0x06050BCC,DAT_06050BCC,PROVIDE-alias,,,pending,KEEP,,,,,,,,,,,,,,,,,,data,1,0,,,,,,has-direct-caller
0x06050BD8,DAT_06050BD8,PROVIDE-alias,,,pending,KEEP,,,,,,,,,,,,,,,,,,data,1,0,,,,,,has-direct-caller
0x06050BE4,DAT_06050BE4,PROVIDE-alias,,,pending,KEEP,,,,,,,,,,,,,,,,,,data,1,0,,,,,,has-direct-caller
0x06050BF0,DAT_06050BF0,PROVIDE-alias,,,pending,KEEP,,,,,,,,,,,,,,,,,,data,1,0,,,,,,has-direct-caller
0x06050BFC,DAT_06050BFC,PROVIDE-alias,,,pending,KEEP,,,,,,,,,,,,,,,,,,data,1,0,,,,,,has-direct-caller
0x06050C08,DAT_06050C08,PROVIDE-alias,,,pending,KEEP,,,,,,,,,,,,,,,,,,data,2,0,,,,,,has-direct-caller
0x06050C14,DAT_06050C14,PROVIDE-alias,,,pending,KEEP,,,,,,,,,,,,,,,,,,data,2,0,,,,,,has-direct-caller
0x06050C20,DAT_06050C20,PROVIDE-alias,,,pending,KEEP,,,,,,,,,,,,,,,,,,data,1,0,,,,,,has-direct-caller
0x06050C48,DAT_06050C48,PROVIDE-alias,,,pending,KEEP,,,,,,,,,,,,,,,,,,data,1,0,,,,,,has-direct-caller
0x06050C54,DAT_06050C54,PROVIDE-alias,,,pending,KEEP,,,,,,,,,,,,,,,,,,data,1,0,,,,,,has-direct-caller
0x06050C58,DAT_06050C58,PROVIDE-alias,,,pending,KEEP,,,,,,,,,,,,,,,,,,data,1,1,-4:1,,,,,has-direct-caller
0x06050C60,DAT_06050C60,PROVIDE-alias,,,pending,KEEP,,,,,,,,,,,,,,,,,,data,1,1,-8:1,,,,,has-direct-caller
0x06050C6C,DAT_06050C6C,PROVIDE-alias,,,pending,KEEP,,,,,,,,,,,,,,,,,,data,2,0,,,,,,has-direct-caller
0x06050D2C,DAT_06050D2C,PROVIDE-alias,,,pending,KEEP,,,,,,,,,,,,,,,,,,data,1,0,,,,,,has-direct-caller
0x06050D58,DAT_06050D58,PROVIDE-alias,,,pending,KEEP,,,,,,,,,,,,,,,,,,data,2,0,,,,,,has-direct-caller
0x06050DDC,DAT_06050DDC,PROVIDE-alias,,,pending,KEEP,,,,,,,,,,,,,,,,,,data,1,0,,,,,,has-direct-caller
0x06050E7C,DAT_06050E7C,PROVIDE-alias,,,pending,KEEP,,,,,,,,,,,,,,,,,,data,1,0,,,,,,has-direct-caller
0x06050F6C,DAT_06050F6C,PROVIDE-alias,,,pending,KEEP,,,,,,,,,,,,,,,,,,data,1,0,,,,,,has-direct-caller
0x0605119C,DAT_0605119C,PROVIDE-alias,,,pending,KEEP,,,,,,,,,,,,,,,,,,data,1,0,,,,,,has-direct-caller
0x0605124C,DAT_0605124C,PROVIDE-alias,,,pending,KEEP,,,,,,,,,,,,,,,,,,data,1,0,,,,,,has-direct-caller
0x060512BC,DAT_060512BC,PROVIDE-alias,,,pending,KEEP,,,,,,,,,,,,,,,,,,data,1,0,,,,,,has-direct-caller
0x060514CC,DAT_060514CC,PROVIDE-alias,,,pending,KEEP,,,,,,,,,,,,,,,,,,data,1,0,,,,,,has-direct-caller
0x0605156E,DAT_0605156E,PROVIDE-alias,,,pending,KEEP,,,,,,,,,,,,,,,,,,data,1,0,,,,,,has-direct-caller
0x06051592,DAT_06051592,PROVIDE-alias,,,pending,KEEP,,,,,,,,,,,,,,,,,,data,1,0,,,,,,has-direct-caller
0x060515AC,DAT_060515AC,PROVIDE-alias,,,pending,KEEP,,,,,,,,,,,,,,,,,,data,1,0,,,,,,has-direct-caller
0x060515F4,DAT_060515F4,PROVIDE-alias,,,pending,KEEP,,,,,,,,,,,,,,,,,,data,1,0,,,,,,has-direct-caller
0x06051600,DAT_06051600,PROVIDE-alias,,,pending,KEEP,,,,,,,,,,,,,,,,,,data,1,0,,,,,,has-direct-caller
