addr,node,size,type,pinned_entry_tu,inbound_refs_pristine,zero_inbound,reach_pristine,reach_transplant,falls_into_next,entered_by_fallthrough,retail_verdict,leg_verdict,selfcheck
0x06028000,src/race/asm/FUN_06028000.c,3530,code,1,0,0,1,1,0,0,RETAIL_LIVE,T_REACH_RETAIL_LIVE,
0x06028DCA,src/race/asm/FUN_06028DCA.c,1046,code,1,1,0,1,1,0,0,RETAIL_LIVE,T_REACH_RETAIL_LIVE,
0x060291E0,src/race/asm/FUN_060291E0.c,936,code,1,1,0,1,1,0,0,RETAIL_LIVE,T_REACH_RETAIL_LIVE,
0x06029588,src/race/asm/FUN_06029588.c,86,code,1,1,0,1,1,0,0,RETAIL_DEAD_PINNED,T_REACH_RETAIL_DEAD,
0x060295DE,src/race/asm/FUN_060295DE.c,562,code,1,3,0,1,1,0,0,RETAIL_LIVE,T_REACH_RETAIL_LIVE,
0x06029810,src/race/asm/FUN_06029810.c,392,code,0,2,0,1,1,0,0,RETAIL_LIVE,T_REACH_RETAIL_LIVE,
0x06029998,src/race/asm/FUN_06029998.c,176,code,0,2,0,1,1,0,0,RETAIL_LIVE,T_REACH_RETAIL_LIVE,
0x06029A48,src/race/asm/FUN_06029A48.c,24,code,0,1,0,1,1,0,0,RETAIL_DEAD,T_REACH_RETAIL_DEAD,
0x06029A60,src/race/asm/FUN_06029A60.c,24,code,0,1,0,1,1,0,0,RETAIL_LIVE,T_REACH_RETAIL_LIVE,
0x06029A78,src/race/asm/FUN_06029A78.c,552,code,0,2,0,1,1,0,0,RETAIL_LIVE,T_REACH_RETAIL_LIVE,
0x06029CA0,src/race/asm/FUN_06029CA0.c,236,code,0,2,0,1,1,0,0,RETAIL_LIVE,T_REACH_RETAIL_LIVE,
0x06029D8C,src/race/asm/FUN_06029D8C.c,260,code,0,1,0,1,1,1,0,RETAIL_LIVE,T_REACH_RETAIL_LIVE,
0x06029E90,src/race/asm/FUN_06029E90.c,228,code,0,2,0,1,1,0,1,RETAIL_LIVE,T_REACH_RETAIL_LIVE,
0x06029F74,src/race/asm/FUN_06029F74.c,116,code,0,1,0,1,1,0,0,RETAIL_LIVE,T_REACH_RETAIL_LIVE,
0x06029FE8,src/race/asm/FUN_06029FE8.c,96,code,0,1,0,1,1,1,0,RETAIL_LIVE,T_REACH_RETAIL_LIVE,
0x0602A048,src/race/asm/FUN_0602A048.c,208,code,0,2,0,1,1,0,1,RETAIL_LIVE,T_REACH_RETAIL_LIVE,
0x0602A118,src/race/asm/FUN_0602A118.c,244,code,0,1,0,1,1,0,0,RETAIL_LIVE,T_REACH_RETAIL_LIVE,
0x0602A20C,src/race/asm/FUN_0602A20C.c,152,code,0,1,0,1,1,0,0,RETAIL_LIVE,T_REACH_RETAIL_LIVE,
0x0602A2A4,src/race/asm/FUN_0602A2A4.c,88,code,0,2,0,1,1,0,0,RETAIL_LIVE,T_REACH_RETAIL_LIVE,
0x0602A2FC,src/race/asm/FUN_0602A2FC.c,116,code,0,1,0,1,1,0,0,RETAIL_LIVE,T_REACH_RETAIL_LIVE,
0x0602A370,src/race/asm/FUN_0602A370.c,468,code,0,3,0,1,1,0,0,RETAIL_LIVE,T_REACH_RETAIL_LIVE,
0x0602A544,src/race/asm/FUN_0602A544.c,288,code,0,1,0,1,1,0,0,RETAIL_LIVE,T_REACH_RETAIL_LIVE,
0x0602A664,src/race/asm/FUN_0602A664.c,136,code,0,1,0,1,1,1,0,RETAIL_DEAD,T_REACH_RETAIL_DEAD,
0x0602A6EC,src/race/asm/FUN_0602A6EC.c,300,code,0,3,0,1,1,0,1,RETAIL_LIVE,T_REACH_RETAIL_LIVE,
0x0602A818,src/race/asm/FUN_0602A818.c,224,code,0,2,0,1,1,0,0,RETAIL_LIVE,T_REACH_RETAIL_LIVE,
0x0602A8F8,src/race/asm/FUN_0602A8F8.c,96,code,0,0,1,0,0,0,0,RETAIL_DEAD,T_UNREACH_RETAIL_DEAD,
0x0602A958,src/race/asm/FUN_0602A958.c,152,code,0,2,0,1,1,0,0,RETAIL_LIVE,T_REACH_RETAIL_LIVE,
0x0602A9F0,src/race/asm/FUN_0602A9F0.c,148,code,0,1,0,1,1,0,0,RETAIL_LIVE,T_REACH_RETAIL_LIVE,
0x0602AA84,src/race/asm/FUN_0602AA84.c,36,code,0,2,0,1,1,0,0,RETAIL_LIVE,T_REACH_RETAIL_LIVE,
0x0602AAA8,src/race/asm/FUN_0602AAA8.c,232,code,0,3,0,1,1,0,0,RETAIL_LIVE,T_REACH_RETAIL_LIVE,
0x0602AB90,src/race/asm/FUN_0602AB90.c,168,code,0,0,1,0,0,0,0,RETAIL_DEAD,T_UNREACH_RETAIL_DEAD,
0x0602AC38,src/race/asm/FUN_0602AC38.c,480,code,0,2,0,1,1,0,0,RETAIL_DEAD,T_REACH_RETAIL_DEAD,
0x0602AE18,src/race/asm/FUN_0602AE18.c,44,code,0,1,0,1,1,0,0,RETAIL_DEAD,T_REACH_RETAIL_DEAD,
0x0602AE44,src/race/asm/FUN_0602AE44.c,48,code,0,1,0,1,1,0,0,RETAIL_DEAD,T_REACH_RETAIL_DEAD,
0x0602AE74,src/race/asm/FUN_0602AE74.c,356,code,0,1,0,1,1,0,0,RETAIL_DEAD,T_REACH_RETAIL_DEAD,
0x0602AFD8,src/race/asm/FUN_0602AFD8.c,60,code,0,1,0,1,1,0,0,RETAIL_DEAD,T_REACH_RETAIL_DEAD,
0x0602B014,src/race/asm/FUN_0602B014.c,236,code,0,1,0,1,1,1,0,RETAIL_DEAD,T_REACH_RETAIL_DEAD,
0x0602B100,src/race/asm/FUN_0602B100.c,192,code,0,2,0,1,1,0,1,RETAIL_DEAD,T_REACH_RETAIL_DEAD,
0x0602B1C0,src/race/asm/FUN_0602B1C0.c,92,code,0,1,0,1,1,0,0,RETAIL_DEAD,T_REACH_RETAIL_DEAD,
0x0602B21C,src/race/asm/FUN_0602B21C.c,16,code,0,5,0,1,1,0,0,RETAIL_LIVE,T_REACH_RETAIL_LIVE,
0x0602B22C,src/race/asm/FUN_0602B22C.c,1192,code,0,2,0,1,1,0,0,RETAIL_LIVE,T_REACH_RETAIL_LIVE,
0x0602B6D4,src/race/asm/FUN_0602B6D4.c,996,code,0,2,0,1,1,0,0,RETAIL_LIVE,T_REACH_RETAIL_LIVE,
0x0602BAB8,src/race/asm/FUN_0602BAB8.c,804,code,0,1,0,1,1,0,0,RETAIL_LIVE,T_REACH_RETAIL_LIVE,
0x0602BDDC,src/race/asm/FUN_0602BDDC.c,226,code,0,2,0,1,1,0,0,RETAIL_LIVE,T_REACH_RETAIL_LIVE,
0x0602BEBE,src/race/asm/FUN_0602BEBE.c,354,code,0,2,0,1,1,0,0,RETAIL_LIVE,T_REACH_RETAIL_LIVE,
0x0602C020,src/race/asm/FUN_0602C020.c,36,code,0,1,0,1,1,0,0,RETAIL_LIVE,T_REACH_RETAIL_LIVE,
0x0602C044,src/race/asm/FUN_0602C044.c,94,code,0,2,0,1,1,0,0,RETAIL_LIVE,T_REACH_RETAIL_LIVE,
0x0602C0A2,src/race/asm/FUN_0602C0A2.c,384,code,0,3,0,1,1,0,0,RETAIL_LIVE,T_REACH_RETAIL_LIVE,
0x0602C222,src/race/asm/FUN_0602C222.c,402,code,0,3,0,1,1,0,0,RETAIL_LIVE,T_REACH_RETAIL_LIVE,
0x0602C3B4,src/race/asm/FUN_0602C3B4.c,10,code,0,1,0,1,1,0,0,RETAIL_LIVE,T_REACH_RETAIL_LIVE,
0x0602C3BE,src/race/asm/FUN_0602C3BE.c,32,code,0,2,0,1,1,0,0,RETAIL_LIVE,T_REACH_RETAIL_LIVE,
0x0602C3DE,src/race/asm/FUN_0602C3DE.c,26,code,0,1,0,1,1,0,0,RETAIL_LIVE,T_REACH_RETAIL_LIVE,
0x0602C3F8,src/race/asm/FUN_0602C3F8.c,98,code,0,1,0,1,1,0,0,RETAIL_LIVE,T_REACH_RETAIL_LIVE,
0x0602C45A,src/race/asm/FUN_0602C45A.c,320,code,0,5,0,1,1,0,0,RETAIL_DEAD,T_REACH_RETAIL_DEAD,
0x0602C59A,src/race/asm/FUN_0602C59A.c,302,code,0,2,0,1,1,0,0,RETAIL_DEAD,T_REACH_RETAIL_DEAD,
0x0602C6C8,src/race/asm/FUN_0602C6C8.c,38,code,0,0,1,0,0,0,0,RETAIL_DEAD,T_UNREACH_RETAIL_DEAD,
0x0602C6EE,src/race/asm/FUN_0602C6EE.c,118,code,0,2,0,1,1,0,0,RETAIL_DEAD,T_REACH_RETAIL_DEAD,
0x0602C764,src/race/asm/FUN_0602C764.c,96,code,0,1,0,1,1,0,0,RETAIL_LIVE,T_REACH_RETAIL_LIVE,
0x0602C7C4,src/race/asm/FUN_0602C7C4.c,144,code,0,1,0,1,1,0,0,RETAIL_LIVE,T_REACH_RETAIL_LIVE,
0x0602C854,src/race/asm/FUN_0602C854.c,214,code,0,2,0,1,1,0,0,RETAIL_DEAD,T_REACH_RETAIL_DEAD,
0x0602C92A,src/race/asm/FUN_0602C92A.c,234,code,0,3,0,1,1,0,0,RETAIL_DEAD,T_REACH_RETAIL_DEAD,
0x0602CA14,src/race/asm/FUN_0602CA14.c,274,code,0,1,0,1,1,0,0,RETAIL_DEAD,T_REACH_RETAIL_DEAD,
0x0602CB26,src/race/asm/FUN_0602CB26.c,334,code,0,1,0,1,1,0,0,RETAIL_LIVE,T_REACH_RETAIL_LIVE,
0x0602CC74,src/race/asm/FUN_0602CC74.c,16,code,0,2,0,1,1,0,0,RETAIL_LIVE,T_REACH_RETAIL_LIVE,
0x0602CC84,src/race/asm/FUN_0602CC84.c,222,code,0,3,0,1,1,0,0,RETAIL_LIVE,T_REACH_RETAIL_LIVE,
0x0602CD62,src/race/asm/FUN_0602CD62.c,54,code,0,2,0,1,1,0,0,RETAIL_LIVE,T_REACH_RETAIL_LIVE,
0x0602CD98,src/race/asm/FUN_0602CD98.c,376,code,0,2,0,1,1,0,0,RETAIL_LIVE,T_REACH_RETAIL_LIVE,
0x0602CF10,src/race/asm/FUN_0602CF10.c,298,code,0,3,0,1,1,0,0,RETAIL_LIVE,T_REACH_RETAIL_LIVE,
0x0602D03A,src/race/asm/FUN_0602D03A.c,12,code,0,2,0,1,1,0,0,RETAIL_LIVE,T_REACH_RETAIL_LIVE,
0x0602D046,src/race/asm/FUN_0602D046.c,12,code,0,2,0,1,1,0,0,RETAIL_LIVE,T_REACH_RETAIL_LIVE,
0x0602D052,src/race/asm/FUN_0602D052.c,62,code,0,21,0,1,1,0,0,RETAIL_LIVE,T_REACH_RETAIL_LIVE,
0x0602D090,src/race/asm/FUN_0602D090.c,114,code,0,9,0,1,1,0,0,RETAIL_LIVE,T_REACH_RETAIL_LIVE,
0x0602D102,src/race/asm/FUN_0602D102.c,56,code,0,16,0,1,1,0,0,RETAIL_LIVE,T_REACH_RETAIL_LIVE,
0x0602D13A,src/race/asm/FUN_0602D13A.c,310,code,0,3,0,1,1,0,0,RETAIL_LIVE,T_REACH_RETAIL_LIVE,
0x0602D270,src/race/asm/FUN_0602D270.c,270,code,0,2,0,1,1,0,0,RETAIL_LIVE,T_REACH_RETAIL_LIVE,
0x0602D37E,src/race/asm/FUN_0602D37E.c,20,code,0,1,0,1,1,0,0,RETAIL_LIVE,T_REACH_RETAIL_LIVE,
0x0602D392,src/race/asm/FUN_0602D392.c,318,code,0,3,0,1,1,0,0,RETAIL_LIVE,T_REACH_RETAIL_LIVE,
0x0602D4D0,src/race/asm/FUN_0602D4D0.c,700,code,0,2,0,1,1,0,0,RETAIL_LIVE,T_REACH_RETAIL_LIVE,
0x0602D78C,src/race/asm/FUN_0602D78C.c,612,code,0,2,0,1,1,0,0,RETAIL_LIVE,T_REACH_RETAIL_LIVE,
0x0602D9F0,src/race/asm/FUN_0602D9F0.c,190,code,0,4,0,1,1,0,0,RETAIL_LIVE,T_REACH_RETAIL_LIVE,
0x0602DAAE,src/race/asm/FUN_0602DAAE.c,302,code,0,4,0,1,1,0,0,RETAIL_LIVE,T_REACH_RETAIL_LIVE,
0x0602DBDC,src/race/asm/FUN_0602DBDC.c,164,code,0,2,0,1,1,0,0,RETAIL_LIVE,T_REACH_RETAIL_LIVE,
0x0602DC80,src/race/asm/FUN_0602DC80.c,194,code,0,2,0,1,1,0,0,RETAIL_LIVE,T_REACH_RETAIL_LIVE,
0x0602DD42,src/race/asm/FUN_0602DD42.c,14,code,0,2,0,1,1,0,0,RETAIL_LIVE,T_REACH_RETAIL_LIVE,
0x0602DD50,src/race/asm/FUN_0602DD50.c,268,code,0,8,0,1,1,0,0,RETAIL_LIVE,T_REACH_RETAIL_LIVE,
0x0602DE5C,src/race/asm/FUN_0602DE5C.c,132,code,0,2,0,1,1,0,0,RETAIL_LIVE,T_REACH_RETAIL_LIVE,
0x0602DEE0,src/race/asm/FUN_0602DEE0.c,188,code,0,4,0,1,1,0,0,RETAIL_LIVE,T_REACH_RETAIL_LIVE,
0x0602DF9C,src/race/asm/FUN_0602DF9C.c,160,code,0,1,0,1,1,0,0,RETAIL_LIVE,T_REACH_RETAIL_LIVE,
0x0602E03C,src/race/asm/FUN_0602E03C.c,88,code,0,3,0,1,1,0,0,RETAIL_LIVE,T_REACH_RETAIL_LIVE,
0x0602E094,src/race/asm/FUN_0602E094.c,108,code,0,2,0,1,1,0,0,RETAIL_LIVE,T_REACH_RETAIL_LIVE,
0x0602E100,src/race/asm/FUN_0602E100.c,358,code,0,3,0,1,1,0,0,RETAIL_LIVE,T_REACH_RETAIL_LIVE,
0x0602E266,src/race/asm/FUN_0602E266.c,268,code,0,2,0,1,1,0,0,RETAIL_LIVE,T_REACH_RETAIL_LIVE,
0x0602E372,src/race/asm/FUN_0602E372.c,130,code,0,2,0,1,1,0,0,RETAIL_LIVE,T_REACH_RETAIL_LIVE,
0x0602E3F4,src/race/asm/FUN_0602E3F4.c,324,code,0,1,0,1,1,0,0,RETAIL_LIVE,T_REACH_RETAIL_LIVE,
0x0602E538,src/race/asm/FUN_0602E538.c,94,code,0,1,0,1,1,0,0,RETAIL_LIVE,T_REACH_RETAIL_LIVE,
0x0602E596,src/race/asm/FUN_0602E596.c,18,code,0,1,0,1,1,0,0,RETAIL_LIVE,T_REACH_RETAIL_LIVE,
0x0602E5A8,src/race/asm/FUN_0602E5A8.c,24,code,0,2,0,1,1,0,0,RETAIL_LIVE,T_REACH_RETAIL_LIVE,
0x0602E5C0,src/race/asm/FUN_0602E5C0.c,24,code,0,1,0,1,1,0,0,RETAIL_DEAD,T_REACH_RETAIL_DEAD,
0x0602E5D8,src/race/asm/FUN_0602E5D8.c,56,code,0,6,0,1,1,0,0,RETAIL_DEAD,T_REACH_RETAIL_DEAD,
0x0602E610,src/race/asm/FUN_0602E610.c,290,code,0,6,0,1,1,0,0,RETAIL_LIVE,T_REACH_RETAIL_LIVE,
0x0602E732,src/race/asm/FUN_0602E732.c,6,code,0,1,0,1,1,0,0,RETAIL_LIVE,T_REACH_RETAIL_LIVE,
0x0602E738,src/race/asm/FUN_0602E738.c,56,code,0,4,0,1,1,0,0,RETAIL_LIVE,T_REACH_RETAIL_LIVE,
0x0602E770,src/race/asm/FUN_0602E770.c,124,code,0,3,0,1,1,0,0,RETAIL_LIVE,T_REACH_RETAIL_LIVE,
0x0602E7EC,src/race/asm/FUN_0602E7EC.c,196,code,0,4,0,1,1,0,0,RETAIL_LIVE,T_REACH_RETAIL_LIVE,
0x0602E8B0,src/race/asm/FUN_0602E8B0.c,110,code,0,1,0,1,1,0,0,RETAIL_LIVE,T_REACH_RETAIL_LIVE,
0x0602E91E,src/race/asm/FUN_0602E91E.c,10,code,0,0,1,0,0,0,0,RETAIL_DEAD,T_UNREACH_RETAIL_DEAD,
0x0602E928,src/race/asm/FUN_0602E928.c,96,code,0,4,0,1,1,0,0,RETAIL_LIVE,T_REACH_RETAIL_LIVE,
0x0602E988,src/race/asm/FUN_0602E988.c,226,code,0,2,0,1,1,0,0,RETAIL_LIVE,T_REACH_RETAIL_LIVE,
0x0602EA6A,src/race/asm/FUN_0602EA6A.c,576,code,0,2,0,1,1,0,0,RETAIL_LIVE,T_REACH_RETAIL_LIVE,
0x0602ECAA,src/race/asm/FUN_0602ECAA.c,176,code,0,3,0,1,1,0,0,RETAIL_LIVE,T_REACH_RETAIL_LIVE,
0x0602ED5A,src/race/asm/FUN_0602ED5A.c,42,code,0,1,0,1,1,0,0,RETAIL_LIVE,T_REACH_RETAIL_LIVE,
0x0602ED84,src/race/asm/FUN_0602ED84.c,48,code,0,1,0,1,1,0,0,RETAIL_LIVE,T_REACH_RETAIL_LIVE,
0x0602EDB4,src/race/asm/FUN_0602EDB4.c,38,code,0,1,0,1,1,0,0,RETAIL_LIVE,T_REACH_RETAIL_LIVE,
0x0602EDDA,src/race/asm/FUN_0602EDDA.c,138,code,0,5,0,1,1,0,0,RETAIL_DEAD,T_REACH_RETAIL_DEAD,
0x0602EE64,src/race/asm/FUN_0602EE64.c,64,code,0,1,0,1,1,0,0,RETAIL_LIVE,T_REACH_RETAIL_LIVE,
0x0602EEA4,src/race/asm/FUN_0602EEA4.c,44,code,0,1,0,1,1,0,0,RETAIL_LIVE,T_REACH_RETAIL_LIVE,
0x0602EED0,src/race/asm/FUN_0602EED0.c,64,code,0,1,0,1,1,0,0,RETAIL_LIVE,T_REACH_RETAIL_LIVE,
0x0602EF10,src/race/asm/FUN_0602EF10.c,38,code,0,1,0,1,1,0,0,RETAIL_LIVE,T_REACH_RETAIL_LIVE,
0x0602EF36,src/race/asm/FUN_0602EF36.c,38,code,0,1,0,1,1,0,0,RETAIL_LIVE,T_REACH_RETAIL_LIVE,
0x0602EF5C,src/race/asm/FUN_0602EF5C.c,136,code,0,3,0,1,1,0,0,RETAIL_LIVE,T_REACH_RETAIL_LIVE,
0x0602EFE4,src/race/asm/FUN_0602EFE4.c,82,code,0,1,0,1,1,0,0,RETAIL_LIVE,T_REACH_RETAIL_LIVE,
0x0602F036,src/race/asm/FUN_0602F036.c,30,code,0,1,0,1,1,0,0,RETAIL_LIVE,T_REACH_RETAIL_LIVE,
0x0602F054,src/race/asm/FUN_0602F054.c,30,code,0,1,0,1,1,0,0,RETAIL_DEAD,T_REACH_RETAIL_DEAD,
0x0602F072,src/race/asm/FUN_0602F072.c,162,code,0,9,0,1,1,0,0,RETAIL_LIVE,T_REACH_RETAIL_LIVE,
0x0602F114,src/race/asm/FUN_0602F114.c,84,code,0,2,0,1,1,0,0,RETAIL_LIVE,T_REACH_RETAIL_LIVE,
0x0602F168,src/race/asm/FUN_0602F168.c,16,code,0,5,0,1,1,0,0,RETAIL_LIVE,T_REACH_RETAIL_LIVE,
0x0602F178,src/race/asm/FUN_0602F178.c,92,code,0,1,0,1,1,0,0,RETAIL_LIVE,T_REACH_RETAIL_LIVE,
0x0602F1D4,src/race/asm/FUN_0602F1D4.c,56,code,0,3,0,1,1,0,0,RETAIL_LIVE,T_REACH_RETAIL_LIVE,
0x0602F20C,src/race/asm/FUN_0602F20C.c,172,code,0,3,0,1,1,0,0,RETAIL_LIVE,T_REACH_RETAIL_LIVE,
0x0602F2B8,src/race/asm/FUN_0602F2B8.c,90,code,0,2,0,1,1,0,0,RETAIL_DEAD,T_REACH_RETAIL_DEAD,
0x0602F312,src/race/asm/FUN_0602F312.c,24,code,0,2,0,1,1,0,0,RETAIL_DEAD,T_REACH_RETAIL_DEAD,
0x0602F32A,src/race/asm/FUN_0602F32A.c,32,code,0,1,0,1,1,0,0,RETAIL_DEAD,T_REACH_RETAIL_DEAD,
0x0602F34A,src/race/asm/FUN_0602F34A.c,166,code,0,11,0,1,1,0,0,RETAIL_LIVE,T_REACH_RETAIL_LIVE,
0x0602F3F0,src/race/asm/FUN_0602F3F0.c,60,code,0,1,0,1,1,0,0,RETAIL_DEAD,T_REACH_RETAIL_DEAD,
0x0602F42C,src/race/asm/FUN_0602F42C.c,122,code,0,1,0,1,1,0,0,RETAIL_LIVE,T_REACH_RETAIL_LIVE,
0x0602F4A6,src/race/asm/FUN_0602F4A6.c,52,code,0,1,0,1,1,1,0,RETAIL_LIVE,T_REACH_RETAIL_LIVE,
0x0602F4DA,src/race/asm/FUN_0602F4DA.c,66,code,0,2,0,1,1,0,1,RETAIL_LIVE,T_REACH_RETAIL_LIVE,
0x0602F51C,src/race/asm/FUN_0602F51C.c,72,code,0,5,0,1,1,0,0,RETAIL_DEAD,T_REACH_RETAIL_DEAD,
0x0602F564,src/race/asm/FUN_0602F564.c,78,code,0,1,0,1,1,0,0,RETAIL_DEAD,T_REACH_RETAIL_DEAD,
0x0602F5B2,src/race/asm/FUN_0602F5B2.c,170,code,0,1,0,1,1,0,0,RETAIL_DEAD,T_REACH_RETAIL_DEAD,
0x0602F65C,src/race/asm/FUN_0602F65C.c,356,code,0,1,0,1,1,0,0,RETAIL_DEAD,T_REACH_RETAIL_DEAD,
0x0602F7C0,src/race/asm/FUN_0602F7C0.c,84,code,0,1,0,1,1,0,0,RETAIL_DEAD,T_REACH_RETAIL_DEAD,
0x0602F814,src/race/asm/FUN_0602F814.c,10,code,0,1,0,1,1,0,0,RETAIL_DEAD,T_REACH_RETAIL_DEAD,
0x0602F81E,src/race/asm/FUN_0602F81E.c,202,code,0,4,0,1,1,0,0,RETAIL_LIVE,T_REACH_RETAIL_LIVE,
0x0602F8E8,src/race/asm/FUN_0602F8E8.c,416,code,0,1,0,1,1,0,0,RETAIL_LIVE,T_REACH_RETAIL_LIVE,
0x0602FA88,src/race/asm/FUN_0602FA88.c,68,code,0,3,0,1,1,0,0,RETAIL_LIVE,T_REACH_RETAIL_LIVE,
0x0602FACC,src/race/asm/FUN_0602FACC.c,32,code,0,5,0,1,1,0,0,RETAIL_LIVE,T_REACH_RETAIL_LIVE,
0x0602FAEC,src/race/asm/FUN_0602FAEC.c,168,code,0,6,0,1,1,0,0,RETAIL_LIVE,T_REACH_RETAIL_LIVE,
0x0602FB94,src/race/asm/FUN_0602FB94.c,320,code,0,2,0,1,1,0,0,RETAIL_LIVE,T_REACH_RETAIL_LIVE,
0x0602FCD4,src/race/asm/FUN_0602FCD4.c,42,code,0,3,0,1,1,0,0,RETAIL_LIVE,T_REACH_RETAIL_LIVE,
0x0602FCFE,src/race/asm/FUN_0602FCFE.c,58,code,0,2,0,1,1,0,0,RETAIL_LIVE,T_REACH_RETAIL_LIVE,
0x0602FD38,src/race/asm/FUN_0602FD38.c,438,code,0,4,0,1,1,0,0,RETAIL_LIVE,T_REACH_RETAIL_LIVE,
0x0602FEEE,src/race/asm/FUN_0602FEEE.c,210,code,0,1,0,1,1,0,0,RETAIL_DEAD,T_REACH_RETAIL_DEAD,
0x0602FFC0,src/race/asm/FUN_0602FFC0.c,140,code,0,5,0,1,1,0,0,RETAIL_LIVE,T_REACH_RETAIL_LIVE,
0x0603004C,src/race/asm/FUN_0603004C.c,68,code,0,9,0,1,1,0,0,RETAIL_LIVE,T_REACH_RETAIL_LIVE,
0x06030090,src/race/asm/FUN_06030090.c,938,code,0,4,0,1,1,0,0,RETAIL_LIVE,T_REACH_RETAIL_LIVE,
0x0603043A,src/race/asm/FUN_0603043A.c,78,code,0,1,0,1,1,0,0,RETAIL_LIVE,T_REACH_RETAIL_LIVE,
0x06030488,src/race/asm/FUN_06030488.c,8,code,0,1,0,1,1,0,0,RETAIL_LIVE,T_REACH_RETAIL_LIVE,
0x06030490,src/race/asm/FUN_06030490.c,144,code,0,4,0,1,1,0,0,RETAIL_LIVE,T_REACH_RETAIL_LIVE,
0x06030520,src/race/asm/FUN_06030520.c,522,code,0,2,0,1,1,0,0,RETAIL_LIVE,T_REACH_RETAIL_LIVE,
0x0603072A,src/race/asm/FUN_0603072A.c,24,code,0,1,0,1,1,0,0,RETAIL_LIVE,T_REACH_RETAIL_LIVE,
0x06030742,src/race/asm/FUN_06030742.c,94,code,0,3,0,1,1,0,0,RETAIL_LIVE,T_REACH_RETAIL_LIVE,
0x060307A0,src/race/asm/FUN_060307A0.c,132,code,0,1,0,1,1,0,0,RETAIL_LIVE,T_REACH_RETAIL_LIVE,
0x06030824,src/race/asm/FUN_06030824.c,24,code,0,6,0,1,1,0,0,RETAIL_LIVE,T_REACH_RETAIL_LIVE,
0x0603083C,src/race/asm/FUN_0603083C.c,132,code,0,5,0,1,1,0,0,RETAIL_LIVE,T_REACH_RETAIL_LIVE,
0x060308C0,src/race/asm/FUN_060308C0.c,348,code,0,6,0,1,1,0,0,RETAIL_LIVE,T_REACH_RETAIL_LIVE,
0x06030A1C,src/race/asm/FUN_06030A1C.c,44,code,0,4,0,1,1,0,0,RETAIL_LIVE,T_REACH_RETAIL_LIVE,
0x06030A48,src/race/asm/FUN_06030A48.c,56,code,0,1,0,1,1,0,0,RETAIL_LIVE,T_REACH_RETAIL_LIVE,
0x06030A80,src/race/asm/FUN_06030A80.c,88,code,0,3,0,1,1,0,0,RETAIL_LIVE,T_REACH_RETAIL_LIVE,
0x06030AD8,src/race/asm/FUN_06030AD8.c,34,code,0,1,0,1,1,0,0,RETAIL_LIVE,T_REACH_RETAIL_LIVE,
0x06030AFA,src/race/asm/FUN_06030AFA.c,130,code,0,2,0,1,1,0,0,RETAIL_LIVE,T_REACH_RETAIL_LIVE,
0x06030B7C,src/race/asm/FUN_06030B7C.c,40,code,0,1,0,1,1,0,0,RETAIL_LIVE,T_REACH_RETAIL_LIVE,
0x06030BA4,src/race/asm/FUN_06030BA4.c,128,code,0,7,0,1,1,0,0,RETAIL_LIVE,T_REACH_RETAIL_LIVE,
0x06030C24,src/race/asm/FUN_06030C24.c,54,code,0,1,0,1,1,0,0,RETAIL_DEAD,T_REACH_RETAIL_DEAD,
0x06030C5A,src/race/asm/FUN_06030C5A.c,34,code,0,1,0,1,1,0,0,RETAIL_DEAD,T_REACH_RETAIL_DEAD,
0x06030C7C,src/race/asm/FUN_06030C7C.c,34,code,0,3,0,1,1,0,0,RETAIL_LIVE,T_REACH_RETAIL_LIVE,
0x06030C9E,src/race/asm/FUN_06030C9E.c,68,code,0,10,0,1,1,0,0,RETAIL_LIVE,T_REACH_RETAIL_LIVE,
0x06030CE2,src/race/asm/FUN_06030CE2.c,4,code,0,1,0,1,1,0,0,RETAIL_LIVE,T_REACH_RETAIL_LIVE,
0x06030CE6,src/race/asm/FUN_06030CE6.c,58,code,0,4,0,1,1,0,0,RETAIL_LIVE,T_REACH_RETAIL_LIVE,
0x06030D20,src/race/asm/FUN_06030D20.c,130,code,0,2,0,1,1,0,0,RETAIL_LIVE,T_REACH_RETAIL_LIVE,
0x06030DA2,src/race/asm/FUN_06030DA2.c,8,code,0,2,0,1,1,0,0,RETAIL_LIVE,T_REACH_RETAIL_LIVE,
0x06030DAA,src/race/asm/FUN_06030DAA.c,6,code,0,1,0,1,1,0,0,RETAIL_DEAD,T_REACH_RETAIL_DEAD,
0x06030DB0,src/race/asm/FUN_06030DB0.c,62,code,0,1,0,1,1,0,0,RETAIL_DEAD,T_REACH_RETAIL_DEAD,
0x06030DEE,src/race/asm/FUN_06030DEE.c,68,code,0,0,1,0,0,0,0,RETAIL_DEAD,T_UNREACH_RETAIL_DEAD,
0x06030E32,src/race/asm/FUN_06030E32.c,18,code,0,0,1,0,0,0,0,RETAIL_DEAD,T_UNREACH_RETAIL_DEAD,
0x06030E44,src/race/asm/FUN_06030E44.c,132,code,0,11,0,1,1,0,0,RETAIL_DEAD,T_REACH_RETAIL_DEAD,
0x06030EC8,src/race/asm/FUN_06030EC8.c,320,code,0,1,0,1,1,0,0,RETAIL_LIVE,T_REACH_RETAIL_LIVE,
0x06031008,src/race/asm/FUN_06031008.c,728,code,0,3,0,1,1,0,0,RETAIL_LIVE,T_REACH_RETAIL_LIVE,
0x060312E0,src/race/asm/FUN_060312E0.c,284,code,0,1,0,1,1,0,0,RETAIL_LIVE,T_REACH_RETAIL_LIVE,
0x060313FC,src/race/asm/FUN_060313FC.c,590,code,0,2,0,1,1,0,0,RETAIL_LIVE,T_REACH_RETAIL_LIVE,
0x0603164A,src/race/asm/FUN_0603164A.c,510,code,0,3,0,1,1,0,0,RETAIL_LIVE,T_REACH_RETAIL_LIVE,
0x06031848,src/race/asm/FUN_06031848.c,448,code,0,2,0,1,1,0,0,RETAIL_DEAD,T_REACH_RETAIL_DEAD,
0x06031A08,src/race/asm/FUN_06031A08.c,260,code,0,2,0,1,1,0,0,RETAIL_DEAD,T_REACH_RETAIL_DEAD,
0x06031B0C,src/race/asm/FUN_06031B0C.c,120,code,0,1,0,1,1,0,0,RETAIL_LIVE,T_REACH_RETAIL_LIVE,
0x06031B84,src/race/asm/FUN_06031B84.c,74,code,0,1,0,1,1,0,0,RETAIL_LIVE,T_REACH_RETAIL_LIVE,
0x06031BCE,src/race/asm/FUN_06031BCE.c,20,code,0,1,0,1,1,0,0,RETAIL_DEAD,T_REACH_RETAIL_DEAD,
0x06031BE2,src/race/asm/FUN_06031BE2.c,162,code,0,5,0,1,1,0,0,RETAIL_DEAD,T_REACH_RETAIL_DEAD,
0x06031C84,src/race/asm/FUN_06031C84.c,62,code,0,1,0,1,1,0,0,RETAIL_DEAD,T_REACH_RETAIL_DEAD,
0x06031CC2,src/race/asm/FUN_06031CC2.c,312,code,0,3,0,1,1,0,0,RETAIL_LIVE,T_REACH_RETAIL_LIVE,
0x06031DFA,src/race/asm/FUN_06031DFA.c,306,code,0,2,0,1,1,0,0,RETAIL_LIVE,T_REACH_RETAIL_LIVE,
0x06031F2C,src/race/asm/FUN_06031F2C.c,228,code,0,2,0,1,1,0,0,RETAIL_LIVE,T_REACH_RETAIL_LIVE,
0x06032010,src/race/asm/FUN_06032010.c,140,code,0,3,0,1,1,0,0,RETAIL_LIVE,T_REACH_RETAIL_LIVE,
0x0603209C,src/race/asm/FUN_0603209C.c,516,code,0,2,0,1,1,0,0,RETAIL_LIVE,T_REACH_RETAIL_LIVE,
0x060322A0,src/race/asm/FUN_060322A0.c,172,code,0,2,0,1,1,0,0,RETAIL_DEAD,T_REACH_RETAIL_DEAD,
0x0603234C,src/race/asm/FUN_0603234C.c,412,code,0,2,0,1,1,0,0,RETAIL_LIVE,T_REACH_RETAIL_LIVE,
0x060324E8,src/race/asm/FUN_060324E8.c,68,code,0,3,0,1,1,0,0,RETAIL_LIVE,T_REACH_RETAIL_LIVE,
0x0603252C,src/race/asm/FUN_0603252C.c,328,code,0,2,0,1,1,0,0,RETAIL_LIVE,T_REACH_RETAIL_LIVE,
0x06032674,src/race/asm/FUN_06032674.c,584,code,0,1,0,1,1,0,0,RETAIL_DEAD,T_REACH_RETAIL_DEAD,
0x060328BC,src/race/asm/FUN_060328BC.c,92,code,0,1,0,1,1,0,0,RETAIL_DEAD,T_REACH_RETAIL_DEAD,
0x06032918,src/race/asm/FUN_06032918.c,408,code,0,0,1,0,0,0,0,RETAIL_DEAD,T_UNREACH_RETAIL_DEAD,
0x06032AB0,src/race/asm/FUN_06032AB0.c,252,code,0,2,0,1,1,0,0,RETAIL_LIVE,T_REACH_RETAIL_LIVE,
0x06032BAC,src/race/asm/FUN_06032BAC.c,540,code,0,2,0,1,1,0,0,RETAIL_LIVE,T_REACH_RETAIL_LIVE,
0x06032DC8,src/race/asm/FUN_06032DC8.c,76,code,0,2,0,1,1,0,0,RETAIL_DEAD,T_REACH_RETAIL_DEAD,
0x06032E14,src/race/asm/FUN_06032E14.c,48,code,0,3,0,1,1,0,0,RETAIL_LIVE,T_REACH_RETAIL_LIVE,
0x06032E44,src/race/asm/FUN_06032E44.c,620,code,0,1,0,1,1,0,0,RETAIL_LIVE,T_REACH_RETAIL_LIVE,
0x060330B0,src/race/asm/FUN_060330B0.c,96,code,0,3,0,1,1,0,0,RETAIL_LIVE,T_REACH_RETAIL_LIVE,
0x06033110,src/race/asm/FUN_06033110.c,404,code,0,3,0,1,1,0,0,RETAIL_LIVE,T_REACH_RETAIL_LIVE,
0x060332A4,src/race/asm/FUN_060332A4.c,200,code,0,2,0,1,1,0,0,RETAIL_DEAD,T_REACH_RETAIL_DEAD,
0x0603336C,src/race/asm/FUN_0603336C.c,226,code,0,2,0,1,1,0,0,RETAIL_LIVE,T_REACH_RETAIL_LIVE,
0x0603344E,src/race/asm/FUN_0603344E.c,238,code,0,0,1,0,0,0,0,RETAIL_LIVE,T_UNREACH_RETAIL_LIVE,PARSER_GAP?
0x0603353C,src/race/asm/FUN_0603353C.c,120,code,0,4,0,1,1,0,0,RETAIL_LIVE,T_REACH_RETAIL_LIVE,
0x060335B4,src/race/asm/FUN_060335B4.c,48,code,0,1,0,1,1,0,0,RETAIL_DEAD,T_REACH_RETAIL_DEAD,
0x060335E4,src/race/asm/FUN_060335E4.c,114,code,0,1,0,1,1,0,0,RETAIL_DEAD,T_REACH_RETAIL_DEAD,
0x06033656,src/race/asm/FUN_06033656.c,114,code,0,3,0,1,1,0,0,RETAIL_DEAD,T_REACH_RETAIL_DEAD,
0x060336C8,src/race/asm/FUN_060336C8.c,50,code,0,1,0,1,1,0,0,RETAIL_DEAD,T_REACH_RETAIL_DEAD,
0x060336FA,src/race/asm/FUN_060336FA.c,30,code,0,1,0,1,1,0,0,RETAIL_DEAD,T_REACH_RETAIL_DEAD,
0x06033718,src/race/asm/FUN_06033718.c,280,code,0,5,0,1,1,0,0,RETAIL_DEAD,T_REACH_RETAIL_DEAD,
0x06033830,src/race/asm/FUN_06033830.c,320,code,0,1,0,1,1,0,0,RETAIL_LIVE,T_REACH_RETAIL_LIVE,
0x06033970,src/race/asm/FUN_06033970.c,264,code,0,2,0,1,1,0,0,RETAIL_LIVE,T_REACH_RETAIL_LIVE,
0x06033A78,src/race/asm/FUN_06033A78.c,52,code,0,1,0,1,1,0,0,RETAIL_LIVE,T_REACH_RETAIL_LIVE,
0x06033AAC,src/race/asm/FUN_06033AAC.c,78,code,0,2,0,1,1,0,0,RETAIL_LIVE,T_REACH_RETAIL_LIVE,
0x06033AFA,src/race/asm/FUN_06033AFA.c,52,code,0,1,0,1,1,0,0,RETAIL_LIVE,T_REACH_RETAIL_LIVE,
0x06033B2E,src/race/asm/FUN_06033B2E.c,52,code,0,1,0,1,1,0,0,RETAIL_LIVE,T_REACH_RETAIL_LIVE,
0x06033B62,src/race/asm/FUN_06033B62.c,116,code,0,1,0,1,1,0,0,RETAIL_LIVE,T_REACH_RETAIL_LIVE,
0x06033BD6,src/race/asm/FUN_06033BD6.c,232,code,0,6,0,1,1,0,0,RETAIL_LIVE,T_REACH_RETAIL_LIVE,
0x06033CBE,src/race/asm/FUN_06033CBE.c,266,code,0,1,0,1,1,0,0,RETAIL_DEAD,T_REACH_RETAIL_DEAD,
0x06033DC8,src/race/asm/FUN_06033DC8.c,1720,code,0,1,0,1,1,0,0,RETAIL_DEAD,T_REACH_RETAIL_DEAD,
0x06034480,src/race/asm/FUN_06034480.c,310,code,0,1,0,1,1,0,0,RETAIL_DEAD,T_REACH_RETAIL_DEAD,
0x060345B6,src/race/asm/FUN_060345B6.c,74,code,0,1,0,1,1,0,0,RETAIL_DEAD,T_REACH_RETAIL_DEAD,
0x06034600,src/race/asm/FUN_06034600.c,72,code,0,1,0,1,1,0,0,RETAIL_DEAD,T_REACH_RETAIL_DEAD,
0x06034648,src/race/asm/FUN_06034648.c,70,code,0,1,0,1,1,0,0,RETAIL_DEAD,T_REACH_RETAIL_DEAD,
0x0603468E,src/race/asm/FUN_0603468E.c,90,code,0,3,0,1,1,0,0,RETAIL_DEAD,T_REACH_RETAIL_DEAD,
0x060346E8,src/race/asm/FUN_060346E8.c,80,code,0,1,0,1,1,0,0,RETAIL_DEAD,T_REACH_RETAIL_DEAD,
0x06034738,src/race/asm/FUN_06034738.c,252,code,0,2,0,1,1,0,0,RETAIL_DEAD,T_REACH_RETAIL_DEAD,
0x06034834,src/race/asm/FUN_06034834.c,122,code,0,1,0,1,1,0,0,RETAIL_DEAD,T_REACH_RETAIL_DEAD,
0x060348AE,src/race/asm/FUN_060348AE.c,86,code,0,3,0,1,1,0,0,RETAIL_DEAD,T_REACH_RETAIL_DEAD,
0x06034904,src/race/asm/FUN_06034904.c,196,code,0,1,0,1,1,0,0,RETAIL_DEAD,T_REACH_RETAIL_DEAD,
0x060349C8,src/race/asm/FUN_060349C8.c,142,code,0,2,0,1,1,0,0,RETAIL_DEAD,T_REACH_RETAIL_DEAD,
0x06034A56,src/race/asm/FUN_06034A56.c,74,code,0,1,0,1,1,0,0,RETAIL_DEAD,T_REACH_RETAIL_DEAD,
0x06034AA0,src/race/asm/FUN_06034AA0.c,258,code,0,3,0,1,1,0,0,RETAIL_DEAD,T_REACH_RETAIL_DEAD,
0x06034BA2,src/race/asm/FUN_06034BA2.c,198,code,0,1,0,1,1,0,0,RETAIL_DEAD,T_REACH_RETAIL_DEAD,
0x06034C68,src/race/asm/FUN_06034C68.c,8,code,0,0,1,0,0,0,0,RETAIL_DEAD,T_UNREACH_RETAIL_DEAD,
0x06034C70,src/race/asm/FUN_06034C70.c,124,code,0,2,0,1,1,0,0,RETAIL_DEAD,T_REACH_RETAIL_DEAD,
0x06034CEC,src/race/asm/FUN_06034CEC.c,70,code,0,2,0,1,1,0,0,RETAIL_LIVE,T_REACH_RETAIL_LIVE,
0x06034D32,src/race/asm/FUN_06034D32.c,94,code,0,3,0,1,1,0,0,RETAIL_LIVE,T_REACH_RETAIL_LIVE,
0x06034D90,src/race/asm/FUN_06034D90.c,428,code,0,1,0,1,1,0,0,RETAIL_LIVE,T_REACH_RETAIL_LIVE,
0x06034F3C,src/race/asm/FUN_06034F3C.c,656,code,0,2,0,1,1,0,0,RETAIL_LIVE,T_REACH_RETAIL_LIVE,
0x060351CC,src/race/asm/FUN_060351CC.c,284,code,0,2,0,1,1,0,0,RETAIL_LIVE,T_REACH_RETAIL_LIVE,
0x060352E8,src/race/asm/FUN_060352E8.c,440,code,0,1,0,1,1,0,0,RETAIL_LIVE,T_REACH_RETAIL_LIVE,
0x060354A0,src/race/asm/FUN_060354A0.c,388,code,0,1,0,1,0,1,0,RETAIL_LIVE,T_UNREACH_RETAIL_LIVE,
0x06035624,src/race/asm/FUN_06035624.c,300,code,0,1,0,1,0,0,1,RETAIL_LIVE,T_UNREACH_RETAIL_LIVE,
0x06035750,src/race/asm/FUN_06035750.c,436,code,0,1,0,1,0,0,0,RETAIL_LIVE,T_UNREACH_RETAIL_LIVE,
0x06035904,src/race/asm/FUN_06035904.c,522,code,0,1,0,1,0,0,0,RETAIL_LIVE,T_UNREACH_RETAIL_LIVE,
0x06035B0E,src/race/asm/FUN_06035B0E.c,34,code,0,1,0,1,0,0,0,RETAIL_LIVE,T_UNREACH_RETAIL_LIVE,
0x06035B30,src/race/asm/FUN_06035B30.c,296,code,0,2,0,1,0,1,0,RETAIL_LIVE,T_UNREACH_RETAIL_LIVE,
0x06035C58,src/race/asm/FUN_06035C58.c,64,code,0,3,0,1,0,0,1,RETAIL_LIVE,T_UNREACH_RETAIL_LIVE,
0x06035C98,src/race/asm/FUN_06035C98.c,592,code,0,1,0,1,0,1,0,RETAIL_LIVE,T_UNREACH_RETAIL_LIVE,
0x06035EE8,src/race/asm/FUN_06035EE8.c,96,code,0,3,0,1,0,0,1,RETAIL_LIVE,T_UNREACH_RETAIL_LIVE,
0x06035F48,src/race/asm/FUN_06035F48.c,980,code,0,2,0,1,0,0,0,RETAIL_LIVE,T_UNREACH_RETAIL_LIVE,
0x0603631C,src/race/asm/FUN_0603631C.c,976,code,0,2,0,1,0,0,0,RETAIL_DEAD,T_UNREACH_RETAIL_DEAD,
0x060366EC,src/race/asm/FUN_060366EC.c,120,code,0,2,0,1,0,0,0,RETAIL_LIVE,T_UNREACH_RETAIL_LIVE,
0x06036764,src/race/asm/FUN_06036764.c,44,code,0,1,0,1,0,0,0,RETAIL_DEAD,T_UNREACH_RETAIL_DEAD,
0x06036790,src/race/asm/FUN_06036790.c,324,code,0,4,0,1,0,0,0,RETAIL_LIVE,T_UNREACH_RETAIL_LIVE,
0x060368D4,src/race/asm/FUN_060368D4.c,64,code,0,1,0,1,1,1,0,RETAIL_LIVE,T_REACH_RETAIL_LIVE,
0x06036914,src/race/asm/FUN_06036914.c,52,code,0,2,0,1,1,0,1,RETAIL_LIVE,T_REACH_RETAIL_LIVE,
0x06036948,src/race/asm/FUN_06036948.c,72,code,0,1,0,1,1,1,0,RETAIL_LIVE,T_REACH_RETAIL_LIVE,
0x06036990,src/race/asm/FUN_06036990.c,224,code,0,4,0,1,1,0,1,RETAIL_LIVE,T_REACH_RETAIL_LIVE,
0x06036A70,src/race/asm/FUN_06036A70.c,56,code,0,2,0,1,1,0,0,RETAIL_LIVE,T_REACH_RETAIL_LIVE,
0x06036AA8,src/race/asm/FUN_06036AA8.c,184,code,0,6,0,1,1,0,0,RETAIL_LIVE,T_REACH_RETAIL_LIVE,
0x06036B60,src/race/asm/FUN_06036B60.c,88,code,0,1,0,1,1,0,0,RETAIL_LIVE,T_REACH_RETAIL_LIVE,
0x06036BB8,src/race/asm/FUN_06036BB8.c,308,code,0,1,0,1,1,0,0,RETAIL_LIVE,T_REACH_RETAIL_LIVE,
0x06036CEC,src/race/asm/FUN_06036CEC.c,102,code,0,1,0,1,0,0,0,RETAIL_LIVE,T_UNREACH_RETAIL_LIVE,
0x06036D52,src/race/asm/FUN_06036D52.c,42,code,0,1,0,1,0,0,0,RETAIL_LIVE,T_UNREACH_RETAIL_LIVE,
0x06036D7C,src/race/asm/FUN_06036D7C.c,42,code,0,1,0,1,0,0,0,RETAIL_LIVE,T_UNREACH_RETAIL_LIVE,
0x06036DA6,src/race/asm/FUN_06036DA6.c,198,code,0,4,0,1,0,0,0,RETAIL_DEAD,T_UNREACH_RETAIL_DEAD,
0x06036E6C,src/race/asm/FUN_06036E6C.c,36,code,0,1,0,1,1,0,0,RETAIL_LIVE,T_REACH_RETAIL_LIVE,
0x06036E90,src/race/asm/FUN_06036E90.c,36,code,0,1,0,1,1,0,0,RETAIL_LIVE,T_REACH_RETAIL_LIVE,
0x06036EB4,src/race/asm/FUN_06036EB4.c,140,code,0,4,0,1,1,0,0,RETAIL_DEAD,T_REACH_RETAIL_DEAD,
0x06036F40,src/race/asm/FUN_06036F40.c,158,code,0,2,0,1,1,0,0,RETAIL_LIVE,T_REACH_RETAIL_LIVE,
0x06036FDE,src/race/asm/FUN_06036FDE.c,108,code,0,3,0,1,1,0,0,RETAIL_LIVE,T_REACH_RETAIL_LIVE,
0x0603704A,src/race/asm/FUN_0603704A.c,86,code,0,2,0,1,1,0,0,RETAIL_LIVE,T_REACH_RETAIL_LIVE,
0x060370A0,src/race/asm/FUN_060370A0.c,352,code,0,2,0,1,1,0,0,RETAIL_LIVE,T_REACH_RETAIL_LIVE,
0x06037200,src/race/asm/FUN_06037200.c,356,code,0,1,0,1,0,1,0,RETAIL_LIVE,T_UNREACH_RETAIL_LIVE,
0x06037364,src/race/asm/FUN_06037364.c,170,code,0,2,0,1,1,0,1,RETAIL_DEAD,T_REACH_RETAIL_DEAD,
0x0603740E,src/race/asm/FUN_0603740E.c,52,code,0,2,0,1,1,0,0,RETAIL_DEAD,T_REACH_RETAIL_DEAD,
0x06037442,src/race/asm/FUN_06037442.c,66,code,0,3,0,1,1,1,0,RETAIL_DEAD,T_REACH_RETAIL_DEAD,
0x06037484,src/race/asm/FUN_06037484.c,110,code,0,3,0,1,1,0,1,RETAIL_LIVE,T_REACH_RETAIL_LIVE,
0x060374F2,src/race/asm/FUN_060374F2.c,160,code,0,2,0,1,1,0,0,RETAIL_LIVE,T_REACH_RETAIL_LIVE,
0x06037592,src/race/asm/FUN_06037592.c,100,code,0,3,0,1,1,0,0,RETAIL_LIVE,T_REACH_RETAIL_LIVE,
0x060375F6,src/race/asm/FUN_060375F6.c,94,code,0,2,0,1,1,0,0,RETAIL_LIVE,T_REACH_RETAIL_LIVE,
0x06037654,src/race/asm/FUN_06037654.c,1348,code,0,2,0,1,1,0,0,RETAIL_LIVE,T_REACH_RETAIL_LIVE,
0x06037B98,src/race/asm/FUN_06037B98.c,96,code,0,3,0,1,1,1,0,RETAIL_LIVE,T_REACH_RETAIL_LIVE,
0x06037BF8,src/race/asm/FUN_06037BF8.c,352,code,0,2,0,1,1,0,1,RETAIL_DEAD,T_REACH_RETAIL_DEAD,
0x06037D58,src/race/asm/FUN_06037D58.c,28,code,0,1,0,1,1,1,0,RETAIL_LIVE,T_REACH_RETAIL_LIVE,
0x06037D74,src/race/asm/FUN_06037D74.c,180,code,0,5,0,1,1,0,1,RETAIL_LIVE,T_REACH_RETAIL_LIVE,
0x06037E28,src/race/asm/FUN_06037E28.c,1692,code,0,5,0,1,1,0,0,RETAIL_LIVE,T_REACH_RETAIL_LIVE,
0x060384C4,src/race/asm/FUN_060384C4.c,266,code,0,2,0,1,1,0,0,RETAIL_LIVE,T_REACH_RETAIL_LIVE,
0x060385CE,src/race/asm/FUN_060385CE.c,266,code,0,2,0,1,1,0,0,RETAIL_LIVE,T_REACH_RETAIL_LIVE,
0x060386D8,src/race/asm/FUN_060386D8.c,938,code,0,1,0,1,0,0,0,RETAIL_LIVE,T_UNREACH_RETAIL_LIVE,
0x06038A82,src/race/asm/FUN_06038A82.c,322,code,0,3,0,1,0,0,0,RETAIL_LIVE,T_UNREACH_RETAIL_LIVE,
0x06038BC4,src/race/asm/FUN_06038BC4.c,160,code,0,1,0,1,0,0,0,RETAIL_LIVE,T_UNREACH_RETAIL_LIVE,
0x06038C64,src/race/asm/FUN_06038C64.c,372,code,0,3,0,1,1,0,0,RETAIL_LIVE,T_REACH_RETAIL_LIVE,
0x06038DD8,src/race/asm/FUN_06038DD8.c,572,code,0,1,0,1,0,0,0,RETAIL_LIVE,T_UNREACH_RETAIL_LIVE,
0x06039014,src/race/asm/FUN_06039014.c,252,code,0,2,0,1,1,0,0,RETAIL_LIVE,T_REACH_RETAIL_LIVE,
0x06039110,src/race/asm/FUN_06039110.c,242,code,0,2,0,1,1,0,0,RETAIL_LIVE,T_REACH_RETAIL_LIVE,
0x06039202,src/race/asm/FUN_06039202.c,392,code,0,1,0,1,1,0,0,RETAIL_LIVE,T_REACH_RETAIL_LIVE,
0x0603938A,src/race/asm/FUN_0603938A.c,286,code,0,2,0,1,1,0,0,RETAIL_LIVE,T_REACH_RETAIL_LIVE,
0x060394A8,src/race/asm/FUN_060394A8.c,708,code,0,3,0,1,1,0,0,RETAIL_DEAD,T_REACH_RETAIL_DEAD,
0x0603976C,src/race/asm/FUN_0603976C.c,486,code,0,3,0,1,1,0,0,RETAIL_LIVE,T_REACH_RETAIL_LIVE,
0x06039952,src/race/asm/FUN_06039952.c,338,code,0,2,0,1,1,0,0,RETAIL_LIVE,T_REACH_RETAIL_LIVE,
0x06039AA4,src/race/asm/FUN_06039AA4.c,236,code,0,8,0,1,1,0,0,RETAIL_LIVE,T_REACH_RETAIL_LIVE,
0x06039B90,src/race/asm/FUN_06039B90.c,84,code,0,3,0,1,1,0,0,RETAIL_LIVE,T_REACH_RETAIL_LIVE,
0x06039BE4,src/race/asm/FUN_06039BE4.c,488,code,0,1,0,1,1,0,0,RETAIL_LIVE,T_REACH_RETAIL_LIVE,
0x06039DCC,src/race/asm/FUN_06039DCC.c,268,code,0,1,0,1,1,0,0,RETAIL_LIVE,T_REACH_RETAIL_LIVE,
0x06039ED8,src/race/asm/FUN_06039ED8.c,716,code,0,1,0,1,1,0,0,RETAIL_LIVE,T_REACH_RETAIL_LIVE,
0x0603A1A4,src/race/asm/FUN_0603A1A4.c,930,code,0,1,0,1,1,0,0,RETAIL_LIVE,T_REACH_RETAIL_LIVE,
0x0603A546,src/race/asm/FUN_0603A546.c,206,code,0,2,0,1,1,0,0,RETAIL_LIVE,T_REACH_RETAIL_LIVE,
0x0603A614,src/race/asm/FUN_0603A614.c,60,code,0,1,0,1,1,0,0,RETAIL_LIVE,T_REACH_RETAIL_LIVE,
0x0603A650,src/race/asm/FUN_0603A650.c,80,code,0,1,0,1,1,0,0,RETAIL_LIVE,T_REACH_RETAIL_LIVE,
0x0603A6A0,src/race/asm/FUN_0603A6A0.c,28,code,0,0,1,0,0,0,0,RETAIL_LIVE,T_UNREACH_RETAIL_LIVE,PARSER_GAP?
0x0603A6BC,src/race/asm/FUN_0603A6BC.c,200,code,0,4,0,1,1,0,0,RETAIL_LIVE,T_REACH_RETAIL_LIVE,
0x0603A784,src/race/asm/FUN_0603A784.c,912,code,0,3,0,1,1,1,0,RETAIL_LIVE,T_REACH_RETAIL_LIVE,
0x0603AB14,src/race/asm/FUN_0603AB14.c,82,code,0,3,0,1,1,0,1,RETAIL_LIVE,T_REACH_RETAIL_LIVE,
0x0603AB66,src/race/asm/FUN_0603AB66.c,922,code,0,1,0,1,1,0,0,RETAIL_LIVE,T_REACH_RETAIL_LIVE,
0x0603AF00,src/race/asm/FUN_0603AF00.c,840,code,0,1,0,1,1,0,0,RETAIL_DEAD,T_REACH_RETAIL_DEAD,
0x0603B248,src/race/asm/FUN_0603B248.c,1204,code,0,5,0,1,1,0,0,RETAIL_LIVE,T_REACH_RETAIL_LIVE,
0x0603B6FC,src/race/asm/FUN_0603B6FC.c,580,code,0,1,0,1,1,0,0,RETAIL_DEAD,T_REACH_RETAIL_DEAD,
0x0603B940,src/race/asm/FUN_0603B940.c,58,code,0,1,0,1,1,0,0,RETAIL_LIVE,T_REACH_RETAIL_LIVE,
0x0603B97A,src/race/asm/FUN_0603B97A.c,1574,code,0,1,0,1,1,0,0,RETAIL_LIVE,T_REACH_RETAIL_LIVE,
0x0603BFA0,src/race/asm/FUN_0603BFA0.c,72,code,0,1,0,1,1,0,0,RETAIL_LIVE,T_REACH_RETAIL_LIVE,
0x0603BFE8,src/race/asm/FUN_0603BFE8.c,22,code,0,1,0,1,1,0,0,RETAIL_LIVE,T_REACH_RETAIL_LIVE,
0x0603BFFE,src/race/asm/FUN_0603BFFE.c,150,code,0,1,0,1,1,0,0,RETAIL_DEAD,T_REACH_RETAIL_DEAD,
0x0603C094,src/race/asm/FUN_0603C094.c,278,code,0,4,0,1,1,0,0,RETAIL_LIVE,T_REACH_RETAIL_LIVE,
0x0603C1AA,src/race/asm/FUN_0603C1AA.c,202,code,0,1,0,1,1,0,0,RETAIL_LIVE,T_REACH_RETAIL_LIVE,
0x0603C274,src/race/asm/FUN_0603C274.c,72,code,0,1,0,1,1,0,0,RETAIL_LIVE,T_REACH_RETAIL_LIVE,
0x0603C2BC,src/race/asm/FUN_0603C2BC.c,72,code,0,5,0,1,1,0,0,RETAIL_LIVE,T_REACH_RETAIL_LIVE,
0x0603C304,src/race/asm/FUN_0603C304.c,52,code,0,0,1,0,0,0,0,RETAIL_DEAD,T_UNREACH_RETAIL_DEAD,
0x0603C338,src/race/asm/FUN_0603C338.c,308,code,0,1,0,0,0,0,0,RETAIL_DEAD,T_UNREACH_RETAIL_DEAD,
0x0603C46C,src/race/asm/FUN_0603C46C.c,352,code,0,1,0,0,0,0,0,RETAIL_DEAD,T_UNREACH_RETAIL_DEAD,
0x0603C5CC,src/race/asm/FUN_0603C5CC.c,212,code,0,2,0,1,1,0,0,RETAIL_LIVE,T_REACH_RETAIL_LIVE,
0x0603C6A0,src/race/asm/FUN_0603C6A0.c,246,code,0,0,1,0,0,0,0,RETAIL_DEAD,T_UNREACH_RETAIL_DEAD,
0x0603C796,src/race/asm/FUN_0603C796.c,470,code,0,1,0,0,0,0,0,RETAIL_DEAD,T_UNREACH_RETAIL_DEAD,
0x0603C96C,src/race/asm/FUN_0603C96C.c,40,code,0,2,0,0,0,0,0,RETAIL_DEAD,T_UNREACH_RETAIL_DEAD,
0x0603C994,src/race/asm/FUN_0603C994.c,724,code,0,0,1,0,0,0,0,RETAIL_DEAD,T_UNREACH_RETAIL_DEAD,
0x0603CC68,src/race/asm/FUN_0603CC68.c,202,code,0,1,0,0,0,0,0,RETAIL_DEAD,T_UNREACH_RETAIL_DEAD,
0x0603CD32,src/race/asm/FUN_0603CD32.c,166,code,0,1,0,0,0,0,0,RETAIL_DEAD,T_UNREACH_RETAIL_DEAD,
0x0603CDD8,src/race/asm/FUN_0603CDD8.c,176,code,0,1,0,1,1,0,0,RETAIL_LIVE,T_REACH_RETAIL_LIVE,
0x0603CE88,src/race/asm/FUN_0603CE88.c,578,code,0,2,0,1,1,0,0,RETAIL_LIVE,T_REACH_RETAIL_LIVE,
0x0603D0CA,src/race/asm/FUN_0603D0CA.c,1028,code,0,4,0,1,1,0,0,RETAIL_LIVE,T_REACH_RETAIL_LIVE,
0x0603D4CE,src/race/asm/FUN_0603D4CE.c,138,code,0,4,0,1,1,0,0,RETAIL_LIVE,T_REACH_RETAIL_LIVE,
0x0603D558,src/race/asm/FUN_0603D558.c,396,code,0,1,0,1,1,0,0,RETAIL_LIVE,T_REACH_RETAIL_LIVE,
0x0603D6E4,src/race/asm/FUN_0603D6E4.c,668,code,0,1,0,1,1,0,0,RETAIL_DEAD,T_REACH_RETAIL_DEAD,
0x0603D980,src/race/asm/FUN_0603D980.c,210,code,0,2,0,1,1,0,0,RETAIL_LIVE,T_REACH_RETAIL_LIVE,
0x0603DA52,src/race/asm/FUN_0603DA52.c,38,code,0,1,0,1,1,0,0,RETAIL_LIVE,T_REACH_RETAIL_LIVE,
0x0603DA78,src/race/asm/FUN_0603DA78.c,116,code,0,3,0,1,1,0,0,RETAIL_LIVE,T_REACH_RETAIL_LIVE,
0x0603DAEC,src/race/asm/FUN_0603DAEC.c,38,code,0,1,0,1,1,0,0,RETAIL_LIVE,T_REACH_RETAIL_LIVE,
0x0603DB12,src/race/asm/FUN_0603DB12.c,138,code,0,0,1,0,0,0,0,RETAIL_DEAD,T_UNREACH_RETAIL_DEAD,
0x0603DB9C,src/race/asm/FUN_0603DB9C.c,256,code,0,4,0,1,1,0,0,RETAIL_DEAD,T_REACH_RETAIL_DEAD,
0x0603DC9C,src/race/asm/FUN_0603DC9C.c,124,code,0,1,0,1,1,0,0,RETAIL_LIVE,T_REACH_RETAIL_LIVE,
0x0603DD18,src/race/asm/FUN_0603DD18.c,150,code,0,2,0,1,1,0,0,RETAIL_LIVE,T_REACH_RETAIL_LIVE,
0x0603DDAE,src/race/asm/FUN_0603DDAE.c,186,code,0,3,0,1,1,0,0,RETAIL_LIVE,T_REACH_RETAIL_LIVE,
0x0603DE68,src/race/asm/FUN_0603DE68.c,84,code,0,2,0,1,1,0,0,RETAIL_LIVE,T_REACH_RETAIL_LIVE,
0x0603DEBC,src/race/asm/FUN_0603DEBC.c,64,code,0,3,0,1,1,0,0,RETAIL_LIVE,T_REACH_RETAIL_LIVE,
0x0603DEFC,src/race/asm/FUN_0603DEFC.c,44,code,0,2,0,1,1,0,0,RETAIL_DEAD,T_REACH_RETAIL_DEAD,
0x0603DF28,src/race/asm/FUN_0603DF28.c,92,code,0,1,0,1,1,0,0,RETAIL_DEAD,T_REACH_RETAIL_DEAD,
0x0603DF84,src/race/asm/FUN_0603DF84.c,310,code,0,1,0,1,1,0,0,RETAIL_DEAD,T_REACH_RETAIL_DEAD,
0x0603E0BA,src/race/asm/FUN_0603E0BA.c,146,code,0,2,0,1,1,0,0,RETAIL_DEAD,T_REACH_RETAIL_DEAD,
0x0603E14C,src/race/asm/FUN_0603E14C.c,500,code,0,1,0,1,1,0,0,RETAIL_LIVE,T_REACH_RETAIL_LIVE,
0x0603E340,src/race/asm/FUN_0603E340.c,84,code,0,2,0,1,1,0,0,RETAIL_LIVE,T_REACH_RETAIL_LIVE,
0x0603E394,src/race/asm/FUN_0603E394.c,84,code,0,2,0,1,1,0,0,RETAIL_DEAD,T_REACH_RETAIL_DEAD,
0x0603E3E8,src/race/asm/FUN_0603E3E8.c,116,code,0,2,0,1,1,1,0,RETAIL_DEAD,T_REACH_RETAIL_DEAD,
0x0603E45C,src/race/asm/FUN_0603E45C.c,22,code,0,1,0,1,1,0,1,RETAIL_DEAD,T_REACH_RETAIL_DEAD,
0x0603E472,src/race/asm/FUN_0603E472.c,22,code,0,1,0,1,1,0,0,RETAIL_DEAD,T_REACH_RETAIL_DEAD,
0x0603E488,src/race/asm/FUN_0603E488.c,28,code,0,1,0,1,1,0,0,RETAIL_LIVE,T_REACH_RETAIL_LIVE,
0x0603E4A4,src/race/asm/FUN_0603E4A4.c,360,code,0,3,0,1,1,0,0,RETAIL_LIVE,T_REACH_RETAIL_LIVE,
0x0603E60C,src/race/asm/FUN_0603E60C.c,360,code,0,1,0,1,1,0,0,RETAIL_DEAD,T_REACH_RETAIL_DEAD,
0x0603E774,src/race/asm/FUN_0603E774.c,60,code,0,3,0,0,0,0,0,RETAIL_DEAD,T_UNREACH_RETAIL_DEAD,
0x0603E7B0,src/race/asm/FUN_0603E7B0.c,356,code,0,1,0,0,0,0,0,RETAIL_LIVE,T_UNREACH_RETAIL_LIVE,PARSER_GAP?
0x0603E914,src/race/asm/FUN_0603E914.c,62,code,0,2,0,0,0,0,0,RETAIL_LIVE,T_UNREACH_RETAIL_LIVE,PARSER_GAP?
0x0603E952,src/race/asm/FUN_0603E952.c,82,code,0,2,0,0,0,0,0,RETAIL_LIVE,T_UNREACH_RETAIL_LIVE,PARSER_GAP?
0x0603E9A4,src/race/asm/FUN_0603E9A4.c,62,code,0,3,0,1,1,0,0,RETAIL_LIVE,T_REACH_RETAIL_LIVE,
0x0603E9E2,src/race/asm/FUN_0603E9E2.c,138,code,0,2,0,1,1,0,0,RETAIL_LIVE,T_REACH_RETAIL_LIVE,
0x0603EA6C,src/race/asm/FUN_0603EA6C.c,62,code,0,2,0,0,0,0,0,RETAIL_LIVE,T_UNREACH_RETAIL_LIVE,PARSER_GAP?
0x0603EAAA,src/race/asm/FUN_0603EAAA.c,312,code,0,1,0,0,0,0,0,RETAIL_LIVE,T_UNREACH_RETAIL_LIVE,PARSER_GAP?
0x0603EBE2,src/race/asm/FUN_0603EBE2.c,94,code,0,4,0,1,1,0,0,RETAIL_LIVE,T_REACH_RETAIL_LIVE,
0x0603EC40,src/race/asm/FUN_0603EC40.c,20,code,0,2,0,1,1,1,0,RETAIL_LIVE,T_REACH_RETAIL_LIVE,
0x0603EC54,src/race/asm/FUN_0603EC54.c,50,code,0,1,0,1,1,0,1,RETAIL_LIVE,T_REACH_RETAIL_LIVE,
0x0603EC86,src/race/asm/FUN_0603EC86.c,106,code,0,3,0,1,1,0,0,RETAIL_LIVE,T_REACH_RETAIL_LIVE,
0x0603ECF0,src/race/asm/FUN_0603ECF0.c,108,code,0,6,0,1,1,0,0,RETAIL_LIVE,T_REACH_RETAIL_LIVE,
0x0603ED5C,src/race/asm/FUN_0603ED5C.c,54,code,0,1,0,1,1,0,0,RETAIL_LIVE,T_REACH_RETAIL_LIVE,
0x0603ED92,src/race/asm/FUN_0603ED92.c,54,code,0,0,1,0,0,0,0,RETAIL_LIVE,T_UNREACH_RETAIL_LIVE,PARSER_GAP?
0x0603EDC8,src/race/asm/FUN_0603EDC8.c,108,code,0,1,0,1,1,0,0,RETAIL_LIVE,T_REACH_RETAIL_LIVE,
0x0603EE34,src/race/asm/FUN_0603EE34.c,20,code,0,1,0,1,1,0,0,RETAIL_LIVE,T_REACH_RETAIL_LIVE,
0x0603EE48,src/race/asm/FUN_0603EE48.c,28,code,0,6,0,1,1,0,0,RETAIL_LIVE,T_REACH_RETAIL_LIVE,
0x0603EE64,src/race/asm/FUN_0603EE64.c,88,code,0,4,0,1,1,0,0,RETAIL_LIVE,T_REACH_RETAIL_LIVE,
0x0603EEBC,src/race/asm/FUN_0603EEBC.c,384,code,0,3,0,1,1,0,0,RETAIL_LIVE,T_REACH_RETAIL_LIVE,
0x0603F03C,src/race/asm/FUN_0603F03C.c,24,code,0,1,0,1,1,0,0,RETAIL_DEAD,T_REACH_RETAIL_DEAD,
0x0603F054,src/race/asm/FUN_0603F054.c,96,code,0,7,0,1,1,0,0,RETAIL_DEAD,T_REACH_RETAIL_DEAD,
0x0603F0B4,src/race/asm/FUN_0603F0B4.c,90,code,0,2,0,1,1,0,0,RETAIL_LIVE,T_REACH_RETAIL_LIVE,
0x0603F10E,src/race/asm/FUN_0603F10E.c,36,code,0,2,0,1,1,0,0,RETAIL_LIVE,T_REACH_RETAIL_LIVE,
0x0603F132,src/race/asm/FUN_0603F132.c,52,code,0,2,0,1,1,0,0,RETAIL_LIVE,T_REACH_RETAIL_LIVE,
0x0603F166,src/race/asm/FUN_0603F166.c,754,code,0,3,0,1,1,0,0,RETAIL_LIVE,T_REACH_RETAIL_LIVE,
0x0603F458,src/race/asm/FUN_0603F458.c,88,code,0,3,0,1,1,0,0,RETAIL_DEAD,T_REACH_RETAIL_DEAD,
0x0603F4B0,src/race/asm/FUN_0603F4B0.c,14,code,0,0,1,0,0,0,0,RETAIL_DEAD,T_UNREACH_RETAIL_DEAD,
0x0603F4BE,src/race/asm/FUN_0603F4BE.c,70,code,0,3,0,1,1,0,0,RETAIL_LIVE,T_REACH_RETAIL_LIVE,
0x0603F504,src/race/asm/FUN_0603F504.c,48,code,0,1,0,1,1,0,0,RETAIL_LIVE,T_REACH_RETAIL_LIVE,
0x0603F534,src/race/asm/FUN_0603F534.c,88,code,0,3,0,1,1,0,0,RETAIL_LIVE,T_REACH_RETAIL_LIVE,
0x0603F58C,src/race/asm/FUN_0603F58C.c,114,code,0,2,0,1,1,0,0,RETAIL_LIVE,T_REACH_RETAIL_LIVE,
0x0603F5FE,src/race/asm/FUN_0603F5FE.c,30,code,0,0,1,0,0,0,0,RETAIL_LIVE,T_UNREACH_RETAIL_LIVE,PARSER_GAP?
0x0603F61C,src/race/asm/FUN_0603F61C.c,162,code,0,3,0,1,1,0,0,RETAIL_LIVE,T_REACH_RETAIL_LIVE,
0x0603F6BE,src/race/asm/FUN_0603F6BE.c,58,code,0,2,0,1,1,0,0,RETAIL_LIVE,T_REACH_RETAIL_LIVE,
0x0603F6F8,src/race/asm/FUN_0603F6F8.c,100,code,0,6,0,1,1,0,0,RETAIL_LIVE,T_REACH_RETAIL_LIVE,
0x0603F75C,src/race/asm/FUN_0603F75C.c,20,code,0,1,0,1,1,1,0,RETAIL_LIVE,T_REACH_RETAIL_LIVE,
0x0603F770,src/race/asm/FUN_0603F770.c,72,code,0,1,0,1,1,0,1,RETAIL_LIVE,T_REACH_RETAIL_LIVE,
0x0603F7B8,src/race/asm/FUN_0603F7B8.c,484,code,0,4,0,1,1,0,0,RETAIL_LIVE,T_REACH_RETAIL_LIVE,
0x0603F99C,src/race/asm/FUN_0603F99C.c,76,code,0,4,0,1,1,0,0,RETAIL_LIVE,T_REACH_RETAIL_LIVE,
0x0603F9E8,src/race/asm/FUN_0603F9E8.c,54,code,0,1,0,1,1,0,0,RETAIL_LIVE,T_REACH_RETAIL_LIVE,
0x0603FA1E,src/race/asm/FUN_0603FA1E.c,54,code,0,1,0,1,1,0,0,RETAIL_LIVE,T_REACH_RETAIL_LIVE,
0x0603FA54,src/race/asm/FUN_0603FA54.c,84,code,0,3,0,1,1,0,0,RETAIL_LIVE,T_REACH_RETAIL_LIVE,
0x0603FAA8,src/race/asm/FUN_0603FAA8.c,22,code,0,1,0,1,1,0,0,RETAIL_LIVE,T_REACH_RETAIL_LIVE,
0x0603FABE,src/race/asm/FUN_0603FABE.c,22,code,0,2,0,1,1,0,0,RETAIL_LIVE,T_REACH_RETAIL_LIVE,
0x0603FAD4,src/race/asm/FUN_0603FAD4.c,22,code,0,1,0,0,0,0,0,RETAIL_LIVE,T_UNREACH_RETAIL_LIVE,PARSER_GAP?
0x0603FAEA,src/race/asm/FUN_0603FAEA.c,230,code,0,3,0,1,1,0,0,RETAIL_LIVE,T_REACH_RETAIL_LIVE,
0x0603FBD0,src/race/asm/FUN_0603FBD0.c,44,code,0,3,0,1,1,0,0,RETAIL_LIVE,T_REACH_RETAIL_LIVE,
0x0603FBFC,src/race/asm/FUN_0603FBFC.c,20,code,0,1,0,0,0,0,0,RETAIL_LIVE,T_UNREACH_RETAIL_LIVE,PARSER_GAP?
0x0603FC10,src/race/asm/FUN_0603FC10.c,96,code,0,10,0,1,1,0,0,RETAIL_LIVE,T_REACH_RETAIL_LIVE,
0x0603FC70,src/race/asm/FUN_0603FC70.c,20,code,0,0,1,0,0,0,0,RETAIL_DEAD,T_UNREACH_RETAIL_DEAD,
0x0603FC84,src/race/asm/FUN_0603FC84.c,64,code,0,0,1,0,0,1,0,RETAIL_DEAD,T_UNREACH_RETAIL_DEAD,
0x0603FCC4,src/race/asm/FUN_0603FCC4.c,44,code,0,1,0,0,0,1,1,RETAIL_DEAD,T_UNREACH_RETAIL_DEAD,
0x0603FCF0,src/race/asm/FUN_0603FCF0.c,24,code,0,1,0,0,0,0,1,RETAIL_DEAD,T_UNREACH_RETAIL_DEAD,
0x0603FD08,src/race/asm/FUN_0603FD08.c,24,code,0,0,1,0,0,0,0,RETAIL_DEAD,T_UNREACH_RETAIL_DEAD,
0x0603FD20,src/race/asm/FUN_0603FD20.c,184,code,0,1,0,0,0,0,0,RETAIL_DEAD,T_UNREACH_RETAIL_DEAD,
0x0603FDD8,src/race/asm/FUN_0603FDD8.c,188,code,0,1,0,0,0,0,0,RETAIL_DEAD,T_UNREACH_RETAIL_DEAD,
0x0603FE94,src/race/asm/FUN_0603FE94.c,84,code,0,2,0,0,0,0,0,RETAIL_DEAD,T_UNREACH_RETAIL_DEAD,
0x0603FEE8,src/race/asm/FUN_0603FEE8.c,96,code,0,7,0,0,0,0,0,RETAIL_DEAD,T_UNREACH_RETAIL_DEAD,
0x0603FF48,src/race/asm/FUN_0603FF48.c,28,code,0,0,1,0,0,1,0,RETAIL_DEAD,T_UNREACH_RETAIL_DEAD,
0x0603FF64,src/race/asm/FUN_0603FF64.c,88,code,0,1,0,0,0,1,1,RETAIL_DEAD,T_UNREACH_RETAIL_DEAD,
0x0603FFBC,src/race/asm/FUN_0603FFBC.c,20,code,0,2,0,1,1,0,1,RETAIL_LIVE,T_REACH_RETAIL_LIVE,
0x0603FFD0,src/race/asm/FUN_0603FFD0.c,72,code,0,2,0,1,1,1,0,RETAIL_LIVE,T_REACH_RETAIL_LIVE,
0x06040018,src/race/asm/FUN_06040018.c,20,code,0,1,0,1,1,0,1,RETAIL_DEAD,T_REACH_RETAIL_DEAD,
0x0604002C,src/race/asm/FUN_0604002C.c,64,code,0,2,0,1,1,0,0,RETAIL_LIVE,T_REACH_RETAIL_LIVE,
0x0604006C,src/race/asm/FUN_0604006C.c,20,code,0,0,1,0,0,0,0,RETAIL_DEAD,T_UNREACH_RETAIL_DEAD,
0x06040080,src/race/asm/FUN_06040080.c,46,code,0,1,0,0,0,0,0,RETAIL_DEAD,T_UNREACH_RETAIL_DEAD,
0x060400AE,src/race/asm/FUN_060400AE.c,22,code,0,0,1,0,0,1,0,RETAIL_DEAD,T_UNREACH_RETAIL_DEAD,
0x060400C4,src/race/asm/FUN_060400C4.c,52,code,0,1,0,0,0,1,1,RETAIL_DEAD,T_UNREACH_RETAIL_DEAD,
0x060400F8,src/race/asm/FUN_060400F8.c,116,code,0,3,0,1,1,0,1,RETAIL_LIVE,T_REACH_RETAIL_LIVE,
0x0604016C,src/race/asm/FUN_0604016C.c,240,code,0,6,0,1,1,0,0,RETAIL_LIVE,T_REACH_RETAIL_LIVE,
0x0604025C,src/race/asm/FUN_0604025C.c,36,code,0,2,0,1,1,0,0,RETAIL_LIVE,T_REACH_RETAIL_LIVE,
0x06040280,src/race/asm/FUN_06040280.c,408,code,0,1,0,1,1,0,0,RETAIL_LIVE,T_REACH_RETAIL_LIVE,
0x06040418,src/race/asm/FUN_06040418.c,104,code,0,1,0,1,1,0,0,RETAIL_LIVE,T_REACH_RETAIL_LIVE,
0x06040480,src/race/asm/FUN_06040480.c,332,code,0,3,0,1,1,0,0,RETAIL_LIVE,T_REACH_RETAIL_LIVE,
0x060405CC,src/race/asm/FUN_060405CC.c,44,code,0,1,0,1,1,0,0,RETAIL_DEAD,T_REACH_RETAIL_DEAD,
0x060405F8,src/race/asm/FUN_060405F8.c,476,code,0,3,0,1,1,0,0,RETAIL_LIVE,T_REACH_RETAIL_LIVE,
0x060407D4,src/race/asm/FUN_060407D4.c,140,code,0,1,0,1,1,0,0,RETAIL_LIVE,T_REACH_RETAIL_LIVE,
0x06040860,src/race/asm/FUN_06040860.c,516,code,0,2,0,1,1,0,0,RETAIL_LIVE,T_REACH_RETAIL_LIVE,
0x06040A64,src/race/asm/FUN_06040A64.c,26,code,0,2,0,1,1,0,0,RETAIL_DEAD,T_REACH_RETAIL_DEAD,
0x06040A7E,src/race/asm/FUN_06040A7E.c,270,code,0,1,0,1,1,0,0,RETAIL_LIVE,T_REACH_RETAIL_LIVE,
0x06040B8C,src/race/asm/FUN_06040B8C.c,356,code,0,2,0,1,1,0,0,RETAIL_LIVE,T_REACH_RETAIL_LIVE,
0x06040CF0,src/race/asm/FUN_06040CF0.c,184,code,0,1,0,1,1,0,0,RETAIL_LIVE,T_REACH_RETAIL_LIVE,
0x06040DA8,src/race/asm/FUN_06040DA8.c,36,code,0,1,0,1,1,0,0,RETAIL_DEAD,T_REACH_RETAIL_DEAD,
0x06040DCC,src/race/asm/FUN_06040DCC.c,80,code,0,1,0,1,1,0,0,RETAIL_DEAD,T_REACH_RETAIL_DEAD,
0x06040E1C,src/race/asm/FUN_06040E1C.c,100,code,0,1,0,1,1,0,0,RETAIL_DEAD,T_REACH_RETAIL_DEAD,
0x06040E80,src/race/asm/FUN_06040E80.c,388,code,0,1,0,1,1,0,0,RETAIL_LIVE,T_REACH_RETAIL_LIVE,
0x06041004,src/race/asm/FUN_06041004.c,22,code,0,0,1,0,0,0,0,RETAIL_DEAD,T_UNREACH_RETAIL_DEAD,
0x0604101A,src/race/asm/FUN_0604101A.c,152,code,0,1,0,1,1,0,0,RETAIL_DEAD,T_REACH_RETAIL_DEAD,
0x060410B2,src/race/asm/FUN_060410B2.c,986,code,0,3,0,1,1,0,0,RETAIL_LIVE,T_REACH_RETAIL_LIVE,
0x0604148C,src/race/asm/FUN_0604148C.c,614,code,0,3,0,1,1,0,0,RETAIL_LIVE,T_REACH_RETAIL_LIVE,
0x060416F2,src/race/asm/FUN_060416F2.c,138,code,0,2,0,1,1,0,0,RETAIL_LIVE,T_REACH_RETAIL_LIVE,
0x0604177C,src/race/asm/FUN_0604177C.c,2320,code,0,2,0,1,1,0,0,RETAIL_LIVE,T_REACH_RETAIL_LIVE,
0x0604208C,src/race/asm/FUN_0604208C.c,848,code,0,2,0,1,1,0,0,RETAIL_LIVE,T_REACH_RETAIL_LIVE,
0x060423DC,src/race/asm/FUN_060423DC.c,120,code,0,1,0,1,1,0,0,RETAIL_LIVE,T_REACH_RETAIL_LIVE,
0x06042454,src/race/asm/FUN_06042454.c,100,code,0,3,0,1,1,0,0,RETAIL_LIVE,T_REACH_RETAIL_LIVE,
0x060424B8,src/race/asm/FUN_060424B8.c,114,code,0,3,0,1,1,0,0,RETAIL_LIVE,T_REACH_RETAIL_LIVE,
0x0604252A,src/race/asm/FUN_0604252A.c,66,code,0,3,0,1,1,0,0,RETAIL_LIVE,T_REACH_RETAIL_LIVE,
0x0604256C,src/race/asm/FUN_0604256C.c,112,code,0,1,0,1,1,0,0,RETAIL_LIVE,T_REACH_RETAIL_LIVE,
0x060425DC,src/race/asm/FUN_060425DC.c,112,code,0,2,0,1,1,0,0,RETAIL_LIVE,T_REACH_RETAIL_LIVE,
0x0604264C,src/race/asm/FUN_0604264C.c,844,code,0,1,0,1,1,0,0,RETAIL_LIVE,T_REACH_RETAIL_LIVE,
0x06042998,src/race/asm/FUN_06042998.c,54,code,0,1,0,1,1,0,0,RETAIL_DEAD,T_REACH_RETAIL_DEAD,
0x060429CE,src/race/asm/FUN_060429CE.c,298,code,0,2,0,1,1,0,0,RETAIL_LIVE,T_REACH_RETAIL_LIVE,
0x06042AF8,src/race/asm/FUN_06042AF8.c,124,code,0,2,0,1,1,0,0,RETAIL_LIVE,T_REACH_RETAIL_LIVE,
0x06042B74,src/race/asm/FUN_06042B74.c,240,code,0,1,0,1,1,0,0,RETAIL_LIVE,T_REACH_RETAIL_LIVE,
0x06042C64,src/race/asm/FUN_06042C64.c,128,code,0,1,0,1,1,0,0,RETAIL_LIVE,T_REACH_RETAIL_LIVE,
0x06042CE4,src/race/asm/FUN_06042CE4.c,224,code,0,1,0,1,1,0,0,RETAIL_LIVE,T_REACH_RETAIL_LIVE,
0x06042DC4,src/race/asm/FUN_06042DC4.c,52,code,0,2,0,1,1,0,0,RETAIL_LIVE,T_REACH_RETAIL_LIVE,
0x06042DF8,src/race/asm/FUN_06042DF8.c,308,code,0,2,0,1,1,0,0,RETAIL_LIVE,T_REACH_RETAIL_LIVE,
0x06042F2C,src/race/asm/FUN_06042F2C.c,484,code,0,1,0,1,1,0,0,RETAIL_LIVE,T_REACH_RETAIL_LIVE,
0x06043110,src/race/asm/FUN_06043110.c,104,code,0,2,0,1,1,0,0,RETAIL_LIVE,T_REACH_RETAIL_LIVE,
0x06043178,src/race/asm/FUN_06043178.c,68,code,0,3,0,1,1,0,0,RETAIL_LIVE,T_REACH_RETAIL_LIVE,
0x060431BC,src/race/asm/FUN_060431BC.c,10,code,0,1,0,1,1,0,0,RETAIL_LIVE,T_REACH_RETAIL_LIVE,
0x060431C6,src/race/asm/FUN_060431C6.c,50,code,0,1,0,1,1,0,0,RETAIL_LIVE,T_REACH_RETAIL_LIVE,
0x060431F8,src/race/asm/FUN_060431F8.c,396,code,0,3,0,1,1,0,0,RETAIL_LIVE,T_REACH_RETAIL_LIVE,
0x06043384,src/race/asm/FUN_06043384.c,108,code,0,3,0,1,1,0,0,RETAIL_LIVE,T_REACH_RETAIL_LIVE,
0x060433F0,src/race/asm/FUN_060433F0.c,112,code,0,1,0,1,1,0,0,RETAIL_LIVE,T_REACH_RETAIL_LIVE,
0x06043460,src/race/asm/FUN_06043460.c,112,code,0,1,0,1,1,0,0,RETAIL_LIVE,T_REACH_RETAIL_LIVE,
0x060434D0,src/race/asm/FUN_060434D0.c,352,code,0,2,0,1,1,0,0,RETAIL_LIVE,T_REACH_RETAIL_LIVE,
0x06043630,src/race/asm/FUN_06043630.c,160,code,0,1,0,1,1,0,0,RETAIL_LIVE,T_REACH_RETAIL_LIVE,
0x060436D0,src/race/asm/FUN_060436D0.c,120,code,0,1,0,1,1,0,0,RETAIL_LIVE,T_REACH_RETAIL_LIVE,
0x06043748,src/race/asm/FUN_06043748.c,200,code,0,1,0,1,1,0,0,RETAIL_LIVE,T_REACH_RETAIL_LIVE,
0x06043810,src/race/asm/FUN_06043810.c,68,code,0,1,0,1,1,0,0,RETAIL_LIVE,T_REACH_RETAIL_LIVE,
0x06043854,src/race/asm/FUN_06043854.c,116,code,0,1,0,1,1,0,0,RETAIL_LIVE,T_REACH_RETAIL_LIVE,
0x060438C8,src/race/asm/FUN_060438C8.c,108,code,0,1,0,1,1,0,0,RETAIL_LIVE,T_REACH_RETAIL_LIVE,
0x06043934,src/race/asm/FUN_06043934.c,88,code,0,1,0,1,1,0,0,RETAIL_LIVE,T_REACH_RETAIL_LIVE,
0x0604398C,src/race/asm/FUN_0604398C.c,104,code,0,1,0,1,1,0,0,RETAIL_LIVE,T_REACH_RETAIL_LIVE,
0x060439F4,src/race/asm/FUN_060439F4.c,272,code,0,2,0,1,1,0,0,RETAIL_LIVE,T_REACH_RETAIL_LIVE,
0x06043B04,src/race/asm/FUN_06043B04.c,132,code,0,1,0,1,1,0,0,RETAIL_LIVE,T_REACH_RETAIL_LIVE,
0x06043B88,src/race/asm/FUN_06043B88.c,152,code,0,2,0,1,1,0,0,RETAIL_LIVE,T_REACH_RETAIL_LIVE,
0x06043C20,src/race/asm/FUN_06043C20.c,172,code,0,0,1,0,0,0,0,RETAIL_DEAD,T_UNREACH_RETAIL_DEAD,
0x06043CCC,src/race/asm/FUN_06043CCC.c,580,code,0,1,0,1,1,0,0,RETAIL_LIVE,T_REACH_RETAIL_LIVE,
0x06043F10,src/race/asm/FUN_06043F10.c,20,code,0,1,0,1,1,0,0,RETAIL_LIVE,T_REACH_RETAIL_LIVE,
0x06043F24,src/race/asm/FUN_06043F24.c,316,code,0,2,0,1,1,1,0,RETAIL_LIVE,T_REACH_RETAIL_LIVE,
0x06044060,src/race/asm/FUN_06044060.c,128,code,0,2,0,1,1,0,1,RETAIL_LIVE,T_REACH_RETAIL_LIVE,
0x060440E0,src/race/asm/FUN_060440E0.c,88,code,0,1,0,1,1,0,0,RETAIL_LIVE,T_REACH_RETAIL_LIVE,
0x06044138,src/race/asm/FUN_06044138.c,524,code,0,3,0,1,1,0,0,RETAIL_LIVE,T_REACH_RETAIL_LIVE,
0x06044344,src/race/asm/FUN_06044344.c,580,code,0,3,0,1,1,0,0,RETAIL_LIVE,T_REACH_RETAIL_LIVE,
0x06044588,src/race/asm/FUN_06044588.c,216,code,0,3,0,1,1,0,0,RETAIL_LIVE,T_REACH_RETAIL_LIVE,
0x06044660,src/race/asm/FUN_06044660.c,62,code,0,1,0,1,1,0,0,RETAIL_DEAD,T_REACH_RETAIL_DEAD,
0x0604469E,src/race/asm/FUN_0604469E.c,86,code,0,2,0,1,1,0,0,RETAIL_DEAD,T_REACH_RETAIL_DEAD,
0x060446F4,src/race/asm/FUN_060446F4.c,148,code,0,2,0,1,1,0,0,RETAIL_LIVE,T_REACH_RETAIL_LIVE,
0x06044788,src/race/asm/FUN_06044788.c,172,code,0,1,0,1,1,0,0,RETAIL_LIVE,T_REACH_RETAIL_LIVE,
0x06044834,src/race/asm/FUN_06044834.c,20,code,0,5,0,1,1,0,0,RETAIL_LIVE,T_REACH_RETAIL_LIVE,
0x06044848,src/race/asm/FUN_06044848.c,344,code,0,1,0,1,1,0,0,RETAIL_LIVE,T_REACH_RETAIL_LIVE,
0x060449A0,src/race/asm/FUN_060449A0.c,250,code,0,1,0,1,1,0,0,RETAIL_LIVE,T_REACH_RETAIL_LIVE,
0x06044A9A,src/race/asm/FUN_06044A9A.c,134,code,0,2,0,1,1,0,0,RETAIL_DEAD,T_REACH_RETAIL_DEAD,
0x06044B20,src/race/asm/FUN_06044B20.c,172,code,0,1,0,1,1,0,0,RETAIL_DEAD,T_REACH_RETAIL_DEAD,
0x06044BCC,src/race/asm/FUN_06044BCC.c,408,code,0,2,0,1,1,0,0,RETAIL_LIVE,T_REACH_RETAIL_LIVE,
0x06044D64,src/race/asm/FUN_06044D64.c,16,code,0,0,1,0,0,1,0,RETAIL_DEAD,T_UNREACH_RETAIL_DEAD,
0x06044D74,src/race/asm/FUN_06044D74.c,52,code,0,16,0,1,1,0,1,RETAIL_LIVE,T_REACH_RETAIL_LIVE,
0x06044DA8,src/race/asm/FUN_06044DA8.c,16,code,0,0,1,0,0,1,0,RETAIL_DEAD,T_UNREACH_RETAIL_DEAD,
0x06044DB8,src/race/asm/FUN_06044DB8.c,56,code,0,27,0,1,1,1,1,RETAIL_LIVE,T_REACH_RETAIL_LIVE,
0x06044DF0,src/race/asm/FUN_06044DF0.c,4,code,0,4,0,1,1,0,1,RETAIL_LIVE,T_REACH_RETAIL_LIVE,
0x06044DF4,src/race/asm/FUN_06044DF4.c,52,code,0,3,0,1,1,0,0,RETAIL_LIVE,T_REACH_RETAIL_LIVE,
0x06044E28,src/race/asm/FUN_06044E28.c,20,code,0,5,0,1,1,0,0,RETAIL_LIVE,T_REACH_RETAIL_LIVE,
0x06044E3C,src/race/asm/FUN_06044E3C.c,36,code,0,33,0,1,1,0,0,RETAIL_LIVE,T_REACH_RETAIL_LIVE,
0x06044E60,src/race/asm/FUN_06044E60.c,36,code,0,1,0,1,1,0,0,RETAIL_LIVE,T_REACH_RETAIL_LIVE,
0x06044E84,src/race/asm/FUN_06044E84.c,40,code,0,0,1,0,0,1,0,RETAIL_DEAD,T_UNREACH_RETAIL_DEAD,
0x06044EAC,src/race/asm/FUN_06044EAC.c,40,code,0,1,0,0,0,1,1,RETAIL_DEAD,T_UNREACH_RETAIL_DEAD,
0x06044ED4,src/race/asm/FUN_06044ED4.c,32,code,0,1,0,0,0,1,1,RETAIL_DEAD,T_UNREACH_RETAIL_DEAD,
0x06044EF4,src/race/asm/FUN_06044EF4.c,32,code,0,3,0,1,1,1,1,RETAIL_LIVE,T_REACH_RETAIL_LIVE,
0x06044F14,src/race/asm/FUN_06044F14.c,28,code,0,2,0,1,1,0,1,RETAIL_DEAD,T_REACH_RETAIL_DEAD,
0x06044F30,src/race/asm/FUN_06044F30.c,52,code,0,9,0,1,1,1,0,RETAIL_LIVE,T_REACH_RETAIL_LIVE,
0x06044F64,src/race/asm/FUN_06044F64.c,28,code,0,1,0,1,1,1,1,RETAIL_DEAD,T_REACH_RETAIL_DEAD,
0x06044F80,src/race/asm/FUN_06044F80.c,28,code,0,1,0,1,1,1,1,RETAIL_DEAD,T_REACH_RETAIL_DEAD,
0x06044F9C,src/race/asm/FUN_06044F9C.c,24,code,0,1,0,1,1,0,1,RETAIL_DEAD,T_REACH_RETAIL_DEAD,
0x06044FB4,src/race/asm/FUN_06044FB4.c,20,code,0,0,1,0,0,0,0,RETAIL_DEAD,T_UNREACH_RETAIL_DEAD,
0x06044FC8,src/race/asm/FUN_06044FC8.c,20,code,0,0,1,0,0,0,0,RETAIL_DEAD,T_UNREACH_RETAIL_DEAD,
0x06044FDC,src/race/asm/FUN_06044FDC.c,20,code,0,0,1,0,0,0,0,RETAIL_DEAD,T_UNREACH_RETAIL_DEAD,
0x06044FF0,src/race/asm/FUN_06044FF0.c,112,code,0,21,0,1,1,0,0,RETAIL_LIVE,T_REACH_RETAIL_LIVE,
0x06045060,src/race/asm/FUN_06045060.c,118,code,0,32,0,1,1,0,0,RETAIL_LIVE,T_REACH_RETAIL_LIVE,
0x060450D6,src/race/asm/FUN_060450D6.c,126,code,0,22,0,1,1,0,0,RETAIL_LIVE,T_REACH_RETAIL_LIVE,
0x06045154,src/race/asm/FUN_06045154.c,68,code,0,1,0,1,1,0,0,RETAIL_DEAD,T_REACH_RETAIL_DEAD,
0x06045198,src/race/asm/FUN_06045198.c,18,code,0,0,1,0,0,0,0,RETAIL_DEAD,T_UNREACH_RETAIL_DEAD,
0x060451AA,src/race/asm/FUN_060451AA.c,18,code,0,0,1,0,0,0,0,RETAIL_DEAD,T_UNREACH_RETAIL_DEAD,
0x060451BC,src/race/asm/FUN_060451BC.c,60,code,0,2,0,0,0,0,0,RETAIL_DEAD,T_UNREACH_RETAIL_DEAD,
0x060451F8,src/race/asm/FUN_060451F8.c,32,code,0,0,1,0,0,0,0,RETAIL_DEAD,T_UNREACH_RETAIL_DEAD,
0x06045218,src/race/asm/FUN_06045218.c,32,code,0,0,1,0,0,0,0,RETAIL_DEAD,T_UNREACH_RETAIL_DEAD,
0x06045238,src/race/asm/FUN_06045238.c,152,code,0,2,0,0,0,0,0,RETAIL_DEAD,T_UNREACH_RETAIL_DEAD,
0x060452D0,src/race/asm/FUN_060452D0.c,32,code,0,1,0,1,1,0,0,RETAIL_LIVE,T_REACH_RETAIL_LIVE,
0x060452F0,src/race/asm/FUN_060452F0.c,40,code,0,0,1,0,0,0,0,RETAIL_DEAD,T_UNREACH_RETAIL_DEAD,
0x06045318,src/race/asm/FUN_06045318.c,40,code,0,0,1,0,0,0,0,RETAIL_DEAD,T_UNREACH_RETAIL_DEAD,
0x06045340,src/race/asm/FUN_06045340.c,40,code,0,0,1,0,0,0,0,RETAIL_DEAD,T_UNREACH_RETAIL_DEAD,
0x06045368,src/race/asm/FUN_06045368.c,80,code,0,3,0,1,1,0,0,RETAIL_LIVE,T_REACH_RETAIL_LIVE,
0x060453B8,src/race/asm/FUN_060453B8.c,436,code,0,4,0,1,1,1,0,RETAIL_LIVE,T_REACH_RETAIL_LIVE,
0x0604556C,src/race/asm/FUN_0604556C.c,48,code,0,1,0,1,1,0,1,RETAIL_DEAD,T_REACH_RETAIL_DEAD,
0x0604559C,src/race/asm/FUN_0604559C.c,52,code,0,2,0,1,1,0,0,RETAIL_DEAD,T_REACH_RETAIL_DEAD,
0x060455D0,src/race/asm/FUN_060455D0.c,18,code,0,1,0,1,1,0,0,RETAIL_DEAD,T_REACH_RETAIL_DEAD,
0x060455E2,src/race/asm/FUN_060455E2.c,50,code,0,3,0,1,1,0,0,RETAIL_LIVE,T_REACH_RETAIL_LIVE,
0x06045614,src/race/asm/FUN_06045614.c,12,code,0,0,1,0,0,0,0,RETAIL_DEAD,T_UNREACH_RETAIL_DEAD,
0x06045620,src/race/asm/FUN_06045620.c,12,code,0,0,1,0,0,0,0,RETAIL_DEAD,T_UNREACH_RETAIL_DEAD,
0x0604562C,src/race/asm/FUN_0604562C.c,36,code,0,1,0,1,1,0,0,RETAIL_LIVE,T_REACH_RETAIL_LIVE,
0x06045650,src/race/asm/FUN_06045650.c,20,code,0,2,0,1,1,0,0,RETAIL_LIVE,T_REACH_RETAIL_LIVE,
0x06045664,src/race/asm/FUN_06045664.c,20,code,0,2,0,1,1,0,0,RETAIL_LIVE,T_REACH_RETAIL_LIVE,
0x06045678,src/race/asm/FUN_06045678.c,32,code,0,2,0,1,1,0,0,RETAIL_DEAD,T_REACH_RETAIL_DEAD,
0x06045698,src/race/asm/FUN_06045698.c,16,code,0,6,0,1,1,0,0,RETAIL_LIVE,T_REACH_RETAIL_LIVE,
0x060456A8,src/race/asm/FUN_060456A8.c,26,code,0,4,0,1,1,0,0,RETAIL_LIVE,T_REACH_RETAIL_LIVE,
0x060456C2,src/race/asm/FUN_060456C2.c,42,code,0,8,0,1,1,0,0,RETAIL_LIVE,T_REACH_RETAIL_LIVE,
0x060456EC,src/race/asm/FUN_060456EC.c,6,code,0,0,1,0,0,0,0,RETAIL_DEAD,T_UNREACH_RETAIL_DEAD,
0x060456F2,src/race/asm/FUN_060456F2.c,10,code,0,1,0,0,0,0,0,RETAIL_DEAD,T_UNREACH_RETAIL_DEAD,
0x060456FC,src/race/asm/FUN_060456FC.c,24,code,0,0,1,0,0,0,0,RETAIL_DEAD,T_UNREACH_RETAIL_DEAD,
0x06045714,src/race/asm/FUN_06045714.c,36,code,0,0,1,0,0,0,0,RETAIL_DEAD,T_UNREACH_RETAIL_DEAD,
0x06045738,src/race/asm/FUN_06045738.c,76,code,0,1,0,0,0,0,0,RETAIL_DEAD,T_UNREACH_RETAIL_DEAD,
0x06045784,src/race/asm/FUN_06045784.c,36,code,0,0,1,0,0,0,0,RETAIL_DEAD,T_UNREACH_RETAIL_DEAD,
0x060457A8,src/race/asm/FUN_060457A8.c,16,code,0,3,0,1,1,0,0,RETAIL_LIVE,T_REACH_RETAIL_LIVE,
0x060457B8,src/race/asm/FUN_060457B8.c,36,code,0,0,1,0,0,0,0,RETAIL_DEAD,T_UNREACH_RETAIL_DEAD,
0x060457DC,src/race/asm/FUN_060457DC.c,86,code,0,23,0,1,1,0,0,RETAIL_LIVE,T_REACH_RETAIL_LIVE,
0x06045832,src/race/asm/FUN_06045832.c,36,code,0,0,1,0,0,0,0,RETAIL_DEAD,T_UNREACH_RETAIL_DEAD,
0x06045856,src/race/asm/FUN_06045856.c,94,code,0,1,0,0,0,0,0,RETAIL_DEAD,T_UNREACH_RETAIL_DEAD,
0x060458B4,src/race/asm/FUN_060458B4.c,36,code,0,0,1,0,0,0,0,RETAIL_DEAD,T_UNREACH_RETAIL_DEAD,
0x060458D8,src/race/asm/FUN_060458D8.c,92,code,0,1,0,0,0,0,0,RETAIL_DEAD,T_UNREACH_RETAIL_DEAD,
0x06045934,src/race/asm/FUN_06045934.c,36,code,0,0,1,0,0,0,0,RETAIL_DEAD,T_UNREACH_RETAIL_DEAD,
0x06045958,src/race/asm/FUN_06045958.c,108,code,0,17,0,1,1,0,0,RETAIL_LIVE,T_REACH_RETAIL_LIVE,
0x060459C4,src/race/asm/FUN_060459C4.c,104,code,0,6,0,1,1,0,0,RETAIL_LIVE,T_REACH_RETAIL_LIVE,
0x06045A2C,src/race/asm/FUN_06045A2C.c,82,code,0,4,0,1,1,0,0,RETAIL_LIVE,T_REACH_RETAIL_LIVE,
0x06045A7E,src/race/asm/FUN_06045A7E.c,66,code,0,2,0,1,1,0,0,RETAIL_LIVE,T_REACH_RETAIL_LIVE,
0x06045AC0,src/race/asm/FUN_06045AC0.c,80,code,0,7,0,1,1,0,0,RETAIL_LIVE,T_REACH_RETAIL_LIVE,
0x06045B10,src/race/asm/FUN_06045B10.c,56,code,0,1,0,1,1,1,0,RETAIL_LIVE,T_REACH_RETAIL_LIVE,
0x06045B48,src/race/asm/FUN_06045B48.c,44,code,0,2,0,1,1,1,1,RETAIL_LIVE,T_REACH_RETAIL_LIVE,
0x06045B74,src/race/asm/FUN_06045B74.c,200,code,0,3,0,1,1,1,1,RETAIL_LIVE,T_REACH_RETAIL_LIVE,
0x06045C3C,src/race/asm/FUN_06045C3C.c,96,code,0,7,0,1,1,1,1,RETAIL_LIVE,T_REACH_RETAIL_LIVE,
0x06045C9C,src/race/asm/FUN_06045C9C.c,48,code,0,7,0,1,1,0,1,RETAIL_LIVE,T_REACH_RETAIL_LIVE,
0x06045CCC,src/race/asm/FUN_06045CCC.c,56,code,0,3,0,1,1,1,0,RETAIL_LIVE,T_REACH_RETAIL_LIVE,
0x06045D04,src/race/asm/FUN_06045D04.c,124,code,0,5,0,1,1,1,1,RETAIL_LIVE,T_REACH_RETAIL_LIVE,
0x06045D80,src/race/asm/FUN_06045D80.c,134,code,0,5,0,1,1,1,1,RETAIL_LIVE,T_REACH_RETAIL_LIVE,
0x06045E06,src/race/asm/FUN_06045E06.c,62,code,0,6,0,1,1,0,1,RETAIL_LIVE,T_REACH_RETAIL_LIVE,
0x06045E44,src/race/asm/FUN_06045E44.c,258,code,0,5,0,1,1,0,0,RETAIL_LIVE,T_REACH_RETAIL_LIVE,
0x06045F46,src/race/asm/FUN_06045F46.c,122,code,0,1,0,1,1,1,0,RETAIL_DEAD,T_REACH_RETAIL_DEAD,
0x06045FC0,src/race/asm/FUN_06045FC0.c,100,code,0,3,0,1,1,0,1,RETAIL_DEAD,T_REACH_RETAIL_DEAD,
0x06046024,src/race/asm/FUN_06046024.c,832,code,0,0,1,0,0,1,0,RETAIL_LIVE,T_UNREACH_RETAIL_LIVE,PARSER_GAP?
0x06046364,src/race/asm/FUN_06046364.c,128,code,0,1,0,0,0,0,1,RETAIL_LIVE,T_UNREACH_RETAIL_LIVE,PARSER_GAP?
0x060463E4,src/race/asm/FUN_060463E4.c,148,code,0,2,0,1,1,0,0,RETAIL_LIVE,T_REACH_RETAIL_LIVE,
0x06046478,src/race/asm/FUN_06046478.c,168,code,0,3,0,1,1,0,0,RETAIL_LIVE,T_REACH_RETAIL_LIVE,
0x06046520,src/race/asm/FUN_06046520.c,226,code,0,1,0,1,1,0,0,RETAIL_LIVE,T_REACH_RETAIL_LIVE,
0x06046602,src/race/asm/FUN_06046602.c,118,code,0,5,0,1,1,0,0,RETAIL_LIVE,T_REACH_RETAIL_LIVE,
0x06046678,src/race/asm/FUN_06046678.c,36,code,0,0,1,0,0,0,0,RETAIL_DEAD,T_UNREACH_RETAIL_DEAD,
0x0604669C,src/race/asm/FUN_0604669C.c,112,code,0,1,0,0,0,0,0,RETAIL_DEAD,T_UNREACH_RETAIL_DEAD,
0x0604670C,src/race/asm/FUN_0604670C.c,66,code,0,2,0,0,0,0,0,RETAIL_DEAD,T_UNREACH_RETAIL_DEAD,
0x0604674E,src/race/asm/FUN_0604674E.c,62,code,0,2,0,0,0,0,0,RETAIL_DEAD,T_UNREACH_RETAIL_DEAD,
0x0604678C,src/race/asm/FUN_0604678C.c,36,code,0,0,1,0,0,0,0,RETAIL_DEAD,T_UNREACH_RETAIL_DEAD,
0x060467B0,src/race/asm/FUN_060467B0.c,92,code,0,2,0,1,1,1,0,RETAIL_LIVE,T_REACH_RETAIL_LIVE,
0x0604680C,src/race/asm/FUN_0604680C.c,114,code,0,2,0,1,1,0,1,RETAIL_LIVE,T_REACH_RETAIL_LIVE,
0x0604687E,src/race/asm/FUN_0604687E.c,46,code,0,2,0,1,1,0,0,RETAIL_DEAD,T_REACH_RETAIL_DEAD,
0x060468AC,src/race/asm/FUN_060468AC.c,92,code,0,1,0,1,1,1,0,RETAIL_DEAD,T_REACH_RETAIL_DEAD,
0x06046908,src/race/asm/FUN_06046908.c,132,code,0,1,0,1,1,0,1,RETAIL_DEAD,T_REACH_RETAIL_DEAD,
0x0604698C,src/race/asm/FUN_0604698C.c,148,code,0,1,0,1,1,0,0,RETAIL_LIVE,T_REACH_RETAIL_LIVE,
0x06046A20,src/race/asm/FUN_06046A20.c,112,code,0,1,0,1,1,0,0,RETAIL_LIVE,T_REACH_RETAIL_LIVE,
0x06046A90,src/race/asm/FUN_06046A90.c,88,code,0,1,0,1,1,0,0,RETAIL_LIVE,T_REACH_RETAIL_LIVE,
0x06046AE8,src/race/asm/FUN_06046AE8.c,84,code,0,1,0,1,1,0,0,RETAIL_LIVE,T_REACH_RETAIL_LIVE,
0x06046B3C,src/race/asm/FUN_06046B3C.c,40,code,0,4,0,1,1,1,0,RETAIL_LIVE,T_REACH_RETAIL_LIVE,
0x06046B64,src/race/asm/FUN_06046B64.c,112,code,0,5,0,1,1,0,1,RETAIL_LIVE,T_REACH_RETAIL_LIVE,
0x06046BD4,src/race/asm/FUN_06046BD4.c,32,code,0,4,0,1,1,1,0,RETAIL_LIVE,T_REACH_RETAIL_LIVE,
0x06046BF4,src/race/asm/FUN_06046BF4.c,32,code,0,5,0,1,1,1,1,RETAIL_LIVE,T_REACH_RETAIL_LIVE,
0x06046C14,src/race/asm/FUN_06046C14.c,28,code,0,3,0,1,1,1,1,RETAIL_LIVE,T_REACH_RETAIL_LIVE,
0x06046C30,src/race/asm/FUN_06046C30.c,160,code,0,1,0,1,1,1,1,RETAIL_DEAD,T_REACH_RETAIL_DEAD,
0x06046CD0,src/race/asm/FUN_06046CD0.c,32,code,0,2,0,1,1,0,1,RETAIL_LIVE,T_REACH_RETAIL_LIVE,
0x06046CF0,src/race/asm/FUN_06046CF0.c,32,code,0,2,0,1,1,0,0,RETAIL_LIVE,T_REACH_RETAIL_LIVE,
0x06046D10,src/race/asm/FUN_06046D10.c,32,code,0,2,0,1,1,0,0,RETAIL_LIVE,T_REACH_RETAIL_LIVE,
0x06046D30,src/race/asm/FUN_06046D30.c,72,code,0,1,0,1,1,0,0,RETAIL_LIVE,T_REACH_RETAIL_LIVE,
0x06046D78,src/race/asm/FUN_06046D78.c,32,code,0,1,0,1,1,1,0,RETAIL_LIVE,T_REACH_RETAIL_LIVE,
0x06046D98,src/race/asm/FUN_06046D98.c,118,code,0,2,0,1,1,0,1,RETAIL_LIVE,T_REACH_RETAIL_LIVE,
0x06046E0E,src/race/asm/FUN_06046E0E.c,86,code,0,2,0,1,1,0,0,RETAIL_LIVE,T_REACH_RETAIL_LIVE,
0x06046E64,src/race/asm/FUN_06046E64.c,88,code,0,2,0,1,1,1,0,RETAIL_LIVE,T_REACH_RETAIL_LIVE,
0x06046EBC,src/race/asm/FUN_06046EBC.c,280,code,0,2,0,1,1,1,1,RETAIL_LIVE,T_REACH_RETAIL_LIVE,
0x06046FD4,src/race/asm/FUN_06046FD4.c,64,code,0,3,0,1,1,0,1,RETAIL_LIVE,T_REACH_RETAIL_LIVE,
0x06047014,src/race/asm/FUN_06047014.c,100,code,0,2,0,1,1,1,0,RETAIL_LIVE,T_REACH_RETAIL_LIVE,
0x06047078,src/race/asm/FUN_06047078.c,20,code,0,1,0,1,1,0,1,RETAIL_LIVE,T_REACH_RETAIL_LIVE,
0x0604708C,src/race/asm/FUN_0604708C.c,28,code,0,0,1,0,0,0,0,RETAIL_LIVE,T_UNREACH_RETAIL_LIVE,PARSER_GAP?
0x060470A8,src/race/asm/FUN_060470A8.c,28,code,0,0,1,0,0,0,0,RETAIL_LIVE,T_UNREACH_RETAIL_LIVE,PARSER_GAP?
0x060470C4,src/race/asm/FUN_060470C4.c,18,code,0,0,1,0,0,0,0,RETAIL_LIVE,T_UNREACH_RETAIL_LIVE,PARSER_GAP?
0x060470D6,src/race/asm/FUN_060470D6.c,22,code,0,0,1,0,0,0,0,RETAIL_LIVE,T_UNREACH_RETAIL_LIVE,PARSER_GAP?
0x060470EC,src/race/asm/FUN_060470EC.c,18,code,0,0,1,0,0,0,0,RETAIL_LIVE,T_UNREACH_RETAIL_LIVE,PARSER_GAP?
0x060470FE,src/race/asm/FUN_060470FE.c,22,code,0,0,1,0,0,0,0,RETAIL_LIVE,T_UNREACH_RETAIL_LIVE,PARSER_GAP?
0x06047114,src/race/asm/FUN_06047114.c,4,code,0,0,1,0,0,0,0,RETAIL_LIVE,T_UNREACH_RETAIL_LIVE,PARSER_GAP?
0x06047118,src/race/asm/FUN_06047118.c,40,code,0,6,0,0,0,0,0,RETAIL_LIVE,T_UNREACH_RETAIL_LIVE,PARSER_GAP?
0x06047140,src/race/asm/FUN_06047140.c,68,code,0,3,0,1,1,0,0,RETAIL_LIVE,T_REACH_RETAIL_LIVE,
0x06047184,src/race/asm/FUN_06047184.c,88,code,0,2,0,1,1,1,0,RETAIL_LIVE,T_REACH_RETAIL_LIVE,
0x060471DC,src/race/asm/FUN_060471DC.c,20,code,0,1,0,1,1,0,1,RETAIL_LIVE,T_REACH_RETAIL_LIVE,
0x060471F0,src/race/asm/FUN_060471F0.c,28,code,0,0,1,0,0,0,0,RETAIL_LIVE,T_UNREACH_RETAIL_LIVE,PARSER_GAP?
0x0604720C,src/race/asm/FUN_0604720C.c,28,code,0,0,1,0,0,0,0,RETAIL_LIVE,T_UNREACH_RETAIL_LIVE,PARSER_GAP?
0x06047228,src/race/asm/FUN_06047228.c,18,code,0,0,1,0,0,0,0,RETAIL_LIVE,T_UNREACH_RETAIL_LIVE,PARSER_GAP?
0x0604723A,src/race/asm/FUN_0604723A.c,22,code,0,0,1,0,0,0,0,RETAIL_LIVE,T_UNREACH_RETAIL_LIVE,PARSER_GAP?
0x06047250,src/race/asm/FUN_06047250.c,18,code,0,0,1,0,0,0,0,RETAIL_LIVE,T_UNREACH_RETAIL_LIVE,PARSER_GAP?
0x06047262,src/race/asm/FUN_06047262.c,22,code,0,1,0,0,0,0,0,RETAIL_LIVE,T_UNREACH_RETAIL_LIVE,PARSER_GAP?
0x06047278,src/race/asm/FUN_06047278.c,4,code,0,0,1,0,0,0,0,RETAIL_LIVE,T_UNREACH_RETAIL_LIVE,PARSER_GAP?
0x0604727C,src/race/asm/FUN_0604727C.c,18,code,0,6,0,0,0,0,0,RETAIL_LIVE,T_UNREACH_RETAIL_LIVE,PARSER_GAP?
0x0604728E,src/race/asm/FUN_0604728E.c,62,code,0,2,0,1,1,0,0,RETAIL_LIVE,T_REACH_RETAIL_LIVE,
0x060472CC,src/race/asm/FUN_060472CC.c,636,code,0,2,0,1,1,0,0,RETAIL_LIVE,T_REACH_RETAIL_LIVE,
0x06047548,src/race/asm/FUN_06047548.c,64,code,0,1,0,1,1,1,0,RETAIL_LIVE,T_REACH_RETAIL_LIVE,
0x06047588,src/race/asm/FUN_06047588.c,232,code,0,3,0,1,1,0,1,RETAIL_LIVE,T_REACH_RETAIL_LIVE,
0x06047670,src/race/asm/FUN_06047670.c,96,code,0,21,0,1,1,0,0,RETAIL_LIVE,T_REACH_RETAIL_LIVE,
0x060476D0,src/race/asm/FUN_060476D0.c,120,code,0,1,0,1,1,0,0,RETAIL_DEAD,T_REACH_RETAIL_DEAD,
0x06047748,src/race/asm/FUN_06047748.c,40,code,0,2,0,1,1,0,0,RETAIL_LIVE,T_REACH_RETAIL_LIVE,
0x06047770,src/race/asm/FUN_06047770.c,68,code,0,2,0,1,1,0,0,RETAIL_DEAD,T_REACH_RETAIL_DEAD,
0x060477B4,src/race/asm/FUN_060477B4.c,32,code,0,2,0,1,1,0,0,RETAIL_LIVE,T_REACH_RETAIL_LIVE,
0x060477D4,src/race/asm/FUN_060477D4.c,40,code,0,2,0,1,1,0,0,RETAIL_LIVE,T_REACH_RETAIL_LIVE,
0x060477FC,src/race/asm/FUN_060477FC.c,106,code,0,1,0,1,1,0,0,RETAIL_LIVE,T_REACH_RETAIL_LIVE,
0x06047866,src/race/asm/FUN_06047866.c,82,code,0,1,0,1,1,0,0,RETAIL_LIVE,T_REACH_RETAIL_LIVE,
0x060478B8,src/race/asm/FUN_060478B8.c,98,code,0,1,0,1,1,0,0,RETAIL_DEAD,T_REACH_RETAIL_DEAD,
0x0604791A,src/race/asm/FUN_0604791A.c,82,code,0,1,0,1,1,0,0,RETAIL_DEAD,T_REACH_RETAIL_DEAD,
0x0604796C,src/race/asm/FUN_0604796C.c,26,code,0,2,0,1,1,0,0,RETAIL_LIVE,T_REACH_RETAIL_LIVE,
0x06047986,src/race/asm/FUN_06047986.c,26,code,0,2,0,1,1,0,0,RETAIL_LIVE,T_REACH_RETAIL_LIVE,
0x060479A0,src/race/asm/FUN_060479A0.c,54,code,0,1,0,1,1,0,0,RETAIL_DEAD,T_REACH_RETAIL_DEAD,
0x060479D6,src/race/asm/FUN_060479D6.c,50,code,0,2,0,1,1,1,0,RETAIL_LIVE,T_REACH_RETAIL_LIVE,
0x06047A08,src/race/asm/FUN_06047A08.c,124,code,0,2,0,1,1,0,1,RETAIL_DEAD,T_REACH_RETAIL_DEAD,
0x06047A84,src/race/asm/FUN_06047A84.c,92,code,0,2,0,1,1,0,0,RETAIL_LIVE,T_REACH_RETAIL_LIVE,
0x06047AE0,src/race/asm/FUN_06047AE0.c,32,code,0,2,0,1,1,0,0,RETAIL_LIVE,T_REACH_RETAIL_LIVE,
0x06047B00,src/race/asm/FUN_06047B00.c,52,code,0,2,0,1,1,0,0,RETAIL_LIVE,T_REACH_RETAIL_LIVE,
0x06047B34,src/race/asm/FUN_06047B34.c,92,code,0,2,0,1,1,0,0,RETAIL_LIVE,T_REACH_RETAIL_LIVE,
0x06047B90,src/race/asm/FUN_06047B90.c,212,code,0,1,0,1,1,0,0,RETAIL_LIVE,T_REACH_RETAIL_LIVE,
0x06047C64,src/race/asm/FUN_06047C64.c,188,code,0,1,0,0,0,0,0,RETAIL_DEAD,T_UNREACH_RETAIL_DEAD,
0x06047D20,src/race/asm/FUN_06047D20.c,20,code,0,20,0,1,1,1,0,RETAIL_LIVE,T_REACH_RETAIL_LIVE,
0x06047D34,src/race/asm/FUN_06047D34.c,28,code,0,22,0,1,1,1,1,RETAIL_LIVE,T_REACH_RETAIL_LIVE,
0x06047D50,src/race/asm/FUN_06047D50.c,24,code,0,2,0,1,1,0,1,RETAIL_LIVE,T_REACH_RETAIL_LIVE,
0x06047D68,src/race/asm/FUN_06047D68.c,28,code,0,3,0,1,1,1,0,RETAIL_LIVE,T_REACH_RETAIL_LIVE,
0x06047D84,src/race/asm/FUN_06047D84.c,56,code,0,4,0,1,1,0,1,RETAIL_DEAD,T_REACH_RETAIL_DEAD,
0x06047DBC,src/race/asm/FUN_06047DBC.c,52,code,0,3,0,1,1,0,0,RETAIL_LIVE,T_REACH_RETAIL_LIVE,
0x06047DF0,src/race/asm/FUN_06047DF0.c,28,code,0,1,0,1,1,0,0,RETAIL_DEAD,T_REACH_RETAIL_DEAD,
0x06047E0C,src/race/asm/FUN_06047E0C.c,144,code,0,25,0,1,1,0,0,RETAIL_LIVE,T_REACH_RETAIL_LIVE,
0x06047E9C,src/race/asm/FUN_06047E9C.c,84,code,0,1,0,1,1,0,0,RETAIL_DEAD,T_REACH_RETAIL_DEAD,
0x06047EF0,src/race/asm/FUN_06047EF0.c,40,code,0,2,0,1,1,0,0,RETAIL_DEAD,T_REACH_RETAIL_DEAD,
0x06047F18,src/race/asm/FUN_06047F18.c,68,code,0,2,0,1,1,1,0,RETAIL_LIVE,T_REACH_RETAIL_LIVE,
0x06047F5C,src/race/asm/FUN_06047F5C.c,20,code,0,1,0,1,1,0,1,RETAIL_DEAD,T_REACH_RETAIL_DEAD,
0x06047F70,src/race/asm/FUN_06047F70.c,88,code,0,0,1,0,0,1,0,RETAIL_DEAD,T_UNREACH_RETAIL_DEAD,
0x06047FC8,src/race/asm/FUN_06047FC8.c,72,code,0,1,0,0,0,1,1,RETAIL_DEAD,T_UNREACH_RETAIL_DEAD,
0x06048010,src/race/asm/FUN_06048010.c,64,code,0,2,0,0,0,0,1,RETAIL_DEAD,T_UNREACH_RETAIL_DEAD,
0x06048050,src/race/asm/FUN_06048050.c,12,code,0,0,1,0,0,0,0,RETAIL_DEAD,T_UNREACH_RETAIL_DEAD,
0x0604805C,src/race/asm/FUN_0604805C.c,104,code,0,1,0,0,0,0,0,RETAIL_DEAD,T_UNREACH_RETAIL_DEAD,
0x060480C4,src/race/asm/FUN_060480C4.c,18,code,0,1,0,1,1,0,0,RETAIL_DEAD,T_REACH_RETAIL_DEAD,
0x060480D6,src/race/asm/FUN_060480D6.c,138,code,0,1,0,1,1,0,0,RETAIL_DEAD,T_REACH_RETAIL_DEAD,
0x06048160,src/race/asm/FUN_06048160.c,32,code,0,7,0,1,1,0,0,RETAIL_LIVE,T_REACH_RETAIL_LIVE,
0x06048180,src/race/asm/FUN_06048180.c,12,code,0,15,0,1,1,1,0,RETAIL_LIVE,T_REACH_RETAIL_LIVE,
0x0604818C,src/race/asm/FUN_0604818C.c,28,code,0,13,0,1,1,0,1,RETAIL_LIVE,T_REACH_RETAIL_LIVE,
0x060481A8,src/race/asm/FUN_060481A8.c,84,code,0,1,0,1,1,0,0,RETAIL_LIVE,T_REACH_RETAIL_LIVE,
0x060481FC,src/race/asm/FUN_060481FC.c,76,code,0,3,0,1,1,0,0,RETAIL_LIVE,T_REACH_RETAIL_LIVE,
0x06048248,src/race/asm/FUN_06048248.c,12,code,0,1,0,1,1,0,0,RETAIL_LIVE,T_REACH_RETAIL_LIVE,
0x06048254,src/race/asm/FUN_06048254.c,36,code,0,1,0,1,1,0,0,RETAIL_LIVE,T_REACH_RETAIL_LIVE,
0x06048278,src/race/asm/FUN_06048278.c,20,code,0,4,0,1,1,0,0,RETAIL_LIVE,T_REACH_RETAIL_LIVE,
0x0604828C,src/race/asm/FUN_0604828C.c,28,code,0,4,0,1,1,0,0,RETAIL_LIVE,T_REACH_RETAIL_LIVE,
0x060482A8,src/race/asm/FUN_060482A8.c,80,code,0,2,0,1,1,0,0,RETAIL_LIVE,T_REACH_RETAIL_LIVE,
0x060482F8,src/race/asm/FUN_060482F8.c,68,code,0,4,0,1,1,0,0,RETAIL_LIVE,T_REACH_RETAIL_LIVE,
0x0604833C,src/race/asm/DAT_0604833C.c,17412,data,0,7,0,1,1,0,0,DATA,DATA_OR_UNKNOWN,
0x0604C740,src/race/asm/FUN_0604C740.c,44,code,0,1,0,0,0,1,0,RETAIL_DEAD,T_UNREACH_RETAIL_DEAD,
0x0604C76C,src/race/asm/FUN_0604C76C.c,56,code,0,1,0,0,0,0,1,RETAIL_DEAD,T_UNREACH_RETAIL_DEAD,
0x0604C7A4,src/race/asm/FUN_0604C7A4.c,128,code,0,0,1,0,0,0,0,RETAIL_DEAD,T_UNREACH_RETAIL_DEAD,
0x0604C824,src/race/asm/FUN_0604C824.c,104,code,0,2,0,1,1,0,0,RETAIL_LIVE,T_REACH_RETAIL_LIVE,
0x0604C88C,src/race/asm/FUN_0604C88C.c,200,code,0,14,0,1,1,1,0,RETAIL_LIVE,T_REACH_RETAIL_LIVE,
0x0604C954,src/race/asm/FUN_0604C954.c,192,code,0,2,0,1,1,0,1,RETAIL_LIVE,T_REACH_RETAIL_LIVE,
0x0604CA14,src/race/asm/DAT_0604CA14.c,32,data,0,1,0,1,1,0,0,DATA,DATA_OR_UNKNOWN,
0x0604CA34,src/race/asm/FUN_0604CA34.c,160,code,0,4,0,1,1,0,0,RETAIL_LIVE,T_REACH_RETAIL_LIVE,
0x0604CAD4,src/race/asm/FUN_0604CAD4.c,912,code,0,1,0,1,1,0,0,RETAIL_DEAD,T_REACH_RETAIL_DEAD,
0x0604CE64,src/race/asm/FUN_0604CE64.c,140,code,0,6,0,1,1,0,0,RETAIL_LIVE,T_REACH_RETAIL_LIVE,
0x0604CEF0,src/race/asm/FUN_0604CEF0.c,84,code,0,6,0,1,1,1,0,RETAIL_LIVE,T_REACH_RETAIL_LIVE,
0x0604CF44,src/race/asm/FUN_0604CF44.c,1084,code,0,12,0,1,1,1,1,RETAIL_LIVE,T_REACH_RETAIL_LIVE,
0x0604D380,src/race/asm/FUN_0604D380.c,512,code,0,3,0,1,1,0,1,RETAIL_LIVE,T_REACH_RETAIL_LIVE,
0x0604D580,src/race/asm/FUN_0604D580.c,312,code,0,1,0,1,0,0,0,RETAIL_LIVE,REMOVED_IN_TRANSPLANT,
0x0604D6B8,src/race/asm/FUN_0604D6B8.c,160,code,0,2,0,1,0,0,0,RETAIL_LIVE,REMOVED_IN_TRANSPLANT,
0x0604D758,src/race/asm/FUN_0604D758.c,40,code,0,1,0,1,0,0,0,RETAIL_LIVE,REMOVED_IN_TRANSPLANT,
0x0604D780,src/race/asm/FUN_0604D780.c,188,code,0,4,0,1,0,0,0,RETAIL_LIVE,REMOVED_IN_TRANSPLANT,
0x0604D83C,src/race/asm/FUN_0604D83C.c,272,code,0,2,0,1,0,0,0,RETAIL_LIVE,REMOVED_IN_TRANSPLANT,
0x0604D94C,src/race/asm/FUN_0604D94C.c,396,code,0,2,0,1,0,0,0,RETAIL_DEAD,REMOVED_IN_TRANSPLANT,
0x0604DAD8,src/race/asm/FUN_0604DAD8.c,56,code,0,1,0,1,0,0,0,RETAIL_LIVE,REMOVED_IN_TRANSPLANT,
0x0604DB10,src/race/asm/FUN_0604DB10.c,304,code,0,3,0,1,0,0,0,RETAIL_LIVE,REMOVED_IN_TRANSPLANT,
0x0604DC40,src/race/asm/FUN_0604DC40.c,196,code,0,1,0,1,0,0,0,RETAIL_LIVE,REMOVED_IN_TRANSPLANT,
0x0604DD04,src/race/asm/FUN_0604DD04.c,48,code,0,1,0,1,0,0,0,RETAIL_LIVE,REMOVED_IN_TRANSPLANT,
0x0604DD34,src/race/asm/FUN_0604DD34.c,248,code,0,3,0,1,0,0,0,RETAIL_LIVE,REMOVED_IN_TRANSPLANT,
0x0604DE2C,src/race/asm/FUN_0604DE2C.c,192,code,0,1,0,1,0,0,0,RETAIL_LIVE,REMOVED_IN_TRANSPLANT,
0x0604DEEC,src/race/asm/FUN_0604DEEC.c,552,code,0,2,0,1,0,0,0,RETAIL_LIVE,REMOVED_IN_TRANSPLANT,
0x0604E114,src/race/asm/DAT_0604E114.c,5488,data,0,51,0,1,1,0,0,DATA,DATA_OR_UNKNOWN,
0x0604F684,src/race/asm/DAT_0604F684.c,8068,data,0,36,0,1,1,0,0,DATA,DATA_OR_UNKNOWN,
