retail_name,transplant_addr,real_sigs,phantom_sigs,verdict
FUN_06028000,0x06028000,1,0,REAL_FIRE
FUN_06028DCA,0x06028DCA,1,1,REAL_FIRE
FUN_060291E0,0x060291E0,1,0,REAL_FIRE
FUN_06029588,0x06029588,2,0,REAL_FIRE
FUN_060295DE,0x060295DE,1,1,REAL_FIRE
FUN_06029810,0x06029810,3,0,REAL_FIRE
FUN_06029998,0x06029998,2,0,REAL_FIRE
FUN_06029A48,0x06029A48,0,0,SILENT
FUN_06029A60,0x06029A60,1,0,REAL_FIRE
FUN_06029A78,0x06029A78,3,0,REAL_FIRE
FUN_06029CA0,0x06029CA0,1,0,REAL_FIRE
FUN_06029D8C,0x06029D8C,1,0,REAL_FIRE
FUN_06029E90,0x06029E90,1,0,REAL_FIRE
FUN_06029F74,0x06029F74,1,0,REAL_FIRE
FUN_06029FE8,0x06029FE8,7,0,REAL_FIRE
FUN_0602A048,0x0602A048,4,0,REAL_FIRE
FUN_0602A118,0x0602A118,1,0,REAL_FIRE
FUN_0602A20C,0x0602A20C,0,0,SILENT
FUN_0602A2A4,0x0602A2A4,0,0,SILENT
FUN_0602A2FC,0x0602A2FC,0,0,SILENT
FUN_0602A370,0x0602A370,1,0,REAL_FIRE
FUN_0602A544,0x0602A544,0,0,SILENT
FUN_0602A664,0x0602A664,0,0,SILENT
FUN_0602A6EC,0x0602A6EC,1,0,REAL_FIRE
FUN_0602A818,0x0602A818,6,0,REAL_FIRE
FUN_0602A8F8,0x0602A8F8,0,0,SILENT
FUN_0602A958,0x0602A958,1,0,REAL_FIRE
FUN_0602A9F0,0x0602A9F0,0,0,SILENT
FUN_0602AA84,0x0602AA84,1,0,REAL_FIRE
FUN_0602AAA8,0x0602AAA8,3,1,REAL_FIRE
FUN_0602AB90,0x0602AB90,0,0,SILENT
FUN_0602AC38,0x0602AC38,0,0,SILENT
FUN_0602AE18,0x0602AE18,0,0,SILENT
FUN_0602AE44,0x0602AE44,0,0,SILENT
FUN_0602AE74,0x0602AE74,0,0,SILENT
FUN_0602AFD8,0x0602AFD8,0,0,SILENT
FUN_0602B014,0x0602B014,0,0,SILENT
FUN_0602B100,0x0602B100,0,0,SILENT
FUN_0602B1C0,0x0602B1C0,0,0,SILENT
FUN_0602B21C,0x0602B21C,4,0,REAL_FIRE
FUN_0602B22C,0x0602B22C,1,0,REAL_FIRE
FUN_0602B6D4,0x0602B6D4,2,0,REAL_FIRE
FUN_0602BAB8,0x0602BAB8,0,0,SILENT
FUN_0602BDDC,0x0602BDDC,0,0,SILENT
FUN_0602BEBE,0x0602BEBE,0,0,SILENT
FUN_0602C020,0x0602C020,1,0,REAL_FIRE
FUN_0602C044,0x0602C044,1,1,REAL_FIRE
FUN_0602C0A2,0x0602C0A2,0,1,PHANTOM_ONLY
FUN_0602C222,0x0602C222,0,0,SILENT
FUN_0602C3B4,0x0602C3B4,0,0,SILENT
FUN_0602C3BE,0x0602C3BE,0,0,SILENT
FUN_0602C3DE,0x0602C3DE,0,0,SILENT
FUN_0602C3F8,0x0602C3F8,0,0,SILENT
FUN_0602C45A,0x0602C45A,0,0,SILENT
FUN_0602C59A,0x0602C59A,0,0,SILENT
FUN_0602C6C8,0x0602C6C8,0,0,SILENT
FUN_0602C6EE,0x0602C6EE,0,0,SILENT
FUN_0602C764,0x0602C764,0,0,SILENT
FUN_0602C7C4,0x0602C7C4,0,0,SILENT
FUN_0602C854,0x0602C854,0,0,SILENT
FUN_0602C92A,0x0602C92A,0,0,SILENT
FUN_0602CA14,0x0602CA14,0,0,SILENT
FUN_0602CB26,0x0602CB26,0,0,SILENT
FUN_0602CC74,0x0602CC74,0,0,SILENT
FUN_0602CC84,0x0602CC84,1,0,REAL_FIRE
FUN_0602CD62,0x0602CD62,1,1,REAL_FIRE
FUN_0602CD98,0x0602CD98,1,0,REAL_FIRE
FUN_0602CF10,0x0602CF10,1,1,REAL_FIRE
FUN_0602D03A,0x0602D03A,1,1,REAL_FIRE
FUN_0602D046,0x0602D046,1,1,REAL_FIRE
FUN_0602D052,0x0602D052,0,1,PHANTOM_ONLY
FUN_0602D090,0x0602D090,0,0,SILENT
FUN_0602D102,0x0602D102,0,0,SILENT
FUN_0602D13A,0x0602D13A,1,0,REAL_FIRE
FUN_0602D270,0x0602D270,0,1,PHANTOM_ONLY
FUN_0602D37E,0x0602D37E,0,0,SILENT
FUN_0602D392,0x0602D392,1,0,REAL_FIRE
FUN_0602D4D0,0x0602D4D0,0,0,SILENT
FUN_0602D78C,0x0602D78C,0,0,SILENT
FUN_0602D9F0,0x0602D9F0,0,0,SILENT
FUN_0602DAAE,0x0602DAAE,0,0,SILENT
FUN_0602DBDC,0x0602DBDC,0,0,SILENT
FUN_0602DC80,0x0602DC80,0,0,SILENT
FUN_0602DD42,0x0602DD42,0,0,SILENT
FUN_0602DD50,0x0602DD50,0,0,SILENT
FUN_0602DE5C,0x0602DE5C,0,0,SILENT
FUN_0602DEE0,0x0602DEE0,0,0,SILENT
FUN_0602DF9C,0x0602DF9C,0,0,SILENT
FUN_0602E03C,0x0602E03C,0,0,SILENT
FUN_0602E094,0x0602E094,0,0,SILENT
FUN_0602E100,0x0602E100,0,0,SILENT
FUN_0602E266,0x0602E266,0,0,SILENT
FUN_0602E372,0x0602E372,0,0,SILENT
FUN_0602E3F4,0x0602E3F4,0,0,SILENT
FUN_0602E538,0x0602E538,0,0,SILENT
FUN_0602E596,0x0602E596,0,0,SILENT
FUN_0602E5A8,0x0602E5A8,0,0,SILENT
FUN_0602E5C0,0x0602E5C0,0,0,SILENT
FUN_0602E5D8,0x0602E5D8,0,0,SILENT
FUN_0602E610,0x0602E610,0,0,SILENT
FUN_0602E732,0x0602E732,0,0,SILENT
FUN_0602E738,0x0602E738,0,0,SILENT
FUN_0602E770,0x0602E770,0,0,SILENT
FUN_0602E7EC,0x0602E7EC,0,0,SILENT
FUN_0602E8B0,0x0602E8B0,0,0,SILENT
FUN_0602E91E,0x0602E91E,0,0,SILENT
FUN_0602E928,0x0602E928,1,0,REAL_FIRE
FUN_0602E988,0x0602E988,1,0,REAL_FIRE
FUN_0602EA6A,0x0602EA6A,0,1,PHANTOM_ONLY
FUN_0602ECAA,0x0602ECAA,0,0,SILENT
FUN_0602ED5A,0x0602ED5A,0,0,SILENT
FUN_0602ED84,0x0602ED84,0,0,SILENT
FUN_0602EDB4,0x0602EDB4,0,0,SILENT
FUN_0602EDDA,0x0602EDDA,0,0,SILENT
FUN_0602EE64,0x0602EE64,0,0,SILENT
FUN_0602EEA4,0x0602EEA4,0,0,SILENT
FUN_0602EED0,0x0602EED0,0,0,SILENT
FUN_0602EF10,0x0602EF10,0,0,SILENT
FUN_0602EF36,0x0602EF36,0,0,SILENT
FUN_0602EF5C,0x0602EF5C,0,0,SILENT
FUN_0602EFE4,0x0602EFE4,0,0,SILENT
FUN_0602F036,0x0602F036,0,0,SILENT
FUN_0602F054,0x0602F054,0,0,SILENT
FUN_0602F072,0x0602F072,0,0,SILENT
FUN_0602F114,0x0602F114,0,0,SILENT
FUN_0602F168,0x0602F168,0,0,SILENT
FUN_0602F178,0x0602F178,0,0,SILENT
FUN_0602F1D4,0x0602F1D4,0,0,SILENT
FUN_0602F20C,0x0602F20C,0,0,SILENT
FUN_0602F2B8,0x0602F2B8,0,0,SILENT
FUN_0602F312,0x0602F312,0,0,SILENT
FUN_0602F32A,0x0602F32A,0,0,SILENT
FUN_0602F34A,0x0602F34A,2,0,REAL_FIRE
FUN_0602F3F0,0x0602F3F0,0,0,SILENT
FUN_0602F42C,0x0602F42C,0,0,SILENT
FUN_0602F4A6,0x0602F4A6,0,0,SILENT
FUN_0602F4DA,0x0602F4DA,0,0,SILENT
FUN_0602F51C,0x0602F51C,0,0,SILENT
FUN_0602F564,0x0602F564,0,0,SILENT
FUN_0602F5B2,0x0602F5B2,0,0,SILENT
FUN_0602F65C,0x0602F65C,0,0,SILENT
FUN_0602F7C0,0x0602F7C0,0,0,SILENT
FUN_0602F814,0x0602F814,0,0,SILENT
FUN_0602F81E,0x0602F81E,1,0,REAL_FIRE
FUN_0602F8E8,0x0602F8E8,1,0,REAL_FIRE
FUN_0602FA88,0x0602FA88,1,1,REAL_FIRE
FUN_0602FACC,0x0602FACC,1,0,REAL_FIRE
FUN_0602FAEC,0x0602FAEC,1,1,REAL_FIRE
FUN_0602FB94,0x0602FB94,1,0,REAL_FIRE
FUN_0602FCD4,0x0602FCD4,1,0,REAL_FIRE
FUN_0602FCFE,0x0602FCFE,0,1,PHANTOM_ONLY
FUN_0602FD38,0x0602FD38,0,0,SILENT
FUN_0602FEEE,0x0602FEEE,0,0,SILENT
FUN_0602FFC0,0x0602FFC0,2,0,REAL_FIRE
FUN_0603004C,0x0603004C,0,2,PHANTOM_ONLY
FUN_06030090,0x06030090,0,0,SILENT
FUN_0603043A,0x0603043A,0,0,SILENT
FUN_06030488,0x06030488,0,0,SILENT
FUN_06030490,0x06030490,0,0,SILENT
FUN_06030520,0x06030520,0,0,SILENT
FUN_0603072A,0x0603072A,0,0,SILENT
FUN_06030742,0x06030742,0,0,SILENT
FUN_060307A0,0x060307A0,0,0,SILENT
FUN_06030824,0x06030824,0,0,SILENT
FUN_0603083C,0x0603083C,0,0,SILENT
FUN_060308C0,0x060308C0,0,0,SILENT
FUN_06030A1C,0x06030A1C,0,0,SILENT
FUN_06030A48,0x06030A48,1,0,REAL_FIRE
FUN_06030A80,0x06030A80,0,1,PHANTOM_ONLY
FUN_06030AD8,0x06030AD8,1,0,REAL_FIRE
FUN_06030AFA,0x06030AFA,0,1,PHANTOM_ONLY
FUN_06030B7C,0x06030B7C,0,0,SILENT
FUN_06030BA4,0x06030BA4,0,0,SILENT
FUN_06030C24,0x06030C24,0,0,SILENT
FUN_06030C5A,0x06030C5A,0,0,SILENT
FUN_06030C7C,0x06030C7C,1,0,REAL_FIRE
FUN_06030C9E,0x06030C9E,1,1,REAL_FIRE
FUN_06030CE2,0x06030CE2,0,1,PHANTOM_ONLY
FUN_06030CE6,0x06030CE6,0,0,SILENT
FUN_06030D20,0x06030D20,1,0,REAL_FIRE
FUN_06030DA2,0x06030DA2,0,1,PHANTOM_ONLY
FUN_06030DAA,0x06030DAA,0,0,SILENT
FUN_06030DB0,0x06030DB0,0,0,SILENT
FUN_06030DEE,0x06030DEE,0,0,SILENT
FUN_06030E32,0x06030E32,0,0,SILENT
FUN_06030E44,0x06030E44,0,0,SILENT
FUN_06030EC8,0x06030EC8,0,0,SILENT
FUN_06031008,0x06031008,0,0,SILENT
FUN_060312E0,0x060312E0,0,0,SILENT
FUN_060313FC,0x060313FC,0,0,SILENT
FUN_0603164A,0x0603164A,0,0,SILENT
FUN_06031848,0x06031848,0,0,SILENT
FUN_06031A08,0x06031A08,0,0,SILENT
FUN_06031B0C,0x06031B0C,0,0,SILENT
FUN_06031B84,0x06031B84,0,0,SILENT
FUN_06031BCE,0x06031BCE,0,0,SILENT
FUN_06031BE2,0x06031BE2,0,0,SILENT
FUN_06031C84,0x06031C84,1,0,REAL_FIRE
FUN_06031CC2,0x06031CC2,1,1,REAL_FIRE
FUN_06031DFA,0x06031DFA,1,1,REAL_FIRE
FUN_06031F2C,0x06031F2C,1,1,REAL_FIRE
FUN_06032010,0x06032010,1,0,REAL_FIRE
FUN_0603209C,0x0603209C,0,1,PHANTOM_ONLY
FUN_060322A0,0x060322A0,0,0,SILENT
FUN_0603234C,0x0603234C,0,0,SILENT
FUN_060324E8,0x060324E8,0,0,SILENT
FUN_0603252C,0x0603252C,0,0,SILENT
FUN_06032674,0x06032674,0,0,SILENT
FUN_060328BC,0x060328BC,0,0,SILENT
FUN_06032918,0x06032918,0,0,SILENT
FUN_06032AB0,0x06032AB0,0,0,SILENT
FUN_06032BAC,0x06032BAC,0,0,SILENT
FUN_06032DC8,0x06032DC8,0,0,SILENT
FUN_06032E14,0x06032E14,0,0,SILENT
FUN_06032E44,0x06032E44,0,0,SILENT
FUN_060330B0,0x060330B0,0,0,SILENT
FUN_06033110,0x06033110,0,0,SILENT
FUN_060332A4,0x060332A4,0,0,SILENT
FUN_0603336C,0x0603336C,0,0,SILENT
FUN_0603344E,0x0603344E,0,0,SILENT
FUN_0603353C,0x0603353C,0,0,SILENT
FUN_060335B4,0x060335B4,0,0,SILENT
FUN_060335E4,0x060335E4,0,0,SILENT
FUN_06033656,0x06033656,0,0,SILENT
FUN_060336C8,0x060336C8,0,0,SILENT
FUN_060336FA,0x060336FA,0,0,SILENT
FUN_06033718,0x06033718,0,0,SILENT
FUN_06033830,0x06033830,1,0,REAL_FIRE
FUN_06033970,0x06033970,1,1,REAL_FIRE
FUN_06033A78,0x06033A78,1,0,REAL_FIRE
FUN_06033AAC,0x06033AAC,1,1,REAL_FIRE
FUN_06033AFA,0x06033AFA,1,1,REAL_FIRE
FUN_06033B2E,0x06033B2E,0,1,PHANTOM_ONLY
FUN_06033B62,0x06033B62,1,0,REAL_FIRE
FUN_06033BD6,0x06033BD6,0,1,PHANTOM_ONLY
FUN_06033CBE,0x06033CBE,0,0,SILENT
FUN_06033DC8,0x06033DC8,0,0,SILENT
FUN_06034480,0x06034480,0,0,SILENT
FUN_060345B6,0x060345B6,0,0,SILENT
FUN_06034600,0x06034600,0,0,SILENT
FUN_06034648,0x06034648,0,0,SILENT
FUN_0603468E,0x0603468E,0,0,SILENT
FUN_060346E8,0x060346E8,0,0,SILENT
FUN_06034738,0x06034738,0,0,SILENT
FUN_06034834,0x06034834,0,0,SILENT
FUN_060348AE,0x060348AE,0,0,SILENT
FUN_06034904,0x06034904,0,0,SILENT
FUN_060349C8,0x060349C8,0,0,SILENT
FUN_06034A56,0x06034A56,0,0,SILENT
FUN_06034AA0,0x06034AA0,0,0,SILENT
FUN_06034BA2,0x06034BA2,0,0,SILENT
FUN_06034C68,0x06034C68,0,0,SILENT
FUN_06034C70,0x06034C70,0,0,SILENT
FUN_06034CEC,0x06034CEC,4,0,REAL_FIRE
FUN_06034D32,0x06034D32,1,1,REAL_FIRE
FUN_06034D90,0x06034D90,3,0,REAL_FIRE
FUN_06034F3C,0x06034F3C,1,1,REAL_FIRE
FUN_060351CC,0x060351C8,1,0,REAL_FIRE
FUN_060352E8,0x060352E4,0,0,SILENT
FUN_060354A0,0x0603549C,0,0,SILENT
FUN_06035624,0x06035620,0,0,SILENT
FUN_06035750,0x0603574C,0,0,SILENT
FUN_06035904,0x06035900,0,0,SILENT
FUN_06035B0E,0x06035B0A,0,0,SILENT
FUN_06035B30,0x06035B2C,0,0,SILENT
FUN_06035C58,0x06035C54,0,0,SILENT
FUN_06035C98,0x06035C94,0,0,SILENT
FUN_06035EE8,0x06035EE4,0,0,SILENT
FUN_06035F48,0x06035F44,0,0,SILENT
FUN_0603631C,0x06036318,0,0,SILENT
FUN_060366EC,0x060366E8,0,0,SILENT
FUN_06036764,0x06036760,0,0,SILENT
FUN_06036790,0x0603678C,0,0,SILENT
FUN_060368D4,0x060368D0,0,0,SILENT
FUN_06036914,0x06036910,0,0,SILENT
FUN_06036948,0x06036944,0,0,SILENT
FUN_06036990,0x0603698C,0,0,SILENT
FUN_06036A70,0x06036A6C,5,0,REAL_FIRE
FUN_06036AA8,0x06036AA4,8,0,REAL_FIRE
FUN_06036B60,0x06036B5C,1,1,REAL_FIRE
FUN_06036BB8,0x06036BB4,0,0,SILENT
FUN_06036CEC,0x06036CE8,0,0,SILENT
FUN_06036D52,0x06036D4E,0,0,SILENT
FUN_06036D7C,0x06036D78,0,0,SILENT
FUN_06036DA6,0x06036DA2,0,0,SILENT
FUN_06036E6C,0x06036E68,0,0,SILENT
FUN_06036E90,0x06036E8C,0,0,SILENT
FUN_06036EB4,0x06036EB0,0,0,SILENT
FUN_06036F40,0x06036F3C,0,0,SILENT
FUN_06036FDE,0x06036FDA,0,0,SILENT
FUN_0603704A,0x06037046,0,0,SILENT
FUN_060370A0,0x0603709C,0,0,SILENT
FUN_06037200,0x060371FC,0,0,SILENT
FUN_06037364,0x06037360,0,0,SILENT
FUN_0603740E,0x0603740A,0,0,SILENT
FUN_06037442,0x0603743E,0,0,SILENT
FUN_06037484,0x06037480,0,0,SILENT
FUN_060374F2,0x060374EE,0,0,SILENT
FUN_06037592,0x0603758E,0,0,SILENT
FUN_060375F6,0x060375F2,0,0,SILENT
FUN_06037654,0x06037650,0,0,SILENT
FUN_06037B98,0x06037B94,0,0,SILENT
FUN_06037BF8,0x06037BF4,0,0,SILENT
FUN_06037D58,0x06037D54,1,0,REAL_FIRE
FUN_06037D74,0x06037D70,1,0,REAL_FIRE
FUN_06037E28,0x06037E24,2,0,REAL_FIRE
FUN_060384C4,0x060384C0,1,0,REAL_FIRE
FUN_060385CE,0x060385CA,0,1,PHANTOM_ONLY
FUN_060386D8,0x060386D4,0,0,SILENT
FUN_06038A82,0x06038A7E,0,0,SILENT
FUN_06038BC4,0x06038BC0,0,0,SILENT
FUN_06038C64,0x06038C60,2,0,REAL_FIRE
FUN_06038DD8,0x06038DD4,0,0,SILENT
FUN_06039014,0x06039010,1,0,REAL_FIRE
FUN_06039110,0x0603910C,0,1,PHANTOM_ONLY
FUN_06039202,0x060391FE,0,0,SILENT
FUN_0603938A,0x06039386,1,0,REAL_FIRE
FUN_060394A8,0x060394A4,0,0,SILENT
FUN_0603976C,0x06039768,1,0,REAL_FIRE
FUN_06039952,0x0603994E,0,1,PHANTOM_ONLY
FUN_06039AA4,0x06039AA0,0,0,SILENT
FUN_06039B90,0x06039B8C,0,0,SILENT
FUN_06039BE4,0x06039BE0,2,0,REAL_FIRE
FUN_06039DCC,0x06039DC8,2,0,REAL_FIRE
FUN_06039ED8,0x06039ED4,0,0,SILENT
FUN_0603A1A4,0x0603A1A0,0,0,SILENT
FUN_0603A546,0x0603A542,0,0,SILENT
FUN_0603A614,0x0603A610,1,0,REAL_FIRE
FUN_0603A650,0x0603A64C,0,1,PHANTOM_ONLY
FUN_0603A6A0,0x0603A69C,0,0,SILENT
FUN_0603A6BC,0x0603A6B8,0,0,SILENT
FUN_0603A784,0x0603A780,0,0,SILENT
FUN_0603AB14,0x0603AB10,0,0,SILENT
FUN_0603AB66,0x0603AB62,0,0,SILENT
FUN_0603AF00,0x0603AEFC,0,0,SILENT
FUN_0603B248,0x0603B244,0,0,SILENT
FUN_0603B6FC,0x0603B6F8,0,0,SILENT
FUN_0603B940,0x0603B93C,1,0,REAL_FIRE
FUN_0603B97A,0x0603B976,1,1,REAL_FIRE
FUN_0603BFA0,0x0603BF9C,1,0,REAL_FIRE
FUN_0603BFE8,0x0603BFE4,0,1,PHANTOM_ONLY
FUN_0603BFFE,0x0603BFFA,0,0,SILENT
FUN_0603C094,0x0603C090,19,0,REAL_FIRE
FUN_0603C1AA,0x0603C1A6,1,1,REAL_FIRE
FUN_0603C274,0x0603C270,1,1,REAL_FIRE
FUN_0603C2BC,0x0603C2B8,3,1,REAL_FIRE
FUN_0603C304,0x0603C300,0,0,SILENT
FUN_0603C338,0x0603C334,0,0,SILENT
FUN_0603C46C,0x0603C468,0,0,SILENT
FUN_0603C5CC,0x0603C5C8,2,0,REAL_FIRE
FUN_0603C6A0,0x0603C69C,0,0,SILENT
FUN_0603C796,0x0603C792,0,0,SILENT
FUN_0603C96C,0x0603C968,0,0,SILENT
FUN_0603C994,0x0603C990,0,0,SILENT
FUN_0603CC68,0x0603CC64,0,0,SILENT
FUN_0603CD32,0x0603CD2E,0,0,SILENT
FUN_0603CDD8,0x0603CDD4,1,0,REAL_FIRE
FUN_0603CE88,0x0603CE84,1,0,REAL_FIRE
FUN_0603D0CA,0x0603D0C6,1,1,REAL_FIRE
FUN_0603D4CE,0x0603D4CA,3,1,REAL_FIRE
FUN_0603D558,0x0603D554,1,0,REAL_FIRE
FUN_0603D6E4,0x0603D6E0,0,0,SILENT
FUN_0603D980,0x0603D97C,1,0,REAL_FIRE
FUN_0603DA52,0x0603DA4E,0,1,PHANTOM_ONLY
FUN_0603DA78,0x0603DA74,2,0,REAL_FIRE
FUN_0603DAEC,0x0603DAE8,1,2,REAL_FIRE
FUN_0603DB12,0x0603DB0E,0,1,PHANTOM_ONLY
FUN_0603DB9C,0x0603DB98,0,0,SILENT
FUN_0603DC9C,0x0603DC98,0,0,SILENT
FUN_0603DD18,0x0603DD14,0,0,SILENT
FUN_0603DDAE,0x0603DDAA,0,0,SILENT
FUN_0603DE68,0x0603DE64,0,0,SILENT
FUN_0603DEBC,0x0603DEB8,0,0,SILENT
FUN_0603DEFC,0x0603DEF8,0,0,SILENT
FUN_0603DF28,0x0603DF24,0,0,SILENT
FUN_0603DF84,0x0603DF80,0,0,SILENT
FUN_0603E0BA,0x0603E0B6,0,0,SILENT
FUN_0603E14C,0x0603E148,0,0,SILENT
FUN_0603E340,0x0603E33C,0,0,SILENT
FUN_0603E394,0x0603E390,0,0,SILENT
FUN_0603E3E8,0x0603E3E4,0,0,SILENT
FUN_0603E45C,0x0603E458,0,0,SILENT
FUN_0603E472,0x0603E46E,0,0,SILENT
FUN_0603E488,0x0603E484,1,0,REAL_FIRE
FUN_0603E4A4,0x0603E4A0,1,1,REAL_FIRE
FUN_0603E60C,0x0603E608,0,0,SILENT
FUN_0603E774,0x0603E770,0,0,SILENT
FUN_0603E7B0,0x0603E7AC,0,0,SILENT
FUN_0603E914,0x0603E910,0,0,SILENT
FUN_0603E952,0x0603E94E,0,0,SILENT
FUN_0603E9A4,0x0603E9A0,1,0,REAL_FIRE
FUN_0603E9E2,0x0603E9DE,1,1,REAL_FIRE
FUN_0603EA6C,0x0603EA68,0,1,PHANTOM_ONLY
FUN_0603EAAA,0x0603EAA6,0,0,SILENT
FUN_0603EBE2,0x0603EBDE,30,0,REAL_FIRE
FUN_0603EC40,0x0603EC3C,33,0,REAL_FIRE
FUN_0603EC54,0x0603EC50,33,0,REAL_FIRE
FUN_0603EC86,0x0603EC82,4,3,REAL_FIRE
FUN_0603EC94,0x0603EC90,5,2,REAL_FIRE
FUN_0603ECF0,0x0603ECEC,0,3,PHANTOM_ONLY
FUN_0603ED00,0x0603ECFC,6,0,REAL_FIRE
FUN_0603ED5C,0x0603ED58,3,0,REAL_FIRE
FUN_0603ED92,0x0603ED8E,4,3,REAL_FIRE
FUN_0603EDC8,0x0603EDC4,2,0,REAL_FIRE
FUN_0603EDD6,0x0603EDD2,1,2,REAL_FIRE
FUN_0603EE34,0x0603EE30,1,1,REAL_FIRE
FUN_0603EE48,0x0603EE44,1,1,REAL_FIRE
FUN_0603EE64,0x0603EE60,1,1,REAL_FIRE
FUN_0603EEBC,0x0603EEB8,1,0,REAL_FIRE
FUN_0603EF8E,0x0603EF8A,0,0,SILENT
FUN_0603F03C,0x0603F038,0,0,SILENT
FUN_0603F054,0x0603F050,0,0,SILENT
FUN_0603F0B4,0x0603F0B0,0,0,SILENT
FUN_0603F0C2,0x0603F0BE,0,0,SILENT
FUN_0603F10E,0x0603F10A,6,0,REAL_FIRE
FUN_0603F132,0x0603F12E,3,0,REAL_FIRE
FUN_0603F166,0x0603F162,3,3,REAL_FIRE
FUN_0603F458,0x0603F454,0,0,SILENT
FUN_0603F4B0,0x0603F4AC,0,0,SILENT
FUN_0603F4BE,0x0603F4BA,0,0,SILENT
FUN_0603F504,0x0603F500,0,0,SILENT
FUN_0603F508,0x0603F504,0,0,SILENT
FUN_0603F534,0x0603F530,1,0,REAL_FIRE
FUN_0603F58C,0x0603F588,0,0,SILENT
FUN_0603F5FE,0x0603F5FA,0,0,SILENT
FUN_0603F61C,0x0603F618,1,0,REAL_FIRE
FUN_0603F6BE,0x0603F6BA,3,1,REAL_FIRE
FUN_0603F6F8,0x0603F6F4,3,3,REAL_FIRE
FUN_0603F75C,0x0603F758,1,0,REAL_FIRE
FUN_0603F770,0x0603F76C,1,0,REAL_FIRE
FUN_0603F7B8,0x0603F7B4,1,0,REAL_FIRE
FUN_0603F8AC,0x0603F8A8,5,0,REAL_FIRE
FUN_0603F99C,0x0603F998,3,4,REAL_FIRE
FUN_0603F9E8,0x0603F9E4,0,0,SILENT
FUN_0603FA1E,0x0603FA1A,0,0,SILENT
FUN_0603FA54,0x0603FA50,0,0,SILENT
FUN_0603FAA8,0x0603FAA4,0,0,SILENT
FUN_0603FABE,0x0603FABA,0,0,SILENT
FUN_0603FAD4,0x0603FAD0,0,0,SILENT
FUN_0603FAEA,0x0603FAE6,0,0,SILENT
FUN_0603FBD0,0x0603FBCC,0,0,SILENT
FUN_0603FBFC,0x0603FBF8,0,0,SILENT
FUN_0603FC10,0x0603FC0C,0,0,SILENT
FUN_0603FC70,0x0603FC6C,0,0,SILENT
FUN_0603FC84,0x0603FC80,0,0,SILENT
FUN_0603FCC4,0x0603FCC0,0,0,SILENT
FUN_0603FCF0,0x0603FCEC,0,0,SILENT
FUN_0603FD08,0x0603FD04,0,0,SILENT
FUN_0603FD20,0x0603FD1C,0,0,SILENT
FUN_0603FDD8,0x0603FDD4,0,0,SILENT
FUN_0603FE94,0x0603FE90,0,0,SILENT
FUN_0603FEE8,0x0603FEE4,0,0,SILENT
FUN_0603FF48,0x0603FF44,0,0,SILENT
FUN_0603FF64,0x0603FF60,0,0,SILENT
FUN_0603FFBC,0x0603FFB8,1,0,REAL_FIRE
FUN_0603FFD0,0x0603FFCC,1,1,REAL_FIRE
FUN_06040018,0x06040014,0,0,SILENT
FUN_0604002C,0x06040028,0,0,SILENT
FUN_0604006C,0x06040068,0,0,SILENT
FUN_06040080,0x0604007C,0,0,SILENT
FUN_060400AE,0x060400AA,0,0,SILENT
FUN_060400C4,0x060400C0,0,0,SILENT
FUN_060400F8,0x060400F4,1,0,REAL_FIRE
FUN_0604016C,0x06040168,1,0,REAL_FIRE
FUN_0604025C,0x06040258,1,0,REAL_FIRE
FUN_06040280,0x0604027C,1,0,REAL_FIRE
FUN_06040418,0x06040414,1,1,REAL_FIRE
FUN_06040480,0x0604047C,1,1,REAL_FIRE
FUN_060405CC,0x060405C8,0,0,SILENT
FUN_060405F8,0x060405F4,0,0,SILENT
FUN_06040606,0x06040602,0,0,SILENT
FUN_06040614,0x06040610,0,0,SILENT
FUN_06040618,0x06040614,0,0,SILENT
FUN_06040622,0x0604061E,0,0,SILENT
FUN_06040634,0x06040630,1,0,REAL_FIRE
FUN_060407D4,0x060407D0,0,0,SILENT
FUN_06040860,0x0604085C,0,0,SILENT
FUN_06040A64,0x06040A60,0,0,SILENT
FUN_06040A7E,0x06040A7A,0,0,SILENT
FUN_06040B8C,0x06040B88,1,0,REAL_FIRE
FUN_06040CF0,0x06040CEC,0,0,SILENT
FUN_06040DA8,0x06040DA4,0,0,SILENT
FUN_06040DCC,0x06040DC8,0,0,SILENT
FUN_06040E1C,0x06040E18,0,0,SILENT
FUN_06040E80,0x06040E7C,1,0,REAL_FIRE
FUN_06041004,0x06041000,0,0,SILENT
FUN_0604101A,0x06041016,0,0,SILENT
FUN_060410B2,0x060410AE,1,0,REAL_FIRE
FUN_0604148C,0x06041488,1,1,REAL_FIRE
FUN_060416F2,0x060416EE,0,1,PHANTOM_ONLY
FUN_0604177C,0x06041778,2,0,REAL_FIRE
FUN_0604208C,0x06042088,1,0,REAL_FIRE
FUN_060423DC,0x060423D8,1,0,REAL_FIRE
FUN_06042454,0x06042450,0,1,PHANTOM_ONLY
FUN_060424B8,0x060424B4,0,0,SILENT
FUN_0604252A,0x06042526,0,0,SILENT
FUN_0604256C,0x06042568,1,0,REAL_FIRE
FUN_060425DC,0x060425D8,1,1,REAL_FIRE
FUN_0604264C,0x06042648,1,0,REAL_FIRE
FUN_06042998,0x06042994,0,0,SILENT
FUN_060429CE,0x060429CA,0,0,SILENT
FUN_06042AF8,0x06042AF4,0,0,SILENT
FUN_06042B74,0x06042B70,0,0,SILENT
FUN_06042C64,0x06042C60,0,0,SILENT
FUN_06042CE4,0x06042CE0,0,0,SILENT
FUN_06042DC4,0x06042DC0,0,0,SILENT
FUN_06042DF8,0x06042DF4,0,0,SILENT
FUN_06042F2C,0x06042F28,0,0,SILENT
FUN_06043110,0x0604310C,0,0,SILENT
FUN_06043178,0x06043174,0,0,SILENT
FUN_060431BC,0x060431B8,1,0,REAL_FIRE
FUN_060431C6,0x060431C2,0,1,PHANTOM_ONLY
FUN_060431F8,0x060431F4,1,0,REAL_FIRE
FUN_06043384,0x06043380,1,1,REAL_FIRE
FUN_060433F0,0x060433EC,0,0,SILENT
FUN_06043460,0x0604345C,0,0,SILENT
FUN_060434D0,0x060434CC,0,0,SILENT
FUN_06043630,0x0604362C,0,0,SILENT
FUN_060436D0,0x060436CC,0,0,SILENT
FUN_06043748,0x06043744,0,0,SILENT
FUN_06043810,0x0604380C,0,0,SILENT
FUN_06043854,0x06043850,0,0,SILENT
FUN_060438C8,0x060438C4,0,0,SILENT
FUN_06043934,0x06043930,0,0,SILENT
FUN_0604398C,0x06043988,0,0,SILENT
FUN_060439F4,0x060439F0,0,0,SILENT
FUN_06043B04,0x06043B00,1,0,REAL_FIRE
FUN_06043B88,0x06043B84,0,0,SILENT
FUN_06043B8E,0x06043B8A,0,0,SILENT
FUN_06043C20,0x06043C1C,0,0,SILENT
FUN_06043CCC,0x06043CC8,0,0,SILENT
FUN_06043F10,0x06043F0C,0,0,SILENT
FUN_06043F24,0x06043F20,0,0,SILENT
FUN_06044060,0x0604405C,0,0,SILENT
FUN_060440E0,0x060440DC,0,0,SILENT
FUN_06044138,0x06044134,2,0,REAL_FIRE
FUN_06044344,0x06044340,2,2,REAL_FIRE
FUN_06044588,0x06044584,0,2,PHANTOM_ONLY
FUN_06044660,0x0604465C,0,0,SILENT
FUN_0604469E,0x0604469A,0,0,SILENT
FUN_060446F4,0x060446F0,0,0,SILENT
FUN_06044788,0x06044784,0,0,SILENT
FUN_06044834,0x06044830,0,0,SILENT
FUN_06044848,0x06044844,0,0,SILENT
FUN_060449A0,0x0604499C,0,0,SILENT
FUN_060449AC,0x060449A8,0,0,SILENT
FUN_06044A9A,0x06044A96,0,0,SILENT
FUN_06044B20,0x06044B1C,0,0,SILENT
FUN_06044BCC,0x06044BC8,2,0,REAL_FIRE
FUN_06044D64,0x06044D60,0,0,SILENT
FUN_06044D74,0x06044D70,1,0,REAL_FIRE
FUN_06044D80,0x06044D7C,7,0,REAL_FIRE
FUN_06044DA8,0x06044DA4,0,0,SILENT
FUN_06044DB8,0x06044DB4,0,0,SILENT
FUN_06044DBA,0x06044DB6,3,0,REAL_FIRE
FUN_06044DF0,0x06044DEC,0,0,SILENT
FUN_06044DF4,0x06044DF0,5,0,REAL_FIRE
FUN_06044E28,0x06044E24,5,2,REAL_FIRE
FUN_06044E3C,0x06044E38,10,5,REAL_FIRE
FUN_06044E60,0x06044E5C,0,9,PHANTOM_ONLY
FUN_06044E84,0x06044E80,0,0,SILENT
FUN_06044EAC,0x06044EA8,0,0,SILENT
FUN_06044ED4,0x06044ED0,0,0,SILENT
FUN_06044EF4,0x06044EF0,0,0,SILENT
FUN_06044F14,0x06044F10,0,0,SILENT
FUN_06044F30,0x06044F2C,1,0,REAL_FIRE
FUN_06044F64,0x06044F60,0,0,SILENT
FUN_06044F80,0x06044F7C,0,0,SILENT
FUN_06044F9C,0x06044F98,0,0,SILENT
FUN_06044FB4,0x06044FB0,0,0,SILENT
FUN_06044FC8,0x06044FC4,0,0,SILENT
FUN_06044FDC,0x06044FD8,0,0,SILENT
FUN_06044FF0,0x06044FEC,0,0,SILENT
FUN_06045000,0x06044FFC,0,0,SILENT
FUN_06045006,0x06045002,2,0,REAL_FIRE
FUN_06045060,0x0604505C,10,0,REAL_FIRE
FUN_06045078,0x06045074,0,0,SILENT
FUN_0604507E,0x0604507A,0,0,SILENT
FUN_06045080,0x0604507C,12,0,REAL_FIRE
FUN_060450D6,0x060450D2,0,6,PHANTOM_ONLY
FUN_060450EC,0x060450E8,0,0,SILENT
FUN_060450F2,0x060450EE,6,0,REAL_FIRE
FUN_06045154,0x06045150,0,0,SILENT
FUN_06045198,0x06045194,0,0,SILENT
FUN_060451AA,0x060451A6,0,0,SILENT
FUN_060451BC,0x060451B8,0,0,SILENT
FUN_060451BE,0x060451BA,0,0,SILENT
FUN_060451F8,0x060451F4,0,0,SILENT
FUN_06045218,0x06045214,0,0,SILENT
FUN_06045238,0x06045234,0,0,SILENT
FUN_060452D0,0x060452CC,2,0,REAL_FIRE
FUN_060452F0,0x060452EC,0,0,SILENT
FUN_06045318,0x06045314,0,0,SILENT
FUN_06045340,0x0604533C,0,0,SILENT
FUN_06045368,0x06045364,2,0,REAL_FIRE
FUN_06045378,0x06045374,4,0,REAL_FIRE
FUN_060453B8,0x060453B4,0,0,SILENT
FUN_060453C8,0x060453C4,0,0,SILENT
FUN_060453CC,0x060453C8,4,0,REAL_FIRE
FUN_0604556C,0x06045568,0,0,SILENT
FUN_0604559C,0x06045598,0,0,SILENT
FUN_060455D0,0x060455CC,0,0,SILENT
FUN_060455E2,0x060455DE,1,0,REAL_FIRE
FUN_06045614,0x06045610,0,0,SILENT
FUN_06045620,0x0604561C,0,0,SILENT
FUN_0604562C,0x06045628,1,0,REAL_FIRE
FUN_06045650,0x0604564C,1,0,REAL_FIRE
FUN_06045664,0x06045660,0,1,PHANTOM_ONLY
FUN_06045678,0x06045674,0,0,SILENT
FUN_06045698,0x06045694,1,0,REAL_FIRE
FUN_060456A8,0x060456A4,2,0,REAL_FIRE
FUN_060456C2,0x060456BE,2,1,REAL_FIRE
FUN_060456C8,0x060456C4,2,1,REAL_FIRE
FUN_060456CC,0x060456C8,5,0,REAL_FIRE
FUN_060456EC,0x060456E8,0,0,SILENT
FUN_060456F2,0x060456EE,0,0,SILENT
FUN_060456FC,0x060456F8,0,0,SILENT
FUN_06045714,0x06045710,0,0,SILENT
FUN_06045738,0x06045734,0,0,SILENT
FUN_06045784,0x06045780,0,0,SILENT
FUN_060457A8,0x060457A4,0,0,SILENT
FUN_060457B8,0x060457B4,0,0,SILENT
FUN_060457DC,0x060457D8,0,0,SILENT
FUN_060457E4,0x060457E0,0,0,SILENT
FUN_06045832,0x0604582E,0,0,SILENT
FUN_06045856,0x06045852,0,0,SILENT
FUN_060458B4,0x060458B0,0,0,SILENT
FUN_060458D8,0x060458D4,0,0,SILENT
FUN_06045934,0x06045930,0,0,SILENT
FUN_06045958,0x06045954,1,0,REAL_FIRE
FUN_060459C4,0x060459C0,1,1,REAL_FIRE
FUN_06045A2C,0x06045A28,0,1,PHANTOM_ONLY
FUN_06045A7E,0x06045A7A,0,0,SILENT
FUN_06045AC0,0x06045ABC,1,0,REAL_FIRE
FUN_06045ADC,0x06045AD8,1,0,REAL_FIRE
FUN_06045AF4,0x06045AF0,0,1,PHANTOM_ONLY
FUN_06045B10,0x06045B0C,1,0,REAL_FIRE
FUN_06045B48,0x06045B44,1,0,REAL_FIRE
FUN_06045B74,0x06045B70,1,0,REAL_FIRE
FUN_06045BA0,0x06045B9C,1,0,REAL_FIRE
FUN_06045C3C,0x06045C38,0,0,SILENT
FUN_06045C9C,0x06045C98,4,0,REAL_FIRE
FUN_06045CCC,0x06045CC8,9,2,REAL_FIRE
FUN_06045D04,0x06045D00,2,0,REAL_FIRE
FUN_06045D80,0x06045D7C,2,0,REAL_FIRE
FUN_06045E06,0x06045E02,3,0,REAL_FIRE
FUN_06045E44,0x06045E40,4,0,REAL_FIRE
FUN_06045F46,0x06045F42,0,0,SILENT
FUN_06045FC0,0x06045FBC,0,0,SILENT
FUN_06046024,0x06046020,0,0,SILENT
FUN_06046364,0x06046360,8,0,REAL_FIRE
FUN_060463E4,0x060463E0,0,1,PHANTOM_ONLY
FUN_06046478,0x06046474,0,0,SILENT
FUN_06046520,0x0604651C,1,0,REAL_FIRE
FUN_06046602,0x060465FE,0,1,PHANTOM_ONLY
FUN_06046678,0x06046674,0,0,SILENT
FUN_0604669C,0x06046698,0,0,SILENT
FUN_0604670C,0x06046708,0,0,SILENT
FUN_0604674E,0x0604674A,0,0,SILENT
FUN_0604678C,0x06046788,0,0,SILENT
FUN_060467B0,0x060467AC,0,0,SILENT
FUN_0604680C,0x06046808,0,0,SILENT
FUN_0604687E,0x0604687A,0,0,SILENT
FUN_060468AC,0x060468A8,0,0,SILENT
FUN_06046908,0x06046904,0,0,SILENT
FUN_0604698C,0x06046988,2,0,REAL_FIRE
FUN_06046A20,0x06046A1C,2,0,REAL_FIRE
FUN_06046A90,0x06046A8C,1,2,REAL_FIRE
FUN_06046AE8,0x06046AE4,0,1,PHANTOM_ONLY
FUN_06046B3C,0x06046B38,4,0,REAL_FIRE
FUN_06046B64,0x06046B60,2,0,REAL_FIRE
FUN_06046B70,0x06046B6C,3,2,REAL_FIRE
FUN_06046BD4,0x06046BD0,8,0,REAL_FIRE
FUN_06046BF4,0x06046BF0,5,0,REAL_FIRE
FUN_06046C14,0x06046C10,3,0,REAL_FIRE
FUN_06046C30,0x06046C2C,0,0,SILENT
FUN_06046CD0,0x06046CCC,0,0,SILENT
FUN_06046CF0,0x06046CEC,0,0,SILENT
FUN_06046D10,0x06046D0C,1,0,REAL_FIRE
FUN_06046D30,0x06046D2C,2,1,REAL_FIRE
FUN_06046D78,0x06046D74,4,1,REAL_FIRE
FUN_06046D98,0x06046D94,1,0,REAL_FIRE
FUN_06046E0E,0x06046E0A,2,1,REAL_FIRE
FUN_06046E64,0x06046E60,0,0,SILENT
FUN_06046EBC,0x06046EB8,1,0,REAL_FIRE
FUN_06046FD4,0x06046FD0,1,0,REAL_FIRE
FUN_06047014,0x06047010,1,1,REAL_FIRE
FUN_06047078,0x06047074,1,0,REAL_FIRE
FUN_0604708C,0x06047088,0,1,PHANTOM_ONLY
FUN_060470A8,0x060470A4,0,0,SILENT
FUN_060470C4,0x060470C0,0,0,SILENT
FUN_060470D6,0x060470D2,0,0,SILENT
FUN_060470EC,0x060470E8,0,0,SILENT
FUN_060470FE,0x060470FA,0,0,SILENT
FUN_06047114,0x06047110,0,0,SILENT
FUN_06047118,0x06047114,0,0,SILENT
FUN_06047140,0x0604713C,0,0,SILENT
FUN_06047184,0x06047180,1,0,REAL_FIRE
FUN_060471DC,0x060471D8,1,0,REAL_FIRE
FUN_060471F0,0x060471EC,0,1,PHANTOM_ONLY
FUN_0604720C,0x06047208,1,0,REAL_FIRE
FUN_06047228,0x06047224,0,1,PHANTOM_ONLY
FUN_0604723A,0x06047236,0,0,SILENT
FUN_06047250,0x0604724C,1,0,REAL_FIRE
FUN_06047262,0x0604725E,0,1,PHANTOM_ONLY
FUN_06047278,0x06047274,0,0,SILENT
FUN_0604727C,0x06047278,2,0,REAL_FIRE
FUN_0604728E,0x0604728A,2,2,REAL_FIRE
FUN_060472CC,0x060472C8,1,0,REAL_FIRE
FUN_06047548,0x06047544,1,0,REAL_FIRE
FUN_06047588,0x06047584,3,0,REAL_FIRE
FUN_06047670,0x0604766C,3,1,REAL_FIRE
FUN_060476D0,0x060476CC,5,1,REAL_FIRE
FUN_06047748,0x06047744,3,0,REAL_FIRE
FUN_06047770,0x0604776C,0,0,SILENT
FUN_060477B4,0x060477B0,2,0,REAL_FIRE
FUN_060477D4,0x060477D0,3,0,REAL_FIRE
FUN_060477FC,0x060477F8,3,3,REAL_FIRE
FUN_06047866,0x06047862,0,3,PHANTOM_ONLY
FUN_060478B8,0x060478B4,0,0,SILENT
FUN_0604791A,0x06047916,0,0,SILENT
FUN_0604796C,0x06047968,3,0,REAL_FIRE
FUN_06047986,0x06047982,8,0,REAL_FIRE
FUN_060479A0,0x0604799C,0,0,SILENT
FUN_060479D6,0x060479D2,2,0,REAL_FIRE
FUN_06047A08,0x06047A04,0,0,SILENT
FUN_06047A84,0x06047A80,2,0,REAL_FIRE
FUN_06047AE0,0x06047ADC,2,0,REAL_FIRE
FUN_06047B00,0x06047AFC,2,0,REAL_FIRE
FUN_06047B34,0x06047B30,0,2,PHANTOM_ONLY
FUN_06047B90,0x06047B8C,1,0,REAL_FIRE
FUN_06047C64,0x06047C60,0,0,SILENT
FUN_06047C68,0x06047C64,0,0,SILENT
FUN_06047D20,0x06047D1C,10,0,REAL_FIRE
FUN_06047D34,0x06047D30,0,0,SILENT
FUN_06047D3C,0x06047D38,10,0,REAL_FIRE
FUN_06047D50,0x06047D4C,0,0,SILENT
FUN_06047D68,0x06047D64,0,0,SILENT
FUN_06047D84,0x06047D80,0,0,SILENT
FUN_06047DBC,0x06047DB8,0,0,SILENT
FUN_06047DF0,0x06047DEC,0,0,SILENT
FUN_06047E0C,0x06047E08,17,0,REAL_FIRE
FUN_06047E9C,0x06047E98,0,0,SILENT
FUN_06047EF0,0x06047EEC,0,0,SILENT
FUN_06047F18,0x06047F14,0,0,SILENT
FUN_06047F5C,0x06047F58,0,0,SILENT
FUN_06047F70,0x06047F6C,0,0,SILENT
FUN_06047FC8,0x06047FC4,0,0,SILENT
FUN_06048010,0x0604800C,0,0,SILENT
FUN_06048050,0x0604804C,0,0,SILENT
FUN_0604805C,0x06048058,0,0,SILENT
FUN_060480C4,0x060480C0,0,0,SILENT
FUN_060480D6,0x060480D2,0,0,SILENT
FUN_06048160,0x0604815C,0,0,SILENT
FUN_06048180,0x0604817C,10,0,REAL_FIRE
FUN_0604818C,0x06048188,0,0,SILENT
FUN_060481A8,0x060481A4,0,0,SILENT
FUN_060481FC,0x060481F8,0,0,SILENT
FUN_06048248,0x06048244,1,0,REAL_FIRE
FUN_06048254,0x06048250,1,0,REAL_FIRE
FUN_06048278,0x06048274,5,0,REAL_FIRE
FUN_0604828C,0x06048288,5,0,REAL_FIRE
FUN_060482A8,0x060482A4,10,0,REAL_FIRE
FUN_060482F8,0x060482F4,5,0,REAL_FIRE
FUN_0604C740,0x0604C73C,0,0,SILENT
FUN_0604C76C,0x0604C768,0,0,SILENT
FUN_0604C7A4,0x0604C7A0,0,0,SILENT
FUN_0604C824,0x0604C820,0,0,SILENT
FUN_0604C88C,0x0604C888,10,0,REAL_FIRE
FUN_0604C954,0x0604C950,0,0,SILENT
FUN_0604CA34,0x0604CA30,0,0,SILENT
FUN_0604CAD4,0x0604CAD0,0,0,SILENT
FUN_0604CAEC,0x0604CAE8,0,0,SILENT
FUN_0604CBA4,0x0604CBA0,0,0,SILENT
FUN_0604CE64,0x0604CE60,4,0,REAL_FIRE
FUN_0604CEF0,0x0604CEEC,4,0,REAL_FIRE
FUN_0604CF44,0x0604CF40,0,0,SILENT
FUN_0604CFE8,0x0604CFE4,4,0,REAL_FIRE
FUN_0604D380,0x0604D37C,0,0,SILENT
FUN_0604DD04,0x0604D388,0,0,SILENT
FUN_0604DD34,0x0604D3B8,1,0,REAL_FIRE
FUN_0604DD46,0x0604D3CA,2,0,REAL_FIRE
FUN_0604DD4A,0x0604D3CE,2,0,REAL_FIRE
FUN_0604DE2C,0x0604D4B0,0,0,SILENT
FUN_0604E0F6,0x0604D532,0,0,SILENT
